999
dxfrw 0.6.3
  0
SECTION
  2
HEADER
  9
$ACADVER
  1
AC1021
  9
$DWGCODEPAGE
  3
ANSI_1252
  9
$INSBASE
 10
0
 20
0
 30
0
  9
$EXTMIN
 10
3.8061894640498
 20
-3.531192959224091
 30
0
  9
$EXTMAX
 10
14.14504212239291
 20
4.711081431751406
 30
0
  9
$LIMMIN
 10
0
 20
0
  9
$LIMMAX
 10
12
 20
9
  9
$ORTHOMODE
 70
    0
  9
$REGENMODE
 70
    1
  9
$FILLMODE
 70
    1
  9
$QTEXTMODE
 70
    0
  9
$MIRRTEXT
 70
    1
  9
$LTSCALE
 40
0.0254
  9
$ATTMODE
 70
    1
  9
$TEXTSIZE
 40
0.2
  9
$TRACEWID
 40
0.05
  9
$TEXTSTYLE
  7
STANDARD
  9
$CLAYER
  8
0
  9
$CELTYPE
  6
BYLAYER
  9
$CECOLOR
 62
  256
  9
$CELTSCALE
 40
1
  9
$DISPSILH
 70
    0
  9
$DIMSCALE
 40
1
  9
$DIMASZ
 40
0.18
  9
$DIMEXO
 40
0.0625
  9
$DIMDLI
 40
0.38
  9
$DIMRND
 40
0
  9
$DIMDLE
 40
0
  9
$DIMEXE
 40
0.18
  9
$DIMTP
 40
0
  9
$DIMTM
 40
0
  9
$DIMTXT
 40
0.18
  9
$DIMCEN
 40
0.09
  9
$DIMTSZ
 40
0
  9
$DIMTOL
 70
    0
  9
$DIMLIM
 70
    0
  9
$DIMTIH
 70
    1
  9
$DIMTOH
 70
    1
  9
$DIMSE1
 70
    0
  9
$DIMSE2
 70
    0
  9
$DIMTAD
 70
    0
  9
$DIMZIN
 70
    0
  9
$DIMBLK
  1

  9
$DIMASO
 70
    1
  9
$DIMSHO
 70
    1
  9
$DIMPOST
  1

  9
$DIMAPOST
  1

  9
$DIMALT
 70
    0
  9
$DIMALTD
 70
    2
  9
$DIMALTF
 40
25.4
  9
$DIMLFAC
 40
1
  9
$DIMTOFL
 70
    0
  9
$DIMTVP
 40
0
  9
$DIMTIX
 70
    0
  9
$DIMSOXD
 70
    0
  9
$DIMSAH
 70
    0
  9
$DIMBLK1
  1

  9
$DIMBLK2
  1

  9
$DIMSTYLE
  2
STANDARD
  9
$DIMCLRD
 70
    0
  9
$DIMCLRE
 70
    0
  9
$DIMCLRT
 70
    0
  9
$DIMTFAC
 40
1
  9
$DIMGAP
 40
0.09
  9
$DIMJUST
 70
    0
  9
$DIMSD1
 70
    0
  9
$DIMSD2
 70
    0
  9
$DIMTOLJ
 70
    1
  9
$DIMTZIN
 70
    0
  9
$DIMALTZ
 70
    0
  9
$DIMALTTZ
 70
    0
  9
$DIMUPT
 70
    0
  9
$DIMDEC
 70
    4
  9
$DIMTDEC
 70
    4
  9
$DIMALTU
 70
    2
  9
$DIMALTTD
 70
    2
  9
$DIMTXSTY
  7
STANDARD
  9
$DIMAUNIT
 70
    0
  9
$DIMADEC
 70
    0
  9
$DIMALTRND
 40
0
  9
$DIMAZIN
 70
    0
  9
$DIMDSEP
 70
   44
  9
$DIMATFIT
 70
    3
  9
$DIMFRAC
 70
    0
  9
$DIMLDRBLK
  1
STANDARD
  9
$DIMLUNIT
 70
    2
  9
$DIMLWD
 70
   -2
  9
$DIMLWE
 70
   -2
  9
$DIMTMOVE
 70
    0
  9
$DIMFXL
 40
1
  9
$DIMFXLON
 70
    0
  9
$DIMJOGANG
 40
0.7854
  9
$DIMTFILL
 70
    0
  9
$DIMTFILLCLR
 70
    0
  9
$DIMARCSYM
 70
    0
  9
$DIMLTYPE
  6

  9
$DIMLTEX1
  6

  9
$DIMLTEX2
  6

  9
$LUNITS
 70
    2
  9
$LUPREC
 70
    4
  9
$SKETCHINC
 40
0.1
  9
$FILLETRAD
 40
0
  9
$AUNITS
 70
    0
  9
$AUPREC
 70
    0
  9
$MENU
  1
.
  9
$ELEVATION
 40
0
  9
$PELEVATION
 40
0
  9
$THICKNESS
 40
0
  9
$LIMCHECK
 70
    0
  9
$CHAMFERA
 40
0
  9
$CHAMFERB
 40
0
  9
$CHAMFERC
 40
0
  9
$CHAMFERD
 40
0
  9
$SKPOLY
 70
    0
  9
$USRTIMER
 70
    1
  9
$ANGBASE
 50
0
  9
$ANGDIR
 70
    0
  9
$PDMODE
 70
    0
  9
$PDSIZE
 40
0
  9
$PLINEWID
 40
0
  9
$SPLFRAME
 70
    0
  9
$SPLINETYPE
 70
    6
  9
$SPLINESEGS
 70
    8
  9
$HANDSEED
  5
20000
  9
$SURFTAB1
 70
    6
  9
$SURFTAB2
 70
    6
  9
$SURFTYPE
 70
    6
  9
$SURFU
 70
    6
  9
$SURFV
 70
    6
  9
$UCSBASE
  2

  9
$UCSNAME
  2

  9
$UCSORG
 10
0
 20
0
 30
0
  9
$UCSXDIR
 10
1
 20
0
 30
0
  9
$UCSYDIR
 10
0
 20
1
 30
0
  9
$UCSORTHOREF
  2

  9
$UCSORTHOVIEW
 70
    0
  9
$UCSORGTOP
 10
0
 20
0
 30
0
  9
$UCSORGBOTTOM
 10
0
 20
0
 30
0
  9
$UCSORGLEFT
 10
0
 20
0
 30
0
  9
$UCSORGRIGHT
 10
0
 20
0
 30
0
  9
$UCSORGFRONT
 10
0
 20
0
 30
0
  9
$UCSORGBACK
 10
0
 20
0
 30
0
  9
$PUCSBASE
  2

  9
$PUCSNAME
  2

  9
$PUCSORG
 10
0
 20
0
 30
0
  9
$PUCSXDIR
 10
1
 20
0
 30
0
  9
$PUCSYDIR
 10
0
 20
1
 30
0
  9
$PUCSORTHOREF
  2

  9
$PUCSORTHOVIEW
 70
    0
  9
$PUCSORGTOP
 10
0
 20
0
 30
0
  9
$PUCSORGBOTTOM
 10
0
 20
0
 30
0
  9
$PUCSORGLEFT
 10
0
 20
0
 30
0
  9
$PUCSORGRIGHT
 10
0
 20
0
 30
0
  9
$PUCSORGFRONT
 10
0
 20
0
 30
0
  9
$PUCSORGBACK
 10
0
 20
0
 30
0
  9
$USERI1
 70
    0
  9
$USERI2
 70
    0
  9
$USERI3
 70
    0
  9
$USERI4
 70
    0
  9
$USERI5
 70
    0
  9
$USERR1
 40
0
  9
$USERR2
 40
0
  9
$USERR3
 40
0
  9
$USERR4
 40
0
  9
$USERR5
 40
0
  9
$WORLDVIEW
 70
    1
  9
$SHADEDGE
 70
    3
  9
$SHADEDIF
 70
   70
  9
$TILEMODE
 70
    1
  9
$MAXACTVP
 70
   64
  9
$PINSBASE
 10
0
 20
0
 30
0
  9
$PLIMCHECK
 70
    0
  9
$PEXTMIN
 10
1e+20
 20
1e+20
 30
1e+20
  9
$PEXTMAX
 10
-1e+20
 20
-1e+20
 30
-1e+20
  9
$GRIDMODE
 70
    0
  9
$SNAPSTYLE
 70
    0
  9
$PLIMMIN
 10
0
 20
0
  9
$PLIMMAX
 10
12
 20
9
  9
$UNITMODE
 70
    0
  9
$VISRETAIN
 70
    1
  9
$PLINEGEN
 70
    0
  9
$PSLTSCALE
 70
    1
  9
$TREEDEPTH
 70
 3020
  9
$CMLSTYLE
  2
STANDARD
  9
$CMLJUST
 70
    0
  9
$CMLSCALE
 40
1
  9
$PROXYGRAPHICS
 70
    1
  9
$MEASUREMENT
 70
    1
  9
$CELWEIGHT
370
   -1
  9
$ENDCAPS
280
    0
  9
$JOINSTYLE
280
    0
  9
$LWDISPLAY
290
    0
  9
$INSUNITS
 70
    4
  9
$HYPERLINKBASE
  1

  9
$STYLESHEET
  1

  9
$XEDIT
290
    1
  9
$CEPSNTYPE
380
    0
  9
$PSTYLEMODE
290
    1
  9
$EXTNAMES
290
    1
  9
$PSVPSCALE
 40
1
  9
$OLESTARTUP
290
    0
  9
$SORTENTS
280
  127
  9
$INDEXCTL
280
    0
  9
$HIDETEXT
280
    1
  9
$XCLIPFRAME
290
    0
  9
$HALOGAP
280
    0
  9
$OBSCOLOR
 70
  257
  9
$OBSLTYPE
280
    0
  9
$INTERSECTIONDISPLAY
280
    0
  9
$INTERSECTIONCOLOR
 70
  257
  9
$DIMASSOC
280
    1
  9
$PROJECTNAME
  1

  9
$CAMERADISPLAY
290
    0
  9
$LENSLENGTH
 40
50
  9
$CAMERAHEIGHT
 40
0
  9
$STEPSPERSEC
 40
2
  9
$STEPSIZE
 40
50
  9
$3DDWFPREC
 40
2
  9
$PSOLWIDTH
 40
5
  9
$PSOLHEIGHT
 40
80
  9
$LOFTANG1
 40
1.570796326794897
  9
$LOFTANG2
 40
1.570796326794897
  9
$LOFTMAG1
 40
0
  9
$LOFTMAG2
 40
0
  9
$LOFTPARAM
 70
    7
  9
$LOFTNORMALS
280
    1
  9
$LATITUDE
 40
1
  9
$LONGITUDE
 40
1
  9
$NORTHDIRECTION
 40
0
  9
$TIMEZONE
 70
-8000
  9
$LIGHTGLYPHDISPLAY
280
    1
  9
$TILEMODELIGHTSYNCH
280
    1
  9
$SOLIDHIST
280
    1
  9
$SHOWHIST
280
    1
  9
$DWFFRAME
280
    2
  9
$DGNFRAME
280
    0
  9
$REALWORLDSCALE
290
    1
  9
$INTERFERECOLOR
 62
    1
  9
$CSHADOW
280
    0
  9
$SHADOWPLANELOCATION
 40
0
  0
ENDSEC
  0
SECTION
  2
CLASSES
  0
ENDSEC
  0
SECTION
  2
TABLES
  0
TABLE
  2
VPORT
  5
8
330
0
100
AcDbSymbolTable
 70
    1
  0
VPORT
  5
31
330
2
100
AcDbSymbolTableRecord
100
AcDbViewportTableRecord
  2
*ACTIVE
 70
    0
 10
0
 20
0
 11
1
 21
1
 12
10.67506868250655
 22
4.388208814133818
 13
0
 23
0
 14
10
 24
10
 15
10
 25
10
 16
0
 26
0
 36
1
 17
0
 27
0
 37
0
 40
14.78235463657441
 41
1.665792922673657
 42
50
 43
0
 44
0
 50
0
 51
0
 71
    0
 72
  100
 73
    1
 74
    3
 75
    0
 76
    0
 77
    0
 78
    0
281
    0
 65
    1
110
0
120
0
130
0
111
1
121
0
131
0
112
0
122
1
132
0
 79
    0
146
0
348
10020
 60
    7
 61
    5
292
1
282
    1
141
0
142
0
 63
  250
421
3358443
  0
ENDTAB
  0
TABLE
  2
LTYPE
  5
5
330
0
100
AcDbSymbolTable
 70
    4
  0
LTYPE
  5
14
330
5
100
AcDbSymbolTableRecord
100
AcDbLinetypeTableRecord
  2
ByBlock
 70
    0
  3

 72
   65
 73
    0
 40
0
  0
LTYPE
  5
15
330
5
100
AcDbSymbolTableRecord
100
AcDbLinetypeTableRecord
  2
ByLayer
 70
    0
  3

 72
   65
 73
    0
 40
0
  0
LTYPE
  5
16
330
5
100
AcDbSymbolTableRecord
100
AcDbLinetypeTableRecord
  2
Continuous
 70
    0
  3
Solid line
 72
   65
 73
    0
 40
0
  0
LTYPE
  5
32
330
5
100
AcDbSymbolTableRecord
100
AcDbLinetypeTableRecord
  2
DOT
 70
    0
  3
Dot . . . . . . . . . . . . . . . . . . . . . .
 72
   65
 73
    2
 40
6.35
 49
0
 74
    0
 49
-6.35
 74
    0
  0
LTYPE
  5
33
330
5
100
AcDbSymbolTableRecord
100
AcDbLinetypeTableRecord
  2
DOTTINY
 70
    0
  3
Dot (.15x) .....................................
 72
   65
 73
    2
 40
0.9525
 49
0
 74
    0
 49
-0.9525
 74
    0
  0
LTYPE
  5
34
330
5
100
AcDbSymbolTableRecord
100
AcDbLinetypeTableRecord
  2
DOT2
 70
    0
  3
Dot (.5x) .....................................
 72
   65
 73
    2
 40
3.175
 49
0
 74
    0
 49
-3.175
 74
    0
  0
LTYPE
  5
35
330
5
100
AcDbSymbolTableRecord
100
AcDbLinetypeTableRecord
  2
DOTX2
 70
    0
  3
Dot (2x) .  .  .  .  .  .  .  .  .  .  .  .  .
 72
   65
 73
    2
 40
12.7
 49
0
 74
    0
 49
-12.7
 74
    0
  0
LTYPE
  5
36
330
5
100
AcDbSymbolTableRecord
100
AcDbLinetypeTableRecord
  2
DASHED
 70
    0
  3
Dashed _ _ _ _ _ _ _ _ _ _ _ _ _ _ _ _ _
 72
   65
 73
    2
 40
19.05
 49
12.7
 74
    0
 49
-6.35
 74
    0
  0
LTYPE
  5
37
330
5
100
AcDbSymbolTableRecord
100
AcDbLinetypeTableRecord
  2
DASHEDTINY
 70
    0
  3
Dashed (.15x) _ _ _ _ _ _ _ _ _ _ _ _ _ _ _ _ _
 72
   65
 73
    2
 40
2.8575
 49
1.905
 74
    0
 49
-0.9525
 74
    0
  0
LTYPE
  5
38
330
5
100
AcDbSymbolTableRecord
100
AcDbLinetypeTableRecord
  2
DASHED2
 70
    0
  3
Dashed (.5x) _ _ _ _ _ _ _ _ _ _ _ _ _ _ _ _ _
 72
   65
 73
    2
 40
9.524999999999999
 49
6.35
 74
    0
 49
-3.175
 74
    0
  0
LTYPE
  5
39
330
5
100
AcDbSymbolTableRecord
100
AcDbLinetypeTableRecord
  2
DASHEDX2
 70
    0
  3
Dashed (2x) ____  ____  ____  ____  ____  ___
 72
   65
 73
    2
 40
38.09999999999999
 49
25.4
 74
    0
 49
-12.7
 74
    0
  0
LTYPE
  5
3A
330
5
100
AcDbSymbolTableRecord
100
AcDbLinetypeTableRecord
  2
DASHDOT
 70
    0
  3
Dash dot __ . __ . __ . __ . __ . __ . __ . __
 72
   65
 73
    4
 40
25.4
 49
12.7
 74
    0
 49
-6.35
 74
    0
 49
0
 74
    0
 49
-6.35
 74
    0
  0
LTYPE
  5
3B
330
5
100
AcDbSymbolTableRecord
100
AcDbLinetypeTableRecord
  2
DASHDOTTINY
 70
    0
  3
Dash dot (.15x) _._._._._._._._._._._._._._._.
 72
   65
 73
    4
 40
3.81
 49
1.905
 74
    0
 49
-0.9525
 74
    0
 49
0
 74
    0
 49
-0.9525
 74
    0
  0
LTYPE
  5
3C
330
5
100
AcDbSymbolTableRecord
100
AcDbLinetypeTableRecord
  2
DASHDOT2
 70
    0
  3
Dash dot (.5x) _._._._._._._._._._._._._._._.
 72
   65
 73
    4
 40
12.7
 49
6.35
 74
    0
 49
-3.175
 74
    0
 49
0
 74
    0
 49
-3.175
 74
    0
  0
LTYPE
  5
3D
330
5
100
AcDbSymbolTableRecord
100
AcDbLinetypeTableRecord
  2
DASHDOTX2
 70
    0
  3
Dash dot (2x) ____  .  ____  .  ____  .  ___
 72
   65
 73
    4
 40
50.8
 49
25.4
 74
    0
 49
-12.7
 74
    0
 49
0
 74
    0
 49
-12.7
 74
    0
  0
LTYPE
  5
3E
330
5
100
AcDbSymbolTableRecord
100
AcDbLinetypeTableRecord
  2
DIVIDE
 70
    0
  3
Divide ____ . . ____ . . ____ . . ____ . . ____
 72
   65
 73
    6
 40
31.75
 49
12.7
 74
    0
 49
-6.35
 74
    0
 49
0
 74
    0
 49
-6.35
 74
    0
 49
0
 74
    0
 49
-6.35
 74
    0
  0
LTYPE
  5
3F
330
5
100
AcDbSymbolTableRecord
100
AcDbLinetypeTableRecord
  2
DIVIDETINY
 70
    0
  3
Divide (.15x) __..__..__..__..__..__..__..__.._
 72
   65
 73
    6
 40
4.7625
 49
1.905
 74
    0
 49
-0.9525
 74
    0
 49
0
 74
    0
 49
-0.9525
 74
    0
 49
0
 74
    0
 49
-0.9525
 74
    0
  0
LTYPE
  5
40
330
5
100
AcDbSymbolTableRecord
100
AcDbLinetypeTableRecord
  2
DIVIDE2
 70
    0
  3
Divide (.5x) __..__..__..__..__..__..__..__.._
 72
   65
 73
    6
 40
15.875
 49
6.35
 74
    0
 49
-3.175
 74
    0
 49
0
 74
    0
 49
-3.175
 74
    0
 49
0
 74
    0
 49
-3.175
 74
    0
  0
LTYPE
  5
41
330
5
100
AcDbSymbolTableRecord
100
AcDbLinetypeTableRecord
  2
DIVIDEX2
 70
    0
  3
Divide (2x) ________  .  .  ________  .  .  _
 72
   65
 73
    6
 40
63.5
 49
25.4
 74
    0
 49
-12.7
 74
    0
 49
0
 74
    0
 49
-12.7
 74
    0
 49
0
 74
    0
 49
-12.7
 74
    0
  0
LTYPE
  5
42
330
5
100
AcDbSymbolTableRecord
100
AcDbLinetypeTableRecord
  2
BORDER
 70
    0
  3
Border __ __ . __ __ . __ __ . __ __ . __ __ .
 72
   65
 73
    6
 40
44.45
 49
12.7
 74
    0
 49
-6.35
 74
    0
 49
12.7
 74
    0
 49
-6.35
 74
    0
 49
0
 74
    0
 49
-6.35
 74
    0
  0
LTYPE
  5
43
330
5
100
AcDbSymbolTableRecord
100
AcDbLinetypeTableRecord
  2
BORDERTINY
 70
    0
  3
Border (.15x) __.__.__.__.__.__.__.__.__.__.__.
 72
   65
 73
    6
 40
6.6675
 49
1.905
 74
    0
 49
-0.9525
 74
    0
 49
1.905
 74
    0
 49
-0.9525
 74
    0
 49
0
 74
    0
 49
-0.9525
 74
    0
  0
LTYPE
  5
44
330
5
100
AcDbSymbolTableRecord
100
AcDbLinetypeTableRecord
  2
BORDER2
 70
    0
  3
Border (.5x) __.__.__.__.__.__.__.__.__.__.__.
 72
   65
 73
    6
 40
22.225
 49
6.35
 74
    0
 49
-3.175
 74
    0
 49
6.35
 74
    0
 49
-3.175
 74
    0
 49
0
 74
    0
 49
-3.175
 74
    0
  0
LTYPE
  5
45
330
5
100
AcDbSymbolTableRecord
100
AcDbLinetypeTableRecord
  2
BORDERX2
 70
    0
  3
Border (2x) ____  ____  .  ____  ____  .  ___
 72
   65
 73
    6
 40
88.89999999999999
 49
25.4
 74
    0
 49
-12.7
 74
    0
 49
25.4
 74
    0
 49
-12.7
 74
    0
 49
0
 74
    0
 49
-12.7
 74
    0
  0
LTYPE
  5
46
330
5
100
AcDbSymbolTableRecord
100
AcDbLinetypeTableRecord
  2
CENTER
 70
    0
  3
Center ____ _ ____ _ ____ _ ____ _ ____ _ ____
 72
   65
 73
    4
 40
50.8
 49
31.75
 74
    0
 49
-6.35
 74
    0
 49
6.35
 74
    0
 49
-6.35
 74
    0
  0
LTYPE
  5
47
330
5
100
AcDbSymbolTableRecord
100
AcDbLinetypeTableRecord
  2
CENTERTINY
 70
    0
  3
Center (.15x) ___ _ ___ _ ___ _ ___ _ ___ _ ___
 72
   65
 73
    4
 40
7.619999999999999
 49
4.7625
 74
    0
 49
-0.9525
 74
    0
 49
0.9525
 74
    0
 49
-0.9525
 74
    0
  0
LTYPE
  5
48
330
5
100
AcDbSymbolTableRecord
100
AcDbLinetypeTableRecord
  2
CENTER2
 70
    0
  3
Center (.5x) ___ _ ___ _ ___ _ ___ _ ___ _ ___
 72
   65
 73
    4
 40
28.575
 49
19.05
 74
    0
 49
-3.175
 74
    0
 49
3.175
 74
    0
 49
-3.175
 74
    0
  0
LTYPE
  5
49
330
5
100
AcDbSymbolTableRecord
100
AcDbLinetypeTableRecord
  2
CENTERX2
 70
    0
  3
Center (2x) ________  __  ________  __  _____
 72
   65
 73
    4
 40
101.6
 49
63.5
 74
    0
 49
-12.7
 74
    0
 49
12.7
 74
    0
 49
-12.7
 74
    0
  0
ENDTAB
  0
TABLE
  2
LAYER
  5
2
330
0
100
AcDbSymbolTable
 70
    1
  0
LAYER
  5
10
330
2
100
AcDbSymbolTableRecord
100
AcDbLayerTableRecord
  2
0
 70
    0
 62
    7
  6
CONTINUOUS
370
   -3
390
F
  0
LAYER
  5
4A
330
2
100
AcDbSymbolTableRecord
100
AcDbLayerTableRecord
  2
h01_r01
 70
    0
 62
    7
  6
CONTINUOUS
370
    0
390
F
  0
LAYER
  5
4B
330
2
100
AcDbSymbolTableRecord
100
AcDbLayerTableRecord
  2
h01_z01
 70
    0
 62
   56
420
8421376
  6
CONTINUOUS
370
    0
390
F
  0
ENDTAB
  0
TABLE
  2
STYLE
  5
3
330
0
100
AcDbSymbolTable
 70
    3
  0
STYLE
  5
4C
330
2
100
AcDbSymbolTableRecord
100
AcDbTextStyleTableRecord
  2
Standard
 70
    0
 40
0
 41
1
 50
0
 71
    0
 42
1
  3
txt
  4

  0
ENDTAB
  0
TABLE
  2
VIEW
  5
6
330
0
100
AcDbSymbolTable
 70
    0
  0
ENDTAB
  0
TABLE
  2
UCS
  5
7
330
0
100
AcDbSymbolTable
 70
    0
  0
ENDTAB
  0
TABLE
  2
APPID
  5
9
330
0
100
AcDbSymbolTable
 70
    1
  0
APPID
  5
12
330
9
100
AcDbSymbolTableRecord
100
AcDbRegAppTableRecord
  2
ACAD
 70
    0
  0
APPID
  5
4D
330
9
100
AcDbSymbolTableRecord
100
AcDbRegAppTableRecord
  2
LibreCad
 70
    0
  0
ENDTAB
  0
TABLE
  2
DIMSTYLE
  5
A
330
0
100
AcDbSymbolTable
 70
    1
100
AcDbDimStyleTable
 71
    1
  0
DIMSTYLE
105
4E
330
A
100
AcDbSymbolTableRecord
100
AcDbDimStyleTableRecord
  2
Standard
 70
    0
 40
1
 41
0.18
 42
0.0625
 43
0.38
 44
0.18
 45
0
 46
0
 47
0
 48
0
 49
1
140
0.18
141
0.09
142
0
143
25.4
144
1
145
0
146
1
147
0.09
148
0
 71
    0
 72
    0
 73
    1
 74
    1
 75
    0
 76
    0
 77
    0
 78
    0
 79
    0
170
    0
171
    2
172
    0
173
    0
174
    0
175
    0
176
    0
177
    0
178
    0
179
    0
271
    4
272
    4
273
    2
274
    2
275
    0
276
    0
277
    2
278
   44
279
    0
280
    0
281
    0
282
    0
283
    1
284
    0
285
    0
286
    0
288
    0
289
    3
340
4C
  0
ENDTAB
  0
TABLE
  2
BLOCK_RECORD
  5
1
330
0
100
AcDbSymbolTable
 70
    2
  0
BLOCK_RECORD
  5
1F
330
1
100
AcDbSymbolTableRecord
100
AcDbBlockTableRecord
  2
*Model_Space
 70
    0
280
    1
281
    0
  0
BLOCK_RECORD
  5
1E
330
1
100
AcDbSymbolTableRecord
100
AcDbBlockTableRecord
  2
*Paper_Space
 70
    0
280
    1
281
    0
  0
BLOCK_RECORD
  5
4F
330
1
100
AcDbSymbolTableRecord
100
AcDbBlockTableRecord
  2
TEDDY
 70
    0
280
    1
281
    0
  0
BLOCK_RECORD
  5
52
330
1
100
AcDbSymbolTableRecord
100
AcDbBlockTableRecord
  2
B18D_DWG
 70
    0
280
    1
281
    0
  0
BLOCK_RECORD
  5
55
330
1
100
AcDbSymbolTableRecord
100
AcDbBlockTableRecord
  2
BLOCK_1
 70
    0
280
    1
281
    0
  0
BLOCK_RECORD
  5
58
330
1
100
AcDbSymbolTableRecord
100
AcDbBlockTableRecord
  2
B18D_DXF
 70
    0
280
    1
281
    0
  0
BLOCK_RECORD
  5
5B
330
1
100
AcDbSymbolTableRecord
100
AcDbBlockTableRecord
  2
ZONE_1
 70
    0
280
    1
281
    0
  0
BLOCK_RECORD
  5
5E
330
1
100
AcDbSymbolTableRecord
100
AcDbBlockTableRecord
  2
ZONE_2
 70
    0
280
    1
281
    0
  0
BLOCK_RECORD
  5
61
330
1
100
AcDbSymbolTableRecord
100
AcDbBlockTableRecord
  2
GROUP6_1
 70
    0
280
    1
281
    0
  0
BLOCK_RECORD
  5
64
330
1
100
AcDbSymbolTableRecord
100
AcDbBlockTableRecord
  2
GROUP3_1
 70
    0
280
    1
281
    0
  0
BLOCK_RECORD
  5
67
330
1
100
AcDbSymbolTableRecord
100
AcDbBlockTableRecord
  2
GROUP9_1
 70
    0
280
    1
281
    0
  0
BLOCK_RECORD
  5
6A
330
1
100
AcDbSymbolTableRecord
100
AcDbBlockTableRecord
  2
GROUP2_1
 70
    0
280
    1
281
    0
  0
BLOCK_RECORD
  5
6D
330
1
100
AcDbSymbolTableRecord
100
AcDbBlockTableRecord
  2
GROUP5_1
 70
    0
280
    1
281
    0
  0
BLOCK_RECORD
  5
70
330
1
100
AcDbSymbolTableRecord
100
AcDbBlockTableRecord
  2
GROUP7_1
 70
    0
280
    1
281
    0
  0
BLOCK_RECORD
  5
73
330
1
100
AcDbSymbolTableRecord
100
AcDbBlockTableRecord
  2
GROUP4_1
 70
    0
280
    1
281
    0
  0
BLOCK_RECORD
  5
76
330
1
100
AcDbSymbolTableRecord
100
AcDbBlockTableRecord
  2
GROUP8_1
 70
    0
280
    1
281
    0
  0
BLOCK_RECORD
  5
79
330
1
100
AcDbSymbolTableRecord
100
AcDbBlockTableRecord
  2
GROUP1_1
 70
    0
280
    1
281
    0
  0
BLOCK_RECORD
  5
7C
330
1
100
AcDbSymbolTableRecord
100
AcDbBlockTableRecord
  2
GROUP10_1
 70
    0
280
    1
281
    0
  0
BLOCK_RECORD
  5
7F
330
1
100
AcDbSymbolTableRecord
100
AcDbBlockTableRecord
  2
GROUP_1
 70
    0
280
    1
281
    0
  0
ENDTAB
  0
ENDSEC
  0
SECTION
  2
BLOCKS
  0
BLOCK
  5
20
330
1F
100
AcDbEntity
  8
0
100
AcDbBlockBegin
  2
*Model_Space
 70
    0
 10
0
 20
0
 30
0
  3
*Model_Space
  1

  0
ENDBLK
  5
21
330
1F
100
AcDbEntity
  8
0
100
AcDbBlockEnd
  0
BLOCK
  5
1C
330
1B
100
AcDbEntity
  8
0
100
AcDbBlockBegin
  2
*Paper_Space
 70
    0
 10
0
 20
0
 30
0
  3
*Paper_Space
  1

  0
ENDBLK
  5
1D
330
1F
100
AcDbEntity
  8
0
100
AcDbBlockEnd
  0
BLOCK
  5
50
330
4F
100
AcDbEntity
  8
0
100
AcDbBlockBegin
  2
TEDDY
 70
    0
 10
0
 20
0
  3
TEDDY
  1

  0
LWPOLYLINE
  5
82
100
AcDbEntity
  8
0
  6
ByLayer
 62
    0
370
   -1
100
AcDbPolyline
 90
    2
 70
    0
 43
0
 10
-0.09070673997650321
 20
3.7e-15
 10
-0.087775433256074
 20
3.7e-15
  0
LINE
  5
83
100
AcDbEntity
  8
0
  6
ByLayer
 62
    0
370
   -1
100
AcDbLine
 10
0.1690567389671071
 20
6.6e-15
 11
0.1815857356703011
 21
6e-15
  0
LINE
  5
84
100
AcDbEntity
  8
0
  6
ByLayer
 62
    0
370
   -1
100
AcDbLine
 10
0.1551624422678874
 20
3.9e-15
 11
0.1690567389671071
 21
6.6e-15
  0
LINE
  5
85
100
AcDbEntity
  8
0
  6
ByLayer
 62
    0
370
   -1
100
AcDbLine
 10
0.1430019599531395
 20
4.9e-15
 11
0.1551624422678874
 21
3.9e-15
  0
LINE
  5
86
100
AcDbEntity
  8
0
  6
ByLayer
 62
    0
370
   -1
100
AcDbLine
 10
0.1289487486247717
 20
3e-15
 11
0.1430019599531395
 21
4.9e-15
  0
LINE
  5
87
100
AcDbEntity
  8
0
  6
ByLayer
 62
    0
370
   -1
100
AcDbLine
 10
0.1150499597514727
 20
3.7e-15
 11
0.1289487486247717
 21
3e-15
  0
LINE
  5
88
100
AcDbEntity
  8
0
  6
ByLayer
 62
    0
370
   -1
100
AcDbLine
 10
0.1011063732115309
 20
1.9e-15
 11
0.1150499597514727
 21
3.7e-15
  0
LINE
  5
89
100
AcDbEntity
  8
0
  6
ByLayer
 62
    0
370
   -1
100
AcDbLine
 10
0.1000120406071533
 20
5.9e-15
 11
0.1011063732115309
 21
1.9e-15
  0
LINE
  5
8A
100
AcDbEntity
  8
0
  6
ByLayer
 62
    0
370
   -1
100
AcDbLine
 10
0.1252629694150629
 20
3e-15
 11
0.1000120406071533
 21
5.9e-15
  0
LINE
  5
8B
100
AcDbEntity
  8
0
  6
ByLayer
 62
    0
370
   -1
100
AcDbLine
 10
0.1585941954414781
 20
5.1e-15
 11
0.1252629694150629
 21
3e-15
  0
LINE
  5
8C
100
AcDbEntity
  8
0
  6
ByLayer
 62
    0
370
   -1
100
AcDbLine
 10
0.1815857356703011
 20
6e-15
 11
0.1585941954414781
 21
5.1e-15
  0
LINE
  5
8D
100
AcDbEntity
  8
0
  6
ByLayer
 62
    0
370
   -1
100
AcDbLine
 10
0.1690567389671071
 20
6.6e-15
 11
0.1815857356703011
 21
6e-15
  0
LINE
  5
8E
100
AcDbEntity
  8
0
  6
ByLayer
 62
    0
370
   -1
100
AcDbLine
 10
0.1815857356703011
 20
6e-15
 11
0.1585941954414781
 21
5.1e-15
  0
LINE
  5
8F
100
AcDbEntity
  8
0
  6
ByLayer
 62
    0
370
   -1
100
AcDbLine
 10
0.1585941954414781
 20
5.1e-15
 11
0.1252629694150629
 21
3e-15
  0
LINE
  5
90
100
AcDbEntity
  8
0
  6
ByLayer
 62
    0
370
   -1
100
AcDbLine
 10
0.1252629694150629
 20
3e-15
 11
0.1000120406071533
 21
5.9e-15
  0
LINE
  5
91
100
AcDbEntity
  8
0
  6
ByLayer
 62
    0
370
   -1
100
AcDbLine
 10
0.1000120406071533
 20
5.9e-15
 11
0.1011063732115309
 21
1.9e-15
  0
LINE
  5
92
100
AcDbEntity
  8
0
  6
ByLayer
 62
    0
370
   -1
100
AcDbLine
 10
0.1011063732115309
 20
1.9e-15
 11
0.1150499597514727
 21
3.7e-15
  0
LINE
  5
93
100
AcDbEntity
  8
0
  6
ByLayer
 62
    0
370
   -1
100
AcDbLine
 10
0.1150499597514727
 20
3.7e-15
 11
0.1289487486247717
 21
3e-15
  0
LINE
  5
94
100
AcDbEntity
  8
0
  6
ByLayer
 62
    0
370
   -1
100
AcDbLine
 10
0.1289487486247717
 20
3e-15
 11
0.1430019599531395
 21
4.9e-15
  0
LINE
  5
95
100
AcDbEntity
  8
0
  6
ByLayer
 62
    0
370
   -1
100
AcDbLine
 10
0.1430019599531395
 20
4.9e-15
 11
0.1551624422678874
 21
3.9e-15
  0
LINE
  5
96
100
AcDbEntity
  8
0
  6
ByLayer
 62
    0
370
   -1
100
AcDbLine
 10
0.1551624422678874
 20
3.9e-15
 11
0.1690567389671071
 21
6.6e-15
  0
ENDBLK
  5
51
330
4F
100
AcDbEntity
  8
0
100
AcDbBlockEnd
  0
BLOCK
  5
53
330
52
100
AcDbEntity
  8
0
100
AcDbBlockBegin
  2
B18D_DWG
 70
    0
 10
0
 20
0
  3
B18D_DWG
  1

  0
LINE
  5
97
100
AcDbEntity
  8
0
  6
ByLayer
 62
    7
370
   -1
100
AcDbLine
 10
49.34936078158214
 20
24.05933690624786
 11
49.72805574513801
 21
24.05933690624786
  0
LINE
  5
98
100
AcDbEntity
  8
0
  6
ByLayer
 62
    7
370
   -1
100
AcDbLine
 10
49.72805574513801
 20
24.05933690624786
 11
49.72805574513801
 21
23.68064194269236
  0
LINE
  5
99
100
AcDbEntity
  8
0
  6
ByLayer
 62
    7
370
   -1
100
AcDbLine
 10
49.72805574513801
 20
23.68064194269236
 11
49.34936078158214
 21
23.68064194269236
  0
LINE
  5
9A
100
AcDbEntity
  8
0
  6
ByLayer
 62
    7
370
   -1
100
AcDbLine
 10
49.34936078158214
 20
23.68064194269236
 11
49.34936078158214
 21
24.05933690624786
  0
LINE
  5
9B
100
AcDbEntity
  8
0
  6
ByLayer
 62
    7
370
   -1
100
AcDbLine
 10
61.34936078158218
 20
24.05933690624786
 11
61.72805574513713
 21
24.05933690624786
  0
LINE
  5
9C
100
AcDbEntity
  8
0
  6
ByLayer
 62
    7
370
   -1
100
AcDbLine
 10
61.72805574513713
 20
24.05933690624786
 11
61.72805574513713
 21
23.68064194269236
  0
LINE
  5
9D
100
AcDbEntity
  8
0
  6
ByLayer
 62
    7
370
   -1
100
AcDbLine
 10
61.72805574513713
 20
23.68064194269236
 11
61.34936078158218
 21
23.68064194269236
  0
LINE
  5
9E
100
AcDbEntity
  8
0
  6
ByLayer
 62
    7
370
   -1
100
AcDbLine
 10
61.34936078158218
 20
23.68064194269236
 11
61.34936078158218
 21
24.05933690624786
  0
LINE
  5
9F
100
AcDbEntity
  8
0
  6
ByLayer
 62
    7
370
   -1
100
AcDbLine
 10
49.2231291270629
 20
23.80687359721091
 11
49.34936078158214
 21
23.80687359721091
  0
LINE
  5
A0
100
AcDbEntity
  8
0
  6
ByLayer
 62
    6
370
   -1
100
AcDbLine
 10
49.72805574513801
 20
23.80687359721091
 11
55.34936078158216
 21
23.80687359721091
  0
LINE
  5
A1
100
AcDbEntity
  8
0
  6
ByLayer
 62
    7
370
   -1
100
AcDbLine
 10
58.88821343992507
 20
23.80687359721091
 11
61.34936078158218
 21
23.80687359721091
  0
LINE
  5
A2
100
AcDbEntity
  8
0
  6
ByLayer
 62
    7
370
   -1
100
AcDbLine
 10
61.72805574513713
 20
23.80687359721091
 11
64.87585428735902
 21
23.80687359721091
  0
LINE
  5
A3
100
AcDbEntity
  8
0
  6
ByLayer
 62
    7
370
   -1
100
AcDbLine
 10
64.87585428735902
 20
23.80687359721091
 11
67.34936078158221
 21
23.80687359721091
  0
LINE
  5
A4
100
AcDbEntity
  8
0
  6
ByLayer
 62
    7
370
   -1
100
AcDbLine
 10
49.2231291270629
 20
23.93310525172941
 11
49.34936078158214
 21
23.93310525172941
  0
LINE
  5
A5
100
AcDbEntity
  8
0
  6
ByLayer
 62
    7
370
   -1
100
AcDbLine
 10
49.72805574513801
 20
23.93310525172941
 11
53.14936078158225
 21
23.93310525172941
  0
LINE
  5
A6
100
AcDbEntity
  8
0
  6
ByLayer
 62
    7
370
   -1
100
AcDbLine
 10
57.32805574513712
 20
23.93310525172941
 11
59.43821343992514
 21
23.93310525172932
  0
LINE
  5
A7
100
AcDbEntity
  8
0
  6
ByLayer
 62
    7
370
   -1
100
AcDbLine
 10
60.33821343992518
 20
23.93310525172941
 11
61.34936078158218
 21
23.93310525172941
  0
LINE
  5
A8
100
AcDbEntity
  8
0
  6
ByLayer
 62
    7
370
   -1
100
AcDbLine
 10
61.72805574513713
 20
23.93310525172941
 11
64.87585428735902
 21
23.93310525172941
  0
LINE
  5
A9
100
AcDbEntity
  8
0
  6
ByLayer
 62
    7
370
   -1
100
AcDbLine
 10
64.87585428735902
 20
23.93310525172941
 11
67.34936078158221
 21
23.93310525172941
  0
LINE
  5
AA
100
AcDbEntity
  8
0
  6
ByLayer
 62
    7
370
   -1
100
AcDbLine
 10
49.2231291270629
 20
23.80687359721091
 11
49.2231291270629
 21
24.9429584878776
  0
LINE
  5
AB
100
AcDbEntity
  8
0
  6
ByLayer
 62
    7
370
   -1
100
AcDbLine
 10
48.08704423639713
 20
23.80687359721091
 11
48.08704423639713
 21
23.93310525172941
  0
LINE
  5
AC
100
AcDbEntity
  8
0
  6
ByLayer
 62
    7
370
   -1
100
AcDbLine
 10
48.09407888540046
 20
23.93310525173144
 11
46.82472769121102
 21
23.93310525172941
  0
LINE
  5
AD
100
AcDbEntity
  8
0
  6
ByLayer
 62
    7
370
   -1
100
AcDbLine
 10
46.82472769121102
 20
23.93310525172941
 11
48.08704423639713
 21
23.93310525172941
  0
LINE
  5
AE
100
AcDbEntity
  8
0
  6
ByLayer
 62
    7
370
   -1
100
AcDbLine
 10
48.08704423639713
 20
23.93310525172941
 11
48.09407888540046
 21
23.93310525173144
  0
LINE
  5
AF
100
AcDbEntity
  8
0
  6
ByLayer
 62
    7
370
   -1
100
AcDbLine
 10
48.09407888540046
 20
23.93310525173144
 11
46.71318336271005
 21
23.93310525172941
  0
LINE
  5
B0
100
AcDbEntity
  8
0
  6
ByLayer
 62
    7
370
   -1
100
AcDbLine
 10
49.34936078158214
 20
24.69049517884055
 11
49.34936078158214
 21
23.93310525172941
  0
LINE
  5
B1
100
AcDbEntity
  8
0
  6
ByLayer
 62
    7
370
   -1
100
AcDbLine
 10
46.75500152990203
 20
23.93310525172941
 11
43.62971613052703
 21
23.93310525172941
  0
LINE
  5
B2
100
AcDbEntity
  8
0
  6
ByLayer
 62
    7
370
   -1
100
AcDbLine
 10
46.74796688089815
 20
23.93310525172941
 11
46.75500152990203
 21
23.93310525172941
  0
LINE
  5
B3
100
AcDbEntity
  8
0
  6
ByLayer
 62
    7
370
   -1
100
AcDbLine
 10
46.51649221792418
 20
23.93310525172941
 11
46.51649221792418
 21
24.9349052517294
  0
LINE
  5
B4
100
AcDbEntity
  8
0
  6
ByLayer
 62
    7
370
   -1
100
AcDbLine
 10
47.27388214503408
 20
23.93310525172941
 11
47.27388214503519
 21
25.03310525172941
  0
LINE
  5
B5
100
AcDbEntity
  8
0
  6
ByLayer
 62
    7
370
   -1
100
AcDbLine
 10
46.89518718147913
 20
23.93310525172941
 11
46.89518718147913
 21
25.03310525172932
  0
LINE
  5
B6
100
AcDbEntity
  8
0
  6
ByLayer
 62
    7
370
   -1
100
AcDbLine
 10
47.65257710859014
 20
23.93310525172941
 11
47.65257710859014
 21
25.03310525172932
  0
LINE
  5
B7
100
AcDbEntity
  8
0
  6
ByLayer
 62
    7
370
   -1
100
AcDbLine
 10
48.02338908392097
 20
23.93310525172941
 11
48.02338908392097
 21
25.03310525172932
  0
LINE
  5
B8
100
AcDbEntity
  8
0
  6
ByLayer
 62
    7
370
   -1
100
AcDbLine
 10
49.34936078158214
 20
23.93310525172941
 11
49.34936078158214
 21
25.03310525172941
  0
LINE
  5
B9
100
AcDbEntity
  8
0
  6
ByLayer
 62
    1
370
   -1
100
AcDbLine
 10
57.63409177734822
 20
25.77472343451173
 11
57.63409177734822
 21
25.34625526920539
  0
LINE
  5
BA
100
AcDbEntity
  8
0
  6
ByLayer
 62
    1
370
   -1
100
AcDbLine
 10
57.63409177734822
 20
25.34625526920539
 11
56.99184730460405
 21
25.34625526920539
  0
LINE
  5
BB
100
AcDbEntity
  8
0
  6
ByLayer
 62
    1
370
   -1
100
AcDbLine
 10
56.99184730460405
 20
25.34625526920539
 11
56.99184730460405
 21
25.77472343451173
  0
LINE
  5
BC
100
AcDbEntity
  8
0
  6
ByLayer
 62
    1
370
   -1
100
AcDbLine
 10
56.99184730460405
 20
25.77472343451173
 11
57.63409177734822
 21
25.77472343451173
  0
LINE
  5
BD
100
AcDbEntity
  8
0
  6
ByLayer
 62
    1
370
   -1
100
AcDbLine
 10
55.07707455325117
 20
26.00454004321627
 11
55.07707455325117
 21
25.04612465964835
  0
LINE
  5
BE
100
AcDbEntity
  8
0
  6
ByLayer
 62
    1
370
   -1
100
AcDbLine
 10
55.07707455325117
 20
25.04612465964835
 11
54.66017904482696
 21
25.04612465964835
  0
LINE
  5
BF
100
AcDbEntity
  8
0
  6
ByLayer
 62
    1
370
   -1
100
AcDbLine
 10
54.66017904482696
 20
25.04612465964835
 11
54.66017904482696
 21
26.00454004321627
  0
LINE
  5
C0
100
AcDbEntity
  8
0
  6
ByLayer
 62
    1
370
   -1
100
AcDbLine
 10
54.66017904482696
 20
26.00454004321627
 11
55.07707455325117
 21
26.00454004321627
  0
LINE
  5
C1
100
AcDbEntity
  8
0
  6
ByLayer
 62
    1
370
   -1
100
AcDbLine
 10
57.63409177734822
 20
25.61042918105306
 11
57.83259344683206
 21
25.61042918105306
  0
LINE
  5
C2
100
AcDbEntity
  8
0
  6
ByLayer
 62
    1
370
   -1
100
AcDbLine
 10
57.83259344683206
 20
25.49702475468479
 11
57.63409177734822
 21
25.49702475468479
  0
LINE
  5
C3
100
AcDbEntity
  8
0
  6
ByLayer
 62
    7
370
   -1
100
AcDbLine
 10
46.51649221792418
 20
23.93310525172941
 11
46.51649221792418
 21
25.03310525172941
  0
LINE
  5
C4
100
AcDbEntity
  8
0
  6
ByLayer
 62
    7
370
   -1
100
AcDbLine
 10
46.51649221792418
 20
25.03310525172941
 11
49.34936078158214
 21
25.03310525172941
  0
LINE
  5
C5
100
AcDbEntity
  8
0
  6
ByLayer
 62
    1
370
   -1
100
AcDbLine
 10
54.22727434665317
 20
24.93270919104189
 11
54.22727434665317
 21
26.13270919104189
  0
LINE
  5
C6
100
AcDbEntity
  8
0
  6
ByLayer
 62
    1
370
   -1
100
AcDbLine
 10
54.22727434665317
 20
26.13270919104189
 11
57.22727434665308
 21
26.13270919104189
  0
LINE
  5
C7
100
AcDbEntity
  8
0
  6
ByLayer
 62
    1
370
   -1
100
AcDbLine
 10
58.47727434665311
 20
24.93270919104189
 11
54.22727434665317
 21
24.93270919104189
  0
LINE
  5
C8
100
AcDbEntity
  8
0
  6
ByLayer
 62
    1
370
   -1
100
AcDbLine
 10
54.22727434665317
 20
26.13270919104189
 11
58.47727434665311
 21
26.13270919104189
  0
LINE
  5
C9
100
AcDbEntity
  8
0
  6
ByLayer
 62
    1
370
   -1
100
AcDbLine
 10
58.47727434665311
 20
26.13270919104189
 11
58.47727434665311
 21
24.93270919104189
  0
LINE
  5
CA
100
AcDbEntity
  8
0
  6
ByLayer
 62
    7
370
   -1
100
AcDbLine
 10
43.91649221792427
 20
25.63310525172941
 11
44.91649221792417
 21
25.63310525172941
  0
LINE
  5
CB
100
AcDbEntity
  8
0
  6
ByLayer
 62
    7
370
   -1
100
AcDbLine
 10
44.91649221792417
 20
25.63310525172941
 11
44.91649221792417
 21
25.03310525172941
  0
LINE
  5
CC
100
AcDbEntity
  8
0
  6
ByLayer
 62
    7
370
   -1
100
AcDbLine
 10
44.91649221792417
 20
25.03310525172941
 11
43.91649221792427
 21
25.03310525172941
  0
LINE
  5
CD
100
AcDbEntity
  8
0
  6
ByLayer
 62
    7
370
   -1
100
AcDbLine
 10
43.91649221792427
 20
25.03310525172941
 11
43.91649221792427
 21
25.63310525172941
  0
LINE
  5
CE
100
AcDbEntity
  8
0
  6
ByLayer
 62
    7
370
   -1
100
AcDbLine
 10
49.72805574513801
 20
23.93310525172941
 11
55.34936078158216
 21
23.93310525172941
  0
LINE
  5
CF
100
AcDbEntity
  8
0
  6
ByLayer
 62
    7
370
   -1
100
AcDbLine
 10
55.72805574513711
 20
23.93310525172941
 11
59.43821343992514
 21
23.93310525172932
  0
LINE
  5
D0
100
AcDbEntity
  8
0
  6
ByLayer
 62
    7
370
   -1
100
AcDbLine
 10
60.33821343992518
 20
23.93310525172941
 11
60.91260753447106
 21
23.93310525172941
  0
LINE
  5
D1
100
AcDbEntity
  8
0
  6
ByLayer
 62
    3
370
   -1
100
AcDbLine
 10
57.51695332295705
 20
26.33270919104189
 11
57.51695332295705
 21
24.73473790631864
  0
LINE
  5
D2
100
AcDbEntity
  8
0
  6
ByLayer
 62
    3
370
   -1
100
AcDbLine
 10
57.51695332295705
 20
24.73473790631864
 11
52.848304710621
 21
24.73473790631864
  0
LINE
  5
D3
100
AcDbEntity
  8
0
  6
ByLayer
 62
    3
370
   -1
100
AcDbLine
 10
52.848304710621
 20
24.73473790631864
 11
52.848304710621
 21
26.33270919104189
  0
LINE
  5
D4
100
AcDbEntity
  8
0
  6
ByLayer
 62
    1
370
   -1
100
AcDbLine
 10
64.62053148308317
 20
24.89946306820547
 11
60.92053148308218
 21
24.89946306820547
  0
LINE
  5
D5
100
AcDbEntity
  8
0
  6
ByLayer
 62
    1
370
   -1
100
AcDbLine
 10
60.92053148308218
 20
24.89946306820547
 11
60.92053148308218
 21
26.12946306820548
  0
LINE
  5
D6
100
AcDbEntity
  8
0
  6
ByLayer
 62
    3
370
   -1
100
AcDbLine
 10
60.72053148308319
 20
24.7347379063185
 11
60.72053148308319
 21
26.33270919104175
  0
LINE
  5
D7
100
AcDbEntity
  8
0
  6
ByLayer
 62
    1
370
   -1
100
AcDbLine
 10
60.92053148308218
 20
26.12946306820548
 11
64.62053148308317
 21
26.12946306820548
  0
LINE
  5
D8
100
AcDbEntity
  8
0
  6
ByLayer
 62
    1
370
   -1
100
AcDbLine
 10
64.62053148308317
 20
26.12946306820548
 11
64.62053148308317
 21
24.89946306820547
  0
LINE
  5
D9
100
AcDbEntity
  8
0
  6
ByLayer
 62
    3
370
   -1
100
AcDbLine
 10
64.82053148308307
 20
26.33270919104175
 11
64.82053148308307
 21
24.7347379063185
  0
LINE
  5
DA
100
AcDbEntity
  8
0
  6
ByLayer
 62
    3
370
   -1
100
AcDbLine
 10
52.848304710621
 20
26.33270919104189
 11
57.51695332295705
 21
26.33270919104189
  0
LINE
  5
DB
100
AcDbEntity
  8
0
  6
ByLayer
 62
    7
370
   -1
100
AcDbLine
 10
45.78456846410616
 20
26.9331052517296
 11
45.78456846410616
 21
23.93310525172941
  0
LINE
  5
DC
100
AcDbEntity
  8
0
  6
ByLayer
 62
    1
370
   -1
100
AcDbLine
 10
50.5540186182981
 20
26.36854479319316
 11
51.90401861829817
 21
26.36854479319334
  0
LINE
  5
DD
100
AcDbEntity
  8
0
  6
ByLayer
 62
    1
370
   -1
100
AcDbLine
 10
50.5540186182981
 20
24.92854479319316
 11
51.90401861829817
 21
24.9285447931933
  0
LINE
  5
DE
100
AcDbEntity
  8
0
  6
ByLayer
 62
    1
370
   -1
100
AcDbLine
 10
51.90401861829817
 20
26.36854479319334
 11
51.90401861829817
 21
24.9285447931933
  0
LINE
  5
DF
100
AcDbEntity
  8
0
  6
ByLayer
 62
    1
370
   -1
100
AcDbLine
 10
50.5540186182981
 20
26.36854479319316
 11
50.5540186182981
 21
24.92854479319316
  0
LINE
  5
E0
100
AcDbEntity
  8
0
  6
ByLayer
 62
    1
370
   -1
100
AcDbLine
 10
51.22901861829805
 20
26.36854479319316
 11
52.22901861829814
 21
26.36854479319316
  0
LINE
  5
E1
100
AcDbEntity
  8
0
  6
ByLayer
 62
    1
370
   -1
100
AcDbLine
 10
50.22901861829813
 20
26.36854479319316
 11
50.22901861829813
 21
24.92854479319302
  0
LINE
  5
E2
100
AcDbEntity
  8
0
  6
ByLayer
 62
    1
370
   -1
100
AcDbLine
 10
52.22901861829814
 20
26.36854479319316
 11
52.22901861829814
 21
24.92854479319316
  0
LINE
  5
E3
100
AcDbEntity
  8
0
  6
ByLayer
 62
    1
370
   -1
100
AcDbLine
 10
52.22901861829814
 20
24.92854479319316
 11
50.22901861829813
 21
24.92854479319302
  0
LINE
  5
E4
100
AcDbEntity
  8
0
  6
ByLayer
 62
    1
370
   -1
100
AcDbLine
 10
50.22901861829813
 20
26.36854479319316
 11
51.22901861829805
 21
26.36854479319316
  0
LINE
  5
E5
100
AcDbEntity
  8
0
  6
ByLayer
 62
    3
370
   -1
100
AcDbLine
 10
50.35401861829801
 20
24.7285447931933
 11
52.10401861829808
 21
24.7285447931933
  0
LINE
  5
E6
100
AcDbEntity
  8
0
  6
ByLayer
 62
    3
370
   -1
100
AcDbLine
 10
52.10401861829808
 20
26.5685447931933
 11
50.35401861829801
 21
26.5685447931933
  0
LINE
  5
E7
100
AcDbEntity
  8
0
  6
ByLayer
 62
    3
370
   -1
100
AcDbLine
 10
50.35401861829801
 20
24.7285447931933
 11
50.35401861829801
 21
26.5685447931933
  0
LINE
  5
E8
100
AcDbEntity
  8
0
  6
ByLayer
 62
    3
370
   -1
100
AcDbLine
 10
52.10401861829808
 20
26.5685447931933
 11
52.10401861829808
 21
24.7285447931933
  0
LINE
  5
E9
100
AcDbEntity
  8
0
  6
ByLayer
 62
    3
370
   -1
100
AcDbLine
 10
57.51695332295705
 20
26.33270919104189
 11
58.91695332295715
 21
26.33270919104189
  0
LINE
  5
EA
100
AcDbEntity
  8
0
  6
ByLayer
 62
    3
370
   -1
100
AcDbLine
 10
58.91695332295715
 20
26.33270919104189
 11
58.91695332295715
 21
24.73473790631864
  0
LINE
  5
EB
100
AcDbEntity
  8
0
  6
ByLayer
 62
    3
370
   -1
100
AcDbLine
 10
57.51695332295705
 20
24.73473790631864
 11
58.91695332295715
 21
24.73473790631864
  0
LINE
  5
EC
100
AcDbEntity
  8
0
  6
ByLayer
 62
    7
370
   -1
100
AcDbLine
 10
55.34936078158216
 20
24.05933690624786
 11
55.72805574513711
 21
24.05933690624786
  0
LINE
  5
ED
100
AcDbEntity
  8
0
  6
ByLayer
 62
    7
370
   -1
100
AcDbLine
 10
55.72805574513711
 20
24.05933690624786
 11
55.72805574513711
 21
23.68064194269236
  0
LINE
  5
EE
100
AcDbEntity
  8
0
  6
ByLayer
 62
    7
370
   -1
100
AcDbLine
 10
55.72805574513711
 20
23.68064194269236
 11
55.34936078158216
 21
23.68064194269236
  0
LINE
  5
EF
100
AcDbEntity
  8
0
  6
ByLayer
 62
    7
370
   -1
100
AcDbLine
 10
55.34936078158216
 20
23.68064194269236
 11
55.34936078158216
 21
24.05933690624786
  0
LINE
  5
F0
100
AcDbEntity
  8
0
  6
ByLayer
 62
    3
370
   -1
100
AcDbLine
 10
64.82053148308307
 20
24.7347379063185
 11
60.72053148308319
 21
24.7347379063185
  0
LINE
  5
F1
100
AcDbEntity
  8
0
  6
ByLayer
 62
    3
370
   -1
100
AcDbLine
 10
64.82053148308307
 20
26.33270919104175
 11
60.72053148308319
 21
26.33270919104175
  0
LINE
  5
F2
100
AcDbEntity
  8
0
  6
ByLayer
 62
    1
370
   -1
100
AcDbLine
 10
61.22053148308213
 20
24.89946306820547
 11
61.22053148308213
 21
26.12946306820548
  0
LINE
  5
F3
100
AcDbEntity
  8
0
  6
ByLayer
 62
    1
370
   -1
100
AcDbLine
 10
61.69053148308213
 20
24.89946306820547
 11
61.69053148308306
 21
24.68885415307831
  0
LINE
  5
F4
100
AcDbEntity
  8
0
  6
ByLayer
 62
    5
370
   -1
100
AcDbLine
 10
61.99053148308209
 20
24.89946306820547
 11
61.99053148308209
 21
24.66342031948096
  0
LINE
  5
F5
100
AcDbEntity
  8
0
  6
ByLayer
 62
   60
370
   -1
100
AcDbLine
 10
45.78456846410616
 20
26.9331052517296
 11
83.94948350106904
 21
26.9331052517296
  0
LINE
  5
F6
100
AcDbEntity
  8
0
  6
ByLayer
 62
    7
370
   -1
100
AcDbLine
 10
67.4887082633591
 20
23.68064194269236
 11
67.4887082633591
 21
13.26564194269221
  0
LINE
  5
F7
100
AcDbEntity
  8
0
  6
ByLayer
 62
    7
370
   -1
100
AcDbLine
 10
67.4887082633591
 20
12.36115313679135
 11
67.4887082633591
 21
12.35013074859303
  0
LINE
  5
F8
100
AcDbEntity
  8
0
  6
ByLayer
 62
    7
370
   -1
100
AcDbLine
 10
67.4887082633591
 20
11.44564194269218
 11
67.4887082633591
 21
8.218694963555798
  0
LINE
  5
F9
100
AcDbEntity
  8
0
  6
ByLayer
 62
    7
370
   -1
100
AcDbLine
 10
67.48870826336002
 20
7.839999999999972
 11
67.4887082633591
 21
5.890000000000035
  0
LINE
  5
FA
100
AcDbEntity
  8
0
  6
ByLayer
 62
    7
370
   -1
100
AcDbLine
 10
67.58870826335915
 20
23.68064194269236
 11
67.58870826335915
 21
13.26564194269221
  0
LINE
  5
FB
100
AcDbEntity
  8
0
  6
ByLayer
 62
    7
370
   -1
100
AcDbLine
 10
67.58870826335915
 20
11.44564194269218
 11
67.58870826335915
 21
8.218694963555798
  0
LINE
  5
FC
100
AcDbEntity
  8
0
  6
ByLayer
 62
    7
370
   -1
100
AcDbLine
 10
67.58870826336008
 20
7.839999999999972
 11
67.58870826335915
 21
5.889999999999943
  0
LINE
  5
FD
100
AcDbEntity
  8
0
  6
ByLayer
 62
    7
370
   -1
100
AcDbLine
 10
67.34936078158221
 20
24.05933690624786
 11
67.72805574513697
 21
24.05933690624786
  0
LINE
  5
FE
100
AcDbEntity
  8
0
  6
ByLayer
 62
    7
370
   -1
100
AcDbLine
 10
67.72805574513697
 20
24.05933690624786
 11
67.72805574513697
 21
23.68064194269236
  0
LINE
  5
FF
100
AcDbEntity
  8
0
  6
ByLayer
 62
    7
370
   -1
100
AcDbLine
 10
67.72805574513697
 20
23.68064194269236
 11
67.34936078158221
 21
23.68064194269236
  0
LINE
  5
100
100
AcDbEntity
  8
0
  6
ByLayer
 62
    7
370
   -1
100
AcDbLine
 10
67.34936078158221
 20
23.68064194269236
 11
67.34936078158221
 21
24.05933690624786
  0
LINE
  5
101
100
AcDbEntity
  8
0
  6
ByLayer
 62
    7
370
   -1
100
AcDbLine
 10
58.93821343992509
 20
21.83064194269233
 11
58.93821343992509
 21
24.06076784681748
  0
LINE
  5
102
100
AcDbEntity
  8
0
  6
ByLayer
 62
    6
370
   -1
100
AcDbLine
 10
58.88821343992507
 20
23.68064194269236
 11
58.88821343992507
 21
21.68064194269222
  0
LINE
  5
103
100
AcDbEntity
  8
0
  6
ByLayer
 62
    6
370
   -1
100
AcDbLine
 10
60.83821343992505
 20
21.78064194269235
 11
60.83821343992505
 21
20.33058638542201
  0
LINE
  5
104
100
AcDbEntity
  8
0
  6
ByLayer
 62
    6
370
   -1
100
AcDbLine
 10
60.83821343992505
 20
19.43064194269232
 11
60.83821343992505
 21
15.88064194269205
  0
LINE
  5
105
100
AcDbEntity
  8
0
  6
ByLayer
 62
    7
370
   -1
100
AcDbLine
 10
67.39779071467306
 20
24.56558453892304
 11
67.39779071467233
 21
20.82068670699098
  0
LINE
  5
106
100
AcDbEntity
  8
0
  6
ByLayer
 62
    6
370
   -1
100
AcDbLine
 10
49.48586428494217
 20
23.68064194269236
 11
49.48586428494217
 21
23.35492012957936
  0
LINE
  5
107
100
AcDbEntity
  8
0
  6
ByLayer
 62
    6
370
   -1
100
AcDbLine
 10
49.72805574513801
 20
23.68064194269236
 11
55.34936078158216
 21
23.68064194269236
  0
LINE
  5
108
100
AcDbEntity
  8
0
  6
ByLayer
 62
    6
370
   -1
100
AcDbLine
 10
55.72805574513711
 20
23.68064194269236
 11
58.88821343992507
 21
23.68064194269236
  0
LINE
  5
109
100
AcDbEntity
  8
0
  6
ByLayer
 62
   60
370
   -1
100
AcDbLine
 10
45.78456846410616
 20
26.9331052517296
 11
45.78456846410616
 21
29.93310525172966
  0
LINE
  5
10A
100
AcDbEntity
  8
0
  6
ByLayer
 62
   60
370
   -1
100
AcDbLine
 10
45.78456846410616
 20
29.93310525172966
 11
85.15513220890112
 21
29.93310525172966
  0
LINE
  5
10B
100
AcDbEntity
  8
0
  6
ByLayer
 62
    6
370
   -1
100
AcDbLine
 10
49.48586428494217
 20
23.68064194269236
 11
49.48586428494217
 21
23.30064194269233
  0
LINE
  5
10C
100
AcDbEntity
  8
0
  6
ByLayer
 62
    6
370
   -1
100
AcDbLine
 10
49.48586428494217
 20
23.30064194269233
 11
49.61586428494208
 21
23.30064194269233
  0
LINE
  5
10D
100
AcDbEntity
  8
0
  6
ByLayer
 62
    7
370
   -1
100
AcDbLine
 10
49.48586428494217
 20
23.30064194269233
 11
50.38586428494222
 21
23.30064194269233
  0
LINE
  5
10E
100
AcDbEntity
  8
0
  6
ByLayer
 62
    6
370
   -1
100
AcDbLine
 10
49.48586428494217
 20
22.40064194269233
 11
49.48586428494217
 21
17.97064194269235
  0
LINE
  5
10F
100
AcDbEntity
  8
0
  6
ByLayer
 62
    5
370
   -1
100
AcDbLine
 10
49.48586428494217
 20
17.97064194269235
 11
49.48586428494217
 21
15.92564194269236
  0
LINE
  5
110
100
AcDbEntity
  8
0
  6
ByLayer
 62
    7
370
   -1
100
AcDbLine
 10
49.48586428494217
 20
15.98064194269219
 11
49.58586428494221
 21
15.98064194269219
  0
LINE
  5
111
100
AcDbEntity
  8
0
  6
ByLayer
 62
    6
370
   -1
100
AcDbLine
 10
49.58586428494221
 20
17.97064194269235
 11
49.58586428494221
 21
22.40621475169235
  0
LINE
  5
112
100
AcDbEntity
  8
0
  6
ByLayer
 62
    6
370
   -1
100
AcDbLine
 10
49.58586428494221
 20
23.30064194269233
 11
49.58586428494221
 21
23.68064194269236
  0
LINE
  5
113
100
AcDbEntity
  8
0
  6
ByLayer
 62
    6
370
   -1
100
AcDbLine
 10
58.88821343992507
 20
23.68064194269236
 11
58.7882134399252
 21
23.68064194269236
  0
LINE
  5
114
100
AcDbEntity
  8
0
  6
ByLayer
 62
    5
370
   -1
100
AcDbLine
 10
49.58586428494221
 20
17.97064194269235
 11
49.58586428494221
 21
15.92564194269236
  0
LINE
  5
115
100
AcDbEntity
  8
0
  6
ByLayer
 62
    7
370
   -1
100
AcDbLine
 10
49.58586428494221
 20
15.98064194269219
 11
49.58586428494221
 21
15.88064194269219
  0
LINE
  5
116
100
AcDbEntity
  8
0
  6
ByLayer
 62
    7
370
   -1
100
AcDbLine
 10
49.58586428494221
 20
15.88064194269219
 11
49.48586428494217
 21
15.88064194269219
  0
LINE
  5
117
100
AcDbEntity
  8
0
  6
ByLayer
 62
    7
370
   -1
100
AcDbLine
 10
49.48586428494217
 20
15.88064194269219
 11
49.48586428494217
 21
15.98064194269219
  0
LINE
  5
118
100
AcDbEntity
  8
0
  6
ByLayer
 62
    5
370
   -1
100
AcDbLine
 10
49.58586428494221
 20
15.98064194269219
 11
53.34805574513707
 21
15.98064194269219
  0
LINE
  5
119
100
AcDbEntity
  8
0
  6
ByLayer
 62
    7
370
   -1
100
AcDbLine
 10
53.34805574513707
 20
15.98064194269219
 11
53.34805574513707
 21
15.88064194269219
  0
LINE
  5
11A
100
AcDbEntity
  8
0
  6
ByLayer
 62
    5
370
   -1
100
AcDbLine
 10
53.34805574513707
 20
15.88064194269219
 11
49.58586428494221
 21
15.88064194269219
  0
LINE
  5
11B
100
AcDbEntity
  8
0
  6
ByLayer
 62
    7
370
   -1
100
AcDbLine
 10
53.34805574513707
 20
15.98064194269219
 11
53.44805574513713
 21
15.98064194269219
  0
LINE
  5
11C
100
AcDbEntity
  8
0
  6
ByLayer
 62
    7
370
   -1
100
AcDbLine
 10
53.44805574513713
 20
15.98064194269219
 11
53.44805574513713
 21
15.88064194269219
  0
LINE
  5
11D
100
AcDbEntity
  8
0
  6
ByLayer
 62
    7
370
   -1
100
AcDbLine
 10
53.44805574513713
 20
15.88064194269219
 11
53.34805574513707
 21
15.88064194269219
  0
LINE
  5
11E
100
AcDbEntity
  8
0
  6
ByLayer
 62
    5
370
   -1
100
AcDbLine
 10
56.38805574513712
 20
15.98064194269219
 11
58.78821343992409
 21
15.98064194269219
  0
LINE
  5
11F
100
AcDbEntity
  8
0
  6
ByLayer
 62
    5
370
   -1
100
AcDbLine
 10
58.78821343992409
 20
15.88064194269219
 11
56.38805574513712
 21
15.88064194269219
  0
LINE
  5
120
100
AcDbEntity
  8
0
  6
ByLayer
 62
    7
370
   -1
100
AcDbLine
 10
58.78821343992409
 20
15.98064194269219
 11
59.36821343992403
 21
15.98064194269219
  0
LINE
  5
121
100
AcDbEntity
  8
0
  6
ByLayer
 62
    7
370
   -1
100
AcDbLine
 10
60.26821343992408
 20
15.98064194269219
 11
60.83821343992505
 21
15.98064194269219
  0
LINE
  5
122
100
AcDbEntity
  8
0
  6
ByLayer
 62
    7
370
   -1
100
AcDbLine
 10
58.78821343992409
 20
15.98064194269219
 11
58.78821343992409
 21
15.88064194269219
  0
LINE
  5
123
100
AcDbEntity
  8
0
  6
ByLayer
 62
    6
370
   -1
100
AcDbLine
 10
58.78821343992409
 20
15.88064194269219
 11
59.36821343992403
 21
15.88064194269219
  0
LINE
  5
124
100
AcDbEntity
  8
0
  6
ByLayer
 62
    6
370
   -1
100
AcDbLine
 10
60.26264063092406
 20
15.88064194269219
 11
60.83821343992505
 21
15.88064194269205
  0
LINE
  5
125
100
AcDbEntity
  8
0
  6
ByLayer
 62
    7
370
   -1
100
AcDbLine
 10
58.78821343992409
 20
16.95314194269221
 11
58.78821343992409
 21
15.98064194269219
  0
LINE
  5
126
100
AcDbEntity
  8
0
  6
ByLayer
 62
    6
370
   -1
100
AcDbLine
 10
58.88821343992414
 20
18.08064194269206
 11
58.88821343992414
 21
15.98064194269219
  0
LINE
  5
127
100
AcDbEntity
  8
0
  6
ByLayer
 62
    6
370
   -1
100
AcDbLine
 10
60.74821343992416
 20
21.68064194269235
 11
60.74821343992416
 21
20.32506913369235
  0
LINE
  5
128
100
AcDbEntity
  8
0
  6
ByLayer
 62
    6
370
   -1
100
AcDbLine
 10
60.74821343992416
 20
19.43064194269218
 11
60.74821343992508
 21
15.98064194269219
  0
LINE
  5
129
100
AcDbEntity
  8
0
  6
ByLayer
 62
    6
370
   -1
100
AcDbLine
 10
58.88821343992414
 20
15.98064194269219
 11
59.36821343992403
 21
15.98064194269219
  0
LINE
  5
12A
100
AcDbEntity
  8
0
  6
ByLayer
 62
    6
370
   -1
100
AcDbLine
 10
60.26821343992408
 20
15.98064194269219
 11
60.74821343992508
 21
15.98064194269219
  0
LINE
  5
12B
100
AcDbEntity
  8
0
  6
ByLayer
 62
    7
370
   -1
100
AcDbLine
 10
59.36821343992403
 20
15.98064194269219
 11
59.36821343992403
 21
15.88064194269219
  0
LINE
  5
12C
100
AcDbEntity
  8
0
  6
ByLayer
 62
    7
370
   -1
100
AcDbLine
 10
58.78821343992409
 20
18.0806419426922
 11
58.78821343992409
 21
15.92564194269236
  0
LINE
  5
12D
100
AcDbEntity
  8
0
  6
ByLayer
 62
    4
370
   -1
100
AcDbLine
 10
58.88821343992414
 20
19.88064194269221
 11
58.63821343992402
 21
19.88064194269221
  0
LINE
  5
12E
100
AcDbEntity
  8
0
  6
ByLayer
 62
    4
370
   -1
100
AcDbLine
 10
58.63821343992402
 20
21.68064194269222
 11
58.88821343992507
 21
21.68064194269222
  0
LINE
  5
12F
100
AcDbEntity
  8
0
  6
ByLayer
 62
    4
370
   -1
100
AcDbLine
 10
58.78821343992409
 20
18.0806419426922
 11
58.88821343992414
 21
18.08064194269206
  0
LINE
  5
130
100
AcDbEntity
  8
0
  6
ByLayer
 62
    7
370
   -1
100
AcDbLine
 10
58.88821343992507
 20
21.58064194269235
 11
58.88821343992507
 21
20.49814194269235
  0
LINE
  5
131
100
AcDbEntity
  8
0
  6
ByLayer
 62
    4
370
   -1
100
AcDbLine
 10
58.88821343992507
 20
21.68064194269222
 11
58.88821343992414
 21
18.08064194269206
  0
LINE
  5
132
100
AcDbEntity
  8
0
  6
ByLayer
 62
    7
370
   -1
100
AcDbLine
 10
58.88821343992414
 20
18.08064194269206
 11
58.63821343992402
 21
18.08064194269206
  0
LINE
  5
133
100
AcDbEntity
  8
0
  6
ByLayer
 62
    4
370
   -1
100
AcDbLine
 10
58.63821343992402
 20
18.08064194269206
 11
58.63821343992402
 21
21.68064194269222
  0
LINE
  5
134
100
AcDbEntity
  8
0
  6
ByLayer
 62
    4
370
   -1
100
AcDbLine
 10
58.63821343992402
 20
20.78064194269221
 11
58.88821343992507
 21
20.78064194269221
  0
LINE
  5
135
100
AcDbEntity
  8
0
  6
ByLayer
 62
    4
370
   -1
100
AcDbLine
 10
58.63821343992402
 20
18.98064194269207
 11
58.88821343992414
 21
18.98064194269207
  0
LINE
  5
136
100
AcDbEntity
  8
0
  6
ByLayer
 62
    6
370
   -1
100
AcDbLine
 10
58.7882134399252
 20
23.68064194269236
 11
58.7882134399252
 21
21.68064194269235
  0
LINE
  5
137
100
AcDbEntity
  8
0
  6
ByLayer
 62
    7
370
   -1
100
AcDbLine
 10
58.7882134399252
 20
21.68064194269235
 11
58.93821343992509
 21
21.68064194269235
  0
LINE
  5
138
100
AcDbEntity
  8
0
  6
ByLayer
 62
    6
370
   -1
100
AcDbLine
 10
58.93821343992509
 20
21.68064194269235
 11
60.83821343992505
 21
21.68064194269235
  0
LINE
  5
139
100
AcDbEntity
  8
0
  6
ByLayer
 62
    6
370
   -1
100
AcDbLine
 10
58.88821343992507
 20
21.78064194269235
 11
60.83821343992505
 21
21.78064194269235
  0
LINE
  5
13A
100
AcDbEntity
  8
0
  6
ByLayer
 62
    7
370
   -1
100
AcDbLine
 10
58.93821343992509
 20
21.83064194269233
 11
60.92078281963928
 21
21.83051702240397
  0
LINE
  5
13B
100
AcDbEntity
  8
0
  6
ByLayer
 62
    7
370
   -1
100
AcDbLine
 10
54.78413052630904
 20
21.60314194269235
 11
54.78413052630904
 21
20.40314194269234
  0
LINE
  5
13C
100
AcDbEntity
  8
0
  6
ByLayer
 62
    7
370
   -1
100
AcDbLine
 10
54.78413052630904
 20
20.40314194269234
 11
55.38413052630914
 21
20.40314194269234
  0
LINE
  5
13D
100
AcDbEntity
  8
0
  6
ByLayer
 62
    7
370
   -1
100
AcDbLine
 10
55.58413052630905
 20
20.40314194269234
 11
55.58413052630905
 21
21.60314194269235
  0
LINE
  5
13E
100
AcDbEntity
  8
0
  6
ByLayer
 62
    7
370
   -1
100
AcDbLine
 10
55.38413052630914
 20
21.60314194269235
 11
54.78413052630904
 21
21.60314194269235
  0
LINE
  5
13F
100
AcDbEntity
  8
0
  6
ByLayer
 62
    1
370
   -1
100
AcDbLine
 10
54.78413052630904
 20
20.40314194269234
 11
54.78413052630904
 21
19.20314194269234
  0
LINE
  5
140
100
AcDbEntity
  8
0
  6
ByLayer
 62
    7
370
   -1
100
AcDbLine
 10
54.78413052630904
 20
19.20314194269234
 11
55.38413052630914
 21
19.20314194269234
  0
LINE
  5
141
100
AcDbEntity
  8
0
  6
ByLayer
 62
    7
370
   -1
100
AcDbLine
 10
55.58413052630905
 20
19.20314194269234
 11
55.58413052630905
 21
18.00314194269233
  0
LINE
  5
142
100
AcDbEntity
  8
0
  6
ByLayer
 62
    7
370
   -1
100
AcDbLine
 10
55.38413052630914
 20
18.00314194269233
 11
54.78413052630904
 21
18.00314194269233
  0
LINE
  5
143
100
AcDbEntity
  8
0
  6
ByLayer
 62
    7
370
   -1
100
AcDbLine
 10
54.78413052630904
 20
18.00314194269233
 11
54.78413052630904
 21
19.20314194269234
  0
LINE
  5
144
100
AcDbEntity
  8
0
  6
ByLayer
 62
    7
370
   -1
100
AcDbLine
 10
55.58413052630905
 20
20.40314194269234
 11
55.58413052630905
 21
19.20314194269234
  0
LINE
  5
145
100
AcDbEntity
  8
0
  6
ByLayer
 62
    7
370
   -1
100
AcDbLine
 10
54.18413052630802
 20
21.60314194269235
 11
54.18413052630802
 21
20.40314194269234
  0
LINE
  5
146
100
AcDbEntity
  8
0
  6
ByLayer
 62
    7
370
   -1
100
AcDbLine
 10
54.18413052630802
 20
20.40314194269234
 11
54.78413052630904
 21
20.40314194269234
  0
LINE
  5
147
100
AcDbEntity
  8
0
  6
ByLayer
 62
    7
370
   -1
100
AcDbLine
 10
54.78413052630904
 20
21.60314194269235
 11
54.18413052630802
 21
21.60314194269235
  0
LINE
  5
148
100
AcDbEntity
  8
0
  6
ByLayer
 62
    1
370
   -1
100
AcDbLine
 10
54.18413052630802
 20
20.40314194269234
 11
54.18413052630802
 21
19.20314194269234
  0
LINE
  5
149
100
AcDbEntity
  8
0
  6
ByLayer
 62
    7
370
   -1
100
AcDbLine
 10
54.18413052630802
 20
19.20314194269234
 11
54.78413052630904
 21
19.20314194269234
  0
LINE
  5
14A
100
AcDbEntity
  8
0
  6
ByLayer
 62
    7
370
   -1
100
AcDbLine
 10
54.78413052630904
 20
18.00314194269233
 11
54.18413052630802
 21
18.00314194269233
  0
LINE
  5
14B
100
AcDbEntity
  8
0
  6
ByLayer
 62
    7
370
   -1
100
AcDbLine
 10
54.18413052630802
 20
18.00314194269233
 11
54.18413052630802
 21
19.20314194269234
  0
LINE
  5
14C
100
AcDbEntity
  8
0
  6
ByLayer
 62
    7
370
   -1
100
AcDbLine
 10
53.38413052630913
 20
21.60314194269235
 11
53.38413052630913
 21
20.40314194269234
  0
LINE
  5
14D
100
AcDbEntity
  8
0
  6
ByLayer
 62
    7
370
   -1
100
AcDbLine
 10
53.58413052630812
 20
20.40314194269234
 11
54.18413052630802
 21
20.40314194269234
  0
LINE
  5
14E
100
AcDbEntity
  8
0
  6
ByLayer
 62
    7
370
   -1
100
AcDbLine
 10
54.18413052630802
 20
21.60314194269235
 11
53.58413052630812
 21
21.60314194269235
  0
LINE
  5
14F
100
AcDbEntity
  8
0
  6
ByLayer
 62
    1
370
   -1
100
AcDbLine
 10
53.38413052630913
 20
20.40314194269234
 11
53.38413052630913
 21
19.20314194269234
  0
LINE
  5
150
100
AcDbEntity
  8
0
  6
ByLayer
 62
    7
370
   -1
100
AcDbLine
 10
53.58413052630812
 20
19.20314194269234
 11
54.18413052630802
 21
19.20314194269234
  0
LINE
  5
151
100
AcDbEntity
  8
0
  6
ByLayer
 62
    7
370
   -1
100
AcDbLine
 10
54.18413052630802
 20
18.00314194269233
 11
53.58413052630812
 21
18.00314194269233
  0
LINE
  5
152
100
AcDbEntity
  8
0
  6
ByLayer
 62
    7
370
   -1
100
AcDbLine
 10
53.38413052630913
 20
18.00314194269233
 11
53.38413052630913
 21
19.20314194269234
  0
LINE
  5
153
100
AcDbEntity
  8
0
  6
ByLayer
 62
    7
370
   -1
100
AcDbLine
 10
52.78413052630903
 20
21.60314194269235
 11
52.78413052630903
 21
20.40314194269234
  0
LINE
  5
154
100
AcDbEntity
  8
0
  6
ByLayer
 62
    7
370
   -1
100
AcDbLine
 10
52.78413052630903
 20
20.40314194269234
 11
53.38413052630913
 21
20.40314194269234
  0
LINE
  5
155
100
AcDbEntity
  8
0
  6
ByLayer
 62
    7
370
   -1
100
AcDbLine
 10
53.38413052630913
 20
21.60314194269235
 11
52.78413052630903
 21
21.60314194269235
  0
LINE
  5
156
100
AcDbEntity
  8
0
  6
ByLayer
 62
    1
370
   -1
100
AcDbLine
 10
52.78413052630903
 20
20.40314194269234
 11
52.78413052630903
 21
19.20314194269234
  0
LINE
  5
157
100
AcDbEntity
  8
0
  6
ByLayer
 62
    7
370
   -1
100
AcDbLine
 10
52.78413052630903
 20
19.20314194269234
 11
53.38413052630913
 21
19.20314194269234
  0
LINE
  5
158
100
AcDbEntity
  8
0
  6
ByLayer
 62
    7
370
   -1
100
AcDbLine
 10
53.38413052630913
 20
18.00314194269233
 11
52.78413052630903
 21
18.00314194269233
  0
LINE
  5
159
100
AcDbEntity
  8
0
  6
ByLayer
 62
    7
370
   -1
100
AcDbLine
 10
52.78413052630903
 20
18.00314194269233
 11
52.78413052630903
 21
19.20314194269234
  0
LINE
  5
15A
100
AcDbEntity
  8
0
  6
ByLayer
 62
    7
370
   -1
100
AcDbLine
 10
52.18413052630913
 20
21.60314194269235
 11
52.18413052630913
 21
20.40314194269234
  0
LINE
  5
15B
100
AcDbEntity
  8
0
  6
ByLayer
 62
    7
370
   -1
100
AcDbLine
 10
52.18413052630913
 20
20.40314194269234
 11
52.78413052630903
 21
20.40314194269234
  0
LINE
  5
15C
100
AcDbEntity
  8
0
  6
ByLayer
 62
    7
370
   -1
100
AcDbLine
 10
52.78413052630903
 20
21.60314194269235
 11
52.18413052630913
 21
21.60314194269235
  0
LINE
  5
15D
100
AcDbEntity
  8
0
  6
ByLayer
 62
    1
370
   -1
100
AcDbLine
 10
52.18413052630913
 20
20.40314194269234
 11
52.18413052630913
 21
19.20314194269234
  0
LINE
  5
15E
100
AcDbEntity
  8
0
  6
ByLayer
 62
    7
370
   -1
100
AcDbLine
 10
52.18413052630913
 20
19.20314194269234
 11
52.78413052630903
 21
19.20314194269234
  0
LINE
  5
15F
100
AcDbEntity
  8
0
  6
ByLayer
 62
    7
370
   -1
100
AcDbLine
 10
52.78413052630903
 20
18.00314194269233
 11
52.18413052630913
 21
18.00314194269233
  0
LINE
  5
160
100
AcDbEntity
  8
0
  6
ByLayer
 62
    7
370
   -1
100
AcDbLine
 10
52.18413052630913
 20
18.00314194269233
 11
52.18413052630913
 21
19.20314194269234
  0
LINE
  5
161
100
AcDbEntity
  8
0
  6
ByLayer
 62
    7
370
   -1
100
AcDbLine
 10
51.38413052630912
 20
21.60314194269235
 11
51.38413052630912
 21
20.40314194269234
  0
LINE
  5
162
100
AcDbEntity
  8
0
  6
ByLayer
 62
    7
370
   -1
100
AcDbLine
 10
51.58413052630811
 20
20.40314194269234
 11
52.18413052630913
 21
20.40314194269234
  0
LINE
  5
163
100
AcDbEntity
  8
0
  6
ByLayer
 62
    7
370
   -1
100
AcDbLine
 10
52.18413052630913
 20
21.60314194269235
 11
51.58413052630811
 21
21.60314194269235
  0
LINE
  5
164
100
AcDbEntity
  8
0
  6
ByLayer
 62
    7
370
   -1
100
AcDbLine
 10
51.38413052630912
 20
20.40314194269234
 11
51.38413052630912
 21
19.20314194269234
  0
LINE
  5
165
100
AcDbEntity
  8
0
  6
ByLayer
 62
    7
370
   -1
100
AcDbLine
 10
51.58413052630811
 20
19.20314194269234
 11
52.18413052630913
 21
19.20314194269234
  0
LINE
  5
166
100
AcDbEntity
  8
0
  6
ByLayer
 62
    7
370
   -1
100
AcDbLine
 10
52.18413052630913
 20
18.00314194269233
 11
51.58413052630811
 21
18.00314194269233
  0
LINE
  5
167
100
AcDbEntity
  8
0
  6
ByLayer
 62
    7
370
   -1
100
AcDbLine
 10
51.38413052630912
 20
18.00314194269233
 11
51.38413052630912
 21
19.20314194269234
  0
LINE
  5
168
100
AcDbEntity
  8
0
  6
ByLayer
 62
    5
370
   -1
100
AcDbLine
 10
49.48586428494217
 20
15.82564194269236
 11
49.48586428494217
 21
10.3256419426922
  0
LINE
  5
169
100
AcDbEntity
  8
0
  6
ByLayer
 62
    7
370
   -1
100
AcDbLine
 10
49.48586428494217
 20
12.95564194269236
 11
49.58586428494221
 21
12.95564194269236
  0
LINE
  5
16A
100
AcDbEntity
  8
0
  6
ByLayer
 62
    7
370
   -1
100
AcDbLine
 10
49.58586428494221
 20
12.95564194269236
 11
49.58586428494221
 21
12.85564194269236
  0
LINE
  5
16B
100
AcDbEntity
  8
0
  6
ByLayer
 62
    7
370
   -1
100
AcDbLine
 10
49.58586428494221
 20
12.85564194269236
 11
49.48586428494217
 21
12.85564194269236
  0
LINE
  5
16C
100
AcDbEntity
  8
0
  6
ByLayer
 62
    7
370
   -1
100
AcDbLine
 10
49.48586428494217
 20
12.85564194269236
 11
49.48586428494217
 21
12.95564194269236
  0
LINE
  5
16D
100
AcDbEntity
  8
0
  6
ByLayer
 62
    7
370
   -1
100
AcDbLine
 10
49.48586428494217
 20
10.3256419426922
 11
49.58586428494221
 21
10.3256419426922
  0
LINE
  5
16E
100
AcDbEntity
  8
0
  6
ByLayer
 62
    7
370
   -1
100
AcDbLine
 10
49.58586428494221
 20
10.3256419426922
 11
49.58586428494221
 21
10.2256419426922
  0
LINE
  5
16F
100
AcDbEntity
  8
0
  6
ByLayer
 62
    7
370
   -1
100
AcDbLine
 10
49.58586428494221
 20
10.2256419426922
 11
49.48586428494217
 21
10.2256419426922
  0
LINE
  5
170
100
AcDbEntity
  8
0
  6
ByLayer
 62
    7
370
   -1
100
AcDbLine
 10
49.48586428494217
 20
10.2256419426922
 11
49.48586428494217
 21
10.3256419426922
  0
LINE
  5
171
100
AcDbEntity
  8
0
  6
ByLayer
 62
    5
370
   -1
100
AcDbLine
 10
49.58586428494221
 20
15.82564194269236
 11
49.58586428494221
 21
12.95564194269236
  0
LINE
  5
172
100
AcDbEntity
  8
0
  6
ByLayer
 62
    5
370
   -1
100
AcDbLine
 10
49.58586428494221
 20
12.85564194269236
 11
49.58586428494221
 21
10.3256419426922
  0
LINE
  5
173
100
AcDbEntity
  8
0
  6
ByLayer
 62
    7
370
   -1
100
AcDbLine
 10
53.65805574513804
 20
10.3256419426922
 11
53.75805574513808
 21
10.3256419426922
  0
LINE
  5
174
100
AcDbEntity
  8
0
  6
ByLayer
 62
    7
370
   -1
100
AcDbLine
 10
53.75805574513808
 20
10.3256419426922
 11
53.75805574513808
 21
10.2256419426922
  0
LINE
  5
175
100
AcDbEntity
  8
0
  6
ByLayer
 62
    7
370
   -1
100
AcDbLine
 10
53.75805574513808
 20
10.2256419426922
 11
53.65805574513804
 21
10.2256419426922
  0
LINE
  5
176
100
AcDbEntity
  8
0
  6
ByLayer
 62
    7
370
   -1
100
AcDbLine
 10
53.65805574513804
 20
10.2256419426922
 11
53.65805574513804
 21
10.3256419426922
  0
LINE
  5
177
100
AcDbEntity
  8
0
  6
ByLayer
 62
    7
370
   -1
100
AcDbLine
 10
56.65805574513703
 20
10.3256419426922
 11
56.75805574513708
 21
10.3256419426922
  0
LINE
  5
178
100
AcDbEntity
  8
0
  6
ByLayer
 62
    7
370
   -1
100
AcDbLine
 10
56.75805574513708
 20
10.3256419426922
 11
56.75805574513708
 21
10.2256419426922
  0
LINE
  5
179
100
AcDbEntity
  8
0
  6
ByLayer
 62
    7
370
   -1
100
AcDbLine
 10
56.75805574513708
 20
10.2256419426922
 11
56.65805574513703
 21
10.2256419426922
  0
LINE
  5
17A
100
AcDbEntity
  8
0
  6
ByLayer
 62
    7
370
   -1
100
AcDbLine
 10
56.65805574513703
 20
10.2256419426922
 11
56.65805574513703
 21
10.3256419426922
  0
LINE
  5
17B
100
AcDbEntity
  8
0
  6
ByLayer
 62
    7
370
   -1
100
AcDbLine
 10
58.51805574513704
 20
10.3256419426922
 11
58.61805574513709
 21
10.32564194269207
  0
LINE
  5
17C
100
AcDbEntity
  8
0
  6
ByLayer
 62
    7
370
   -1
100
AcDbLine
 10
58.61805574513709
 20
10.32564194269207
 11
58.61805574513802
 21
10.2256419426922
  0
LINE
  5
17D
100
AcDbEntity
  8
0
  6
ByLayer
 62
    7
370
   -1
100
AcDbLine
 10
58.61805574513802
 20
10.2256419426922
 11
58.51805574513704
 21
10.2256419426922
  0
LINE
  5
17E
100
AcDbEntity
  8
0
  6
ByLayer
 62
    7
370
   -1
100
AcDbLine
 10
58.51805574513704
 20
10.2256419426922
 11
58.51805574513704
 21
10.3256419426922
  0
LINE
  5
17F
100
AcDbEntity
  8
0
  6
ByLayer
 62
    6
370
   -1
100
AcDbLine
 10
58.61805574513802
 20
10.2256419426922
 11
60.83821343992505
 21
10.2256419426922
  0
LINE
  5
180
100
AcDbEntity
  8
0
  6
ByLayer
 62
    6
370
   -1
100
AcDbLine
 10
58.61805574513709
 20
10.32564194269207
 11
60.83821343992505
 21
10.32564194269207
  0
LINE
  5
181
100
AcDbEntity
  8
0
  6
ByLayer
 62
    7
370
   -1
100
AcDbLine
 10
49.72521176672004
 20
7.971936403606551
 11
55.34936078158216
 21
7.971936403606551
  0
LINE
  5
182
100
AcDbEntity
  8
0
  6
ByLayer
 62
    7
370
   -1
100
AcDbLine
 10
55.72805574513711
 20
7.971936403606551
 11
61.34936078158218
 21
7.971936403606551
  0
LINE
  5
183
100
AcDbEntity
  8
0
  6
ByLayer
 62
    7
370
   -1
100
AcDbLine
 10
70.1032093503601
 20
7.823800000000029
 11
71.81274667263119
 21
7.823800000000029
  0
LINE
  5
184
100
AcDbEntity
  8
0
  6
ByLayer
 62
    7
370
   -1
100
AcDbLine
 10
49.72521176672004
 20
8.079347481777839
 11
55.34936078158216
 21
8.079347481777839
  0
LINE
  5
185
100
AcDbEntity
  8
0
  6
ByLayer
 62
    7
370
   -1
100
AcDbLine
 10
55.72805574513711
 20
8.079347481777839
 11
61.34936078158218
 21
8.079347481777839
  0
LINE
  5
186
100
AcDbEntity
  8
0
  6
ByLayer
 62
    7
370
   -1
100
AcDbLine
 10
61.34936078158218
 20
8.218694963555798
 11
61.72805574513713
 21
8.218694963555798
  0
LINE
  5
187
100
AcDbEntity
  8
0
  6
ByLayer
 62
    7
370
   -1
100
AcDbLine
 10
61.72805574513713
 20
8.218694963555798
 11
61.72805574513713
 21
7.839999999999972
  0
LINE
  5
188
100
AcDbEntity
  8
0
  6
ByLayer
 62
    7
370
   -1
100
AcDbLine
 10
61.72805574513713
 20
7.839999999999972
 11
61.34936078158218
 21
7.839999999999972
  0
LINE
  5
189
100
AcDbEntity
  8
0
  6
ByLayer
 62
    7
370
   -1
100
AcDbLine
 10
61.34936078158218
 20
7.839999999999972
 11
61.34936078158218
 21
8.218694963555798
  0
LINE
  5
18A
100
AcDbEntity
  8
0
  6
ByLayer
 62
    7
370
   -1
100
AcDbLine
 10
55.34936078158216
 20
8.218694963555798
 11
55.72805574513711
 21
8.218694963555798
  0
LINE
  5
18B
100
AcDbEntity
  8
0
  6
ByLayer
 62
    7
370
   -1
100
AcDbLine
 10
55.72805574513711
 20
8.218694963555798
 11
55.72805574513711
 21
7.839999999999972
  0
LINE
  5
18C
100
AcDbEntity
  8
0
  6
ByLayer
 62
    7
370
   -1
100
AcDbLine
 10
55.72805574513711
 20
7.839999999999972
 11
55.34936078158216
 21
7.839999999999972
  0
LINE
  5
18D
100
AcDbEntity
  8
0
  6
ByLayer
 62
    7
370
   -1
100
AcDbLine
 10
55.34936078158216
 20
7.839999999999972
 11
55.34936078158216
 21
8.218694963555798
  0
LINE
  5
18E
100
AcDbEntity
  8
0
  6
ByLayer
 62
    7
370
   -1
100
AcDbLine
 10
56.38805574513712
 20
15.98064194269219
 11
56.38805574513712
 21
15.88064194269219
  0
LINE
  5
18F
100
AcDbEntity
  8
0
  6
ByLayer
 62
    7
370
   -1
100
AcDbLine
 10
56.38805574513712
 20
15.98064194269219
 11
56.48805574513698
 21
15.98064194269219
  0
LINE
  5
190
100
AcDbEntity
  8
0
  6
ByLayer
 62
    7
370
   -1
100
AcDbLine
 10
56.48805574513698
 20
15.98064194269219
 11
56.48805574513698
 21
15.88064194269219
  0
LINE
  5
191
100
AcDbEntity
  8
0
  6
ByLayer
 62
    7
370
   -1
100
AcDbLine
 10
56.48805574513698
 20
15.88064194269219
 11
56.38805574513712
 21
15.88064194269219
  0
LINE
  5
192
100
AcDbEntity
  8
0
  6
ByLayer
 62
    6
370
   -1
100
AcDbLine
 10
49.48586428494217
 20
17.97064194269235
 11
49.58586428494221
 21
17.97064194269235
  0
LINE
  5
193
100
AcDbEntity
  8
0
  6
ByLayer
 62
    6
370
   -1
100
AcDbLine
 10
49.58586428494221
 20
23.68064194269236
 11
55.34936078158216
 21
23.68064194269236
  0
LINE
  5
194
100
AcDbEntity
  8
0
  6
ByLayer
 62
    6
370
   -1
100
AcDbLine
 10
55.72805574513711
 20
23.68064194269236
 11
58.7882134399252
 21
23.68064194269236
  0
LINE
  5
195
100
AcDbEntity
  8
0
  6
ByLayer
 62
    6
370
   -1
100
AcDbLine
 10
49.58586428494221
 20
23.68064194269236
 11
54.18586428494214
 21
23.68064194269236
  0
LINE
  5
196
100
AcDbEntity
  8
0
  6
ByLayer
 62
    7
370
   -1
100
AcDbLine
 10
51.38413052630912
 20
21.60314194269235
 11
51.18413052630903
 21
21.60314194269235
  0
LINE
  5
197
100
AcDbEntity
  8
0
  6
ByLayer
 62
    7
370
   -1
100
AcDbLine
 10
51.18413052630903
 20
21.60314194269235
 11
51.18413052630903
 21
18.00314194269233
  0
LINE
  5
198
100
AcDbEntity
  8
0
  6
ByLayer
 62
    7
370
   -1
100
AcDbLine
 10
51.38413052630912
 20
18.00314194269233
 11
51.18413052630903
 21
18.00314194269233
  0
LINE
  5
199
100
AcDbEntity
  8
0
  6
ByLayer
 62
    7
370
   -1
100
AcDbLine
 10
51.38413052630912
 20
20.40314194269234
 11
51.18413052630903
 21
20.40314194269234
  0
LINE
  5
19A
100
AcDbEntity
  8
0
  6
ByLayer
 62
    7
370
   -1
100
AcDbLine
 10
51.38413052630912
 20
19.20314194269234
 11
51.18413052630903
 21
19.20314194269234
  0
LINE
  5
19B
100
AcDbEntity
  8
0
  6
ByLayer
 62
    7
370
   -1
100
AcDbLine
 10
55.58413052630905
 20
21.60314194269235
 11
55.78413052630803
 21
21.60314194269235
  0
LINE
  5
19C
100
AcDbEntity
  8
0
  6
ByLayer
 62
    7
370
   -1
100
AcDbLine
 10
55.78413052630803
 20
21.60314194269235
 11
55.78413052630803
 21
18.00314194269233
  0
LINE
  5
19D
100
AcDbEntity
  8
0
  6
ByLayer
 62
    7
370
   -1
100
AcDbLine
 10
55.78413052630803
 20
18.00314194269233
 11
55.58413052630905
 21
18.00314194269233
  0
LINE
  5
19E
100
AcDbEntity
  8
0
  6
ByLayer
 62
    7
370
   -1
100
AcDbLine
 10
55.58413052630905
 20
19.20314194269234
 11
55.78413052630803
 21
19.20314194269234
  0
LINE
  5
19F
100
AcDbEntity
  8
0
  6
ByLayer
 62
    7
370
   -1
100
AcDbLine
 10
55.58413052630905
 20
20.40314194269234
 11
55.78413052630913
 21
20.40314194269248
  0
LINE
  5
1A0
100
AcDbEntity
  8
0
  6
ByLayer
 62
    3
370
   -1
100
AcDbLine
 10
51.38413052630912
 20
21.60314194269235
 11
51.58413052630811
 21
21.60314194269235
  0
LINE
  5
1A1
100
AcDbEntity
  8
0
  6
ByLayer
 62
    3
370
   -1
100
AcDbLine
 10
51.38413052630912
 20
21.59514194269239
 11
51.4731305263082
 21
21.59514194269239
  0
LINE
  5
1A2
100
AcDbEntity
  8
0
  6
ByLayer
 62
    3
370
   -1
100
AcDbLine
 10
51.49513052630811
 20
21.59514194269239
 11
51.58413052630811
 21
21.59514194269239
  0
LINE
  5
1A3
100
AcDbEntity
  8
0
  6
ByLayer
 62
    3
370
   -1
100
AcDbLine
 10
51.58413052630811
 20
21.60314194269235
 11
51.58413052630811
 21
21.59514194269239
  0
LINE
  5
1A4
100
AcDbEntity
  8
0
  6
ByLayer
 62
    3
370
   -1
100
AcDbLine
 10
51.58413052630811
 20
21.41114194269239
 11
51.58413052630811
 21
21.40314194269234
  0
LINE
  5
1A5
100
AcDbEntity
  8
0
  6
ByLayer
 62
    3
370
   -1
100
AcDbLine
 10
51.58413052630811
 20
21.40314194269234
 11
51.38413052630912
 21
21.40314194269234
  0
LINE
  5
1A6
100
AcDbEntity
  8
0
  6
ByLayer
 62
    3
370
   -1
100
AcDbLine
 10
51.58413052630811
 20
21.41114194269239
 11
51.49513052630811
 21
21.41114194269239
  0
LINE
  5
1A7
100
AcDbEntity
  8
0
  6
ByLayer
 62
    3
370
   -1
100
AcDbLine
 10
51.4731305263082
 20
21.41114194269239
 11
51.38413052630912
 21
21.41114194269239
  0
LINE
  5
1A8
100
AcDbEntity
  8
0
  6
ByLayer
 62
    3
370
   -1
100
AcDbLine
 10
51.38413052630912
 20
21.40314194269234
 11
51.38413052630912
 21
21.41114194269239
  0
LINE
  5
1A9
100
AcDbEntity
  8
0
  6
ByLayer
 62
    3
370
   -1
100
AcDbLine
 10
51.38413052630912
 20
21.59514194269239
 11
51.38413052630912
 21
21.60314194269235
  0
LINE
  5
1AA
100
AcDbEntity
  8
0
  6
ByLayer
 62
    3
370
   -1
100
AcDbLine
 10
51.47813052630823
 20
21.59014194269231
 11
51.47813052630823
 21
21.41614194269238
  0
LINE
  5
1AB
100
AcDbEntity
  8
0
  6
ByLayer
 62
    3
370
   -1
100
AcDbLine
 10
51.49013052630807
 20
21.59014194269231
 11
51.49013052630807
 21
21.41614194269238
  0
LINE
  5
1AC
100
AcDbEntity
  8
0
  6
ByLayer
 62
    3
370
   -1
100
AcDbLine
 10
53.38413052630913
 20
21.60314194269235
 11
53.58413052630812
 21
21.60314194269235
  0
LINE
  5
1AD
100
AcDbEntity
  8
0
  6
ByLayer
 62
    3
370
   -1
100
AcDbLine
 10
53.38413052630913
 20
21.59514194269239
 11
53.47313052630913
 21
21.59514194269239
  0
LINE
  5
1AE
100
AcDbEntity
  8
0
  6
ByLayer
 62
    3
370
   -1
100
AcDbLine
 10
53.49513052630812
 20
21.59514194269239
 11
53.58413052630812
 21
21.59514194269239
  0
LINE
  5
1AF
100
AcDbEntity
  8
0
  6
ByLayer
 62
    3
370
   -1
100
AcDbLine
 10
53.58413052630812
 20
21.60314194269235
 11
53.58413052630812
 21
21.59514194269239
  0
LINE
  5
1B0
100
AcDbEntity
  8
0
  6
ByLayer
 62
    3
370
   -1
100
AcDbLine
 10
53.58413052630812
 20
21.41114194269239
 11
53.58413052630812
 21
21.40314194269234
  0
LINE
  5
1B1
100
AcDbEntity
  8
0
  6
ByLayer
 62
    3
370
   -1
100
AcDbLine
 10
53.58413052630812
 20
21.40314194269234
 11
53.38413052630913
 21
21.40314194269234
  0
LINE
  5
1B2
100
AcDbEntity
  8
0
  6
ByLayer
 62
    3
370
   -1
100
AcDbLine
 10
53.58413052630812
 20
21.41114194269239
 11
53.49513052630812
 21
21.41114194269239
  0
LINE
  5
1B3
100
AcDbEntity
  8
0
  6
ByLayer
 62
    3
370
   -1
100
AcDbLine
 10
53.47313052630913
 20
21.41114194269239
 11
53.38413052630913
 21
21.41114194269239
  0
LINE
  5
1B4
100
AcDbEntity
  8
0
  6
ByLayer
 62
    3
370
   -1
100
AcDbLine
 10
53.38413052630913
 20
21.40314194269234
 11
53.38413052630913
 21
21.41114194269239
  0
LINE
  5
1B5
100
AcDbEntity
  8
0
  6
ByLayer
 62
    3
370
   -1
100
AcDbLine
 10
53.38413052630913
 20
21.59514194269239
 11
53.38413052630913
 21
21.60314194269235
  0
LINE
  5
1B6
100
AcDbEntity
  8
0
  6
ByLayer
 62
    3
370
   -1
100
AcDbLine
 10
53.47813052630898
 20
21.59014194269231
 11
53.47813052630824
 21
21.41614194269238
  0
LINE
  5
1B7
100
AcDbEntity
  8
0
  6
ByLayer
 62
    3
370
   -1
100
AcDbLine
 10
53.49013052630808
 20
21.59014194269231
 11
53.49013052630808
 21
21.41614194269238
  0
LINE
  5
1B8
100
AcDbEntity
  8
0
  6
ByLayer
 62
    3
370
   -1
100
AcDbLine
 10
55.38413052630914
 20
21.60314194269235
 11
55.58413052630905
 21
21.60314194269235
  0
LINE
  5
1B9
100
AcDbEntity
  8
0
  6
ByLayer
 62
    3
370
   -1
100
AcDbLine
 10
55.38413052630914
 20
21.59514194269239
 11
55.47313052630821
 21
21.59514194269239
  0
LINE
  5
1BA
100
AcDbEntity
  8
0
  6
ByLayer
 62
    3
370
   -1
100
AcDbLine
 10
55.49513052630812
 20
21.59514194269239
 11
55.58413052630905
 21
21.59514194269239
  0
LINE
  5
1BB
100
AcDbEntity
  8
0
  6
ByLayer
 62
    3
370
   -1
100
AcDbLine
 10
55.58413052630905
 20
21.60314194269235
 11
55.58413052630905
 21
21.59514194269239
  0
LINE
  5
1BC
100
AcDbEntity
  8
0
  6
ByLayer
 62
    3
370
   -1
100
AcDbLine
 10
55.58413052630905
 20
21.41114194269239
 11
55.58413052630905
 21
21.40314194269234
  0
LINE
  5
1BD
100
AcDbEntity
  8
0
  6
ByLayer
 62
    3
370
   -1
100
AcDbLine
 10
55.58413052630905
 20
21.40314194269234
 11
55.38413052630914
 21
21.40314194269234
  0
LINE
  5
1BE
100
AcDbEntity
  8
0
  6
ByLayer
 62
    3
370
   -1
100
AcDbLine
 10
55.58413052630905
 20
21.41114194269239
 11
55.49513052630812
 21
21.41114194269239
  0
LINE
  5
1BF
100
AcDbEntity
  8
0
  6
ByLayer
 62
    3
370
   -1
100
AcDbLine
 10
55.47313052630821
 20
21.41114194269239
 11
55.38413052630914
 21
21.41114194269239
  0
LINE
  5
1C0
100
AcDbEntity
  8
0
  6
ByLayer
 62
    3
370
   -1
100
AcDbLine
 10
55.38413052630914
 20
21.40314194269234
 11
55.38413052630914
 21
21.41114194269239
  0
LINE
  5
1C1
100
AcDbEntity
  8
0
  6
ByLayer
 62
    3
370
   -1
100
AcDbLine
 10
55.38413052630914
 20
21.59514194269239
 11
55.38413052630914
 21
21.60314194269235
  0
LINE
  5
1C2
100
AcDbEntity
  8
0
  6
ByLayer
 62
    3
370
   -1
100
AcDbLine
 10
55.47813052630825
 20
21.59014194269231
 11
55.47813052630825
 21
21.41614194269238
  0
LINE
  5
1C3
100
AcDbEntity
  8
0
  6
ByLayer
 62
    3
370
   -1
100
AcDbLine
 10
55.49013052630809
 20
21.59014194269231
 11
55.49013052630809
 21
21.41614194269238
  0
LINE
  5
1C4
100
AcDbEntity
  8
0
  6
ByLayer
 62
    3
370
   -1
100
AcDbLine
 10
51.38413052630912
 20
18.20314194269233
 11
51.58413052630811
 21
18.20314194269233
  0
LINE
  5
1C5
100
AcDbEntity
  8
0
  6
ByLayer
 62
    3
370
   -1
100
AcDbLine
 10
51.38413052630912
 20
18.19514194269233
 11
51.4731305263082
 21
18.19514194269233
  0
LINE
  5
1C6
100
AcDbEntity
  8
0
  6
ByLayer
 62
    3
370
   -1
100
AcDbLine
 10
51.49513052630811
 20
18.19514194269233
 11
51.58413052630811
 21
18.19514194269233
  0
LINE
  5
1C7
100
AcDbEntity
  8
0
  6
ByLayer
 62
    3
370
   -1
100
AcDbLine
 10
51.58413052630811
 20
18.20314194269233
 11
51.58413052630811
 21
18.19514194269233
  0
LINE
  5
1C8
100
AcDbEntity
  8
0
  6
ByLayer
 62
    3
370
   -1
100
AcDbLine
 10
51.58413052630811
 20
18.01114194269238
 11
51.58413052630811
 21
18.00314194269233
  0
LINE
  5
1C9
100
AcDbEntity
  8
0
  6
ByLayer
 62
    3
370
   -1
100
AcDbLine
 10
51.58413052630811
 20
18.00314194269233
 11
51.38413052630912
 21
18.00314194269233
  0
LINE
  5
1CA
100
AcDbEntity
  8
0
  6
ByLayer
 62
    3
370
   -1
100
AcDbLine
 10
51.58413052630811
 20
18.01114194269238
 11
51.49513052630811
 21
18.01114194269238
  0
LINE
  5
1CB
100
AcDbEntity
  8
0
  6
ByLayer
 62
    3
370
   -1
100
AcDbLine
 10
51.4731305263082
 20
18.01114194269238
 11
51.38413052630912
 21
18.01114194269238
  0
LINE
  5
1CC
100
AcDbEntity
  8
0
  6
ByLayer
 62
    3
370
   -1
100
AcDbLine
 10
51.38413052630912
 20
18.00314194269233
 11
51.38413052630912
 21
18.01114194269238
  0
LINE
  5
1CD
100
AcDbEntity
  8
0
  6
ByLayer
 62
    3
370
   -1
100
AcDbLine
 10
51.38413052630912
 20
18.19514194269233
 11
51.38413052630912
 21
18.20314194269233
  0
LINE
  5
1CE
100
AcDbEntity
  8
0
  6
ByLayer
 62
    3
370
   -1
100
AcDbLine
 10
51.47813052630823
 20
18.1901419426923
 11
51.47813052630823
 21
18.01614194269237
  0
LINE
  5
1CF
100
AcDbEntity
  8
0
  6
ByLayer
 62
    3
370
   -1
100
AcDbLine
 10
51.49013052630807
 20
18.1901419426923
 11
51.49013052630807
 21
18.01614194269237
  0
LINE
  5
1D0
100
AcDbEntity
  8
0
  6
ByLayer
 62
    3
370
   -1
100
AcDbLine
 10
53.38413052630913
 20
18.20314194269233
 11
53.58413052630812
 21
18.20314194269233
  0
LINE
  5
1D1
100
AcDbEntity
  8
0
  6
ByLayer
 62
    3
370
   -1
100
AcDbLine
 10
53.38413052630913
 20
18.19514194269233
 11
53.47313052630913
 21
18.19514194269233
  0
LINE
  5
1D2
100
AcDbEntity
  8
0
  6
ByLayer
 62
    3
370
   -1
100
AcDbLine
 10
53.49513052630812
 20
18.19514194269233
 11
53.58413052630812
 21
18.19514194269233
  0
LINE
  5
1D3
100
AcDbEntity
  8
0
  6
ByLayer
 62
    3
370
   -1
100
AcDbLine
 10
53.58413052630812
 20
18.20314194269233
 11
53.58413052630812
 21
18.19514194269233
  0
LINE
  5
1D4
100
AcDbEntity
  8
0
  6
ByLayer
 62
    3
370
   -1
100
AcDbLine
 10
53.58413052630812
 20
18.01114194269238
 11
53.58413052630812
 21
18.00314194269233
  0
LINE
  5
1D5
100
AcDbEntity
  8
0
  6
ByLayer
 62
    3
370
   -1
100
AcDbLine
 10
53.58413052630812
 20
18.00314194269233
 11
53.38413052630913
 21
18.00314194269233
  0
LINE
  5
1D6
100
AcDbEntity
  8
0
  6
ByLayer
 62
    3
370
   -1
100
AcDbLine
 10
53.58413052630812
 20
18.01114194269238
 11
53.49513052630812
 21
18.01114194269238
  0
LINE
  5
1D7
100
AcDbEntity
  8
0
  6
ByLayer
 62
    3
370
   -1
100
AcDbLine
 10
53.47313052630913
 20
18.01114194269238
 11
53.38413052630913
 21
18.01114194269238
  0
LINE
  5
1D8
100
AcDbEntity
  8
0
  6
ByLayer
 62
    3
370
   -1
100
AcDbLine
 10
53.38413052630913
 20
18.00314194269233
 11
53.38413052630913
 21
18.01114194269238
  0
LINE
  5
1D9
100
AcDbEntity
  8
0
  6
ByLayer
 62
    3
370
   -1
100
AcDbLine
 10
53.38413052630913
 20
18.19514194269233
 11
53.38413052630913
 21
18.20314194269233
  0
LINE
  5
1DA
100
AcDbEntity
  8
0
  6
ByLayer
 62
    3
370
   -1
100
AcDbLine
 10
53.47813052630898
 20
18.1901419426923
 11
53.47813052630824
 21
18.01614194269237
  0
LINE
  5
1DB
100
AcDbEntity
  8
0
  6
ByLayer
 62
    3
370
   -1
100
AcDbLine
 10
53.49013052630808
 20
18.1901419426923
 11
53.49013052630808
 21
18.01614194269237
  0
LINE
  5
1DC
100
AcDbEntity
  8
0
  6
ByLayer
 62
    3
370
   -1
100
AcDbLine
 10
55.38413052630914
 20
18.20314194269233
 11
55.58413052630905
 21
18.20314194269233
  0
LINE
  5
1DD
100
AcDbEntity
  8
0
  6
ByLayer
 62
    3
370
   -1
100
AcDbLine
 10
55.38413052630914
 20
18.19514194269233
 11
55.47313052630821
 21
18.19514194269233
  0
LINE
  5
1DE
100
AcDbEntity
  8
0
  6
ByLayer
 62
    3
370
   -1
100
AcDbLine
 10
55.49513052630812
 20
18.19514194269233
 11
55.58413052630905
 21
18.19514194269233
  0
LINE
  5
1DF
100
AcDbEntity
  8
0
  6
ByLayer
 62
    3
370
   -1
100
AcDbLine
 10
55.58413052630905
 20
18.20314194269233
 11
55.58413052630905
 21
18.19514194269233
  0
LINE
  5
1E0
100
AcDbEntity
  8
0
  6
ByLayer
 62
    3
370
   -1
100
AcDbLine
 10
55.58413052630905
 20
18.01114194269238
 11
55.58413052630905
 21
18.00314194269233
  0
LINE
  5
1E1
100
AcDbEntity
  8
0
  6
ByLayer
 62
    3
370
   -1
100
AcDbLine
 10
55.58413052630905
 20
18.00314194269233
 11
55.38413052630914
 21
18.00314194269233
  0
LINE
  5
1E2
100
AcDbEntity
  8
0
  6
ByLayer
 62
    3
370
   -1
100
AcDbLine
 10
55.58413052630905
 20
18.01114194269238
 11
55.49513052630812
 21
18.01114194269238
  0
LINE
  5
1E3
100
AcDbEntity
  8
0
  6
ByLayer
 62
    3
370
   -1
100
AcDbLine
 10
55.47313052630821
 20
18.01114194269238
 11
55.38413052630914
 21
18.01114194269238
  0
LINE
  5
1E4
100
AcDbEntity
  8
0
  6
ByLayer
 62
    3
370
   -1
100
AcDbLine
 10
55.38413052630914
 20
18.00314194269233
 11
55.38413052630914
 21
18.01114194269238
  0
LINE
  5
1E5
100
AcDbEntity
  8
0
  6
ByLayer
 62
    3
370
   -1
100
AcDbLine
 10
55.38413052630914
 20
18.19514194269233
 11
55.38413052630914
 21
18.20314194269233
  0
LINE
  5
1E6
100
AcDbEntity
  8
0
  6
ByLayer
 62
    3
370
   -1
100
AcDbLine
 10
55.47813052630825
 20
18.1901419426923
 11
55.47813052630825
 21
18.01614194269237
  0
LINE
  5
1E7
100
AcDbEntity
  8
0
  6
ByLayer
 62
    3
370
   -1
100
AcDbLine
 10
55.49013052630809
 20
18.1901419426923
 11
55.49013052630809
 21
18.01614194269237
  0
LINE
  5
1E8
100
AcDbEntity
  8
0
  6
ByLayer
 62
    7
370
   -1
100
AcDbLine
 10
51.58413052630811
 20
21.60314194269235
 11
51.58413052630811
 21
20.40314194269234
  0
LINE
  5
1E9
100
AcDbEntity
  8
0
  6
ByLayer
 62
    7
370
   -1
100
AcDbLine
 10
55.38413052630914
 20
21.60314194269235
 11
55.38413052630914
 21
20.40314194269234
  0
LINE
  5
1EA
100
AcDbEntity
  8
0
  6
ByLayer
 62
    7
370
   -1
100
AcDbLine
 10
55.38413052630914
 20
19.20314194269234
 11
55.38413052630914
 21
18.00314194269233
  0
LINE
  5
1EB
100
AcDbEntity
  8
0
  6
ByLayer
 62
    1
370
   -1
100
AcDbLine
 10
55.38413052630914
 20
20.40314194269234
 11
55.38413052630914
 21
19.20314194269234
  0
LINE
  5
1EC
100
AcDbEntity
  8
0
  6
ByLayer
 62
    7
370
   -1
100
AcDbLine
 10
51.58413052630811
 20
19.20314194269234
 11
51.58413052630811
 21
18.00314194269233
  0
LINE
  5
1ED
100
AcDbEntity
  8
0
  6
ByLayer
 62
    1
370
   -1
100
AcDbLine
 10
51.58413052630811
 20
20.40314194269234
 11
51.58413052630811
 21
19.20314194269234
  0
LINE
  5
1EE
100
AcDbEntity
  8
0
  6
ByLayer
 62
    6
370
   -1
100
AcDbLine
 10
47.48586428494216
 20
23.93310525172941
 11
47.48586428494216
 21
21.09310525172945
  0
LINE
  5
1EF
100
AcDbEntity
  8
0
  6
ByLayer
 62
    6
370
   -1
100
AcDbLine
 10
47.38586428494212
 20
23.93310525172941
 11
47.38586428494212
 21
21.09310525172945
  0
LINE
  5
1F0
100
AcDbEntity
  8
0
  6
ByLayer
 62
    6
370
   -1
100
AcDbLine
 10
47.48586428494216
 20
20.23310525172939
 11
49.48586428494217
 21
20.23310525172939
  0
LINE
  5
1F1
100
AcDbEntity
  8
0
  6
ByLayer
 62
    6
370
   -1
100
AcDbLine
 10
47.38586428494212
 20
20.13310525172939
 11
49.48586428494217
 21
20.13310525172939
  0
LINE
  5
1F2
100
AcDbEntity
  8
0
  6
ByLayer
 62
    3
370
   -1
100
AcDbLine
 10
51.38413052630912
 20
19.20314194269234
 11
51.58413052630811
 21
19.20314194269234
  0
LINE
  5
1F3
100
AcDbEntity
  8
0
  6
ByLayer
 62
    3
370
   -1
100
AcDbLine
 10
51.38413052630912
 20
19.19514194269238
 11
51.4731305263082
 21
19.19514194269238
  0
LINE
  5
1F4
100
AcDbEntity
  8
0
  6
ByLayer
 62
    3
370
   -1
100
AcDbLine
 10
51.49513052630811
 20
19.19514194269238
 11
51.58413052630811
 21
19.19514194269238
  0
LINE
  5
1F5
100
AcDbEntity
  8
0
  6
ByLayer
 62
    3
370
   -1
100
AcDbLine
 10
51.58413052630811
 20
19.20314194269234
 11
51.58413052630811
 21
19.19514194269238
  0
LINE
  5
1F6
100
AcDbEntity
  8
0
  6
ByLayer
 62
    3
370
   -1
100
AcDbLine
 10
51.58413052630811
 20
19.01114194269238
 11
51.58413052630811
 21
19.00314194269233
  0
LINE
  5
1F7
100
AcDbEntity
  8
0
  6
ByLayer
 62
    3
370
   -1
100
AcDbLine
 10
51.58413052630811
 20
19.00314194269233
 11
51.38413052630912
 21
19.00314194269233
  0
LINE
  5
1F8
100
AcDbEntity
  8
0
  6
ByLayer
 62
    3
370
   -1
100
AcDbLine
 10
51.58413052630811
 20
19.01114194269238
 11
51.49513052630811
 21
19.01114194269238
  0
LINE
  5
1F9
100
AcDbEntity
  8
0
  6
ByLayer
 62
    3
370
   -1
100
AcDbLine
 10
51.4731305263082
 20
19.01114194269238
 11
51.38413052630912
 21
19.01114194269238
  0
LINE
  5
1FA
100
AcDbEntity
  8
0
  6
ByLayer
 62
    3
370
   -1
100
AcDbLine
 10
51.38413052630912
 20
19.00314194269233
 11
51.38413052630912
 21
19.01114194269238
  0
LINE
  5
1FB
100
AcDbEntity
  8
0
  6
ByLayer
 62
    3
370
   -1
100
AcDbLine
 10
51.38413052630912
 20
19.19514194269238
 11
51.38413052630912
 21
19.20314194269234
  0
LINE
  5
1FC
100
AcDbEntity
  8
0
  6
ByLayer
 62
    3
370
   -1
100
AcDbLine
 10
51.47813052630823
 20
19.1901419426923
 11
51.47813052630823
 21
19.01614194269237
  0
LINE
  5
1FD
100
AcDbEntity
  8
0
  6
ByLayer
 62
    3
370
   -1
100
AcDbLine
 10
51.49013052630807
 20
19.1901419426923
 11
51.49013052630807
 21
19.01614194269237
  0
LINE
  5
1FE
100
AcDbEntity
  8
0
  6
ByLayer
 62
    3
370
   -1
100
AcDbLine
 10
53.38413052630913
 20
19.20314194269234
 11
53.58413052630812
 21
19.20314194269234
  0
LINE
  5
1FF
100
AcDbEntity
  8
0
  6
ByLayer
 62
    3
370
   -1
100
AcDbLine
 10
53.38413052630913
 20
19.19514194269238
 11
53.47313052630913
 21
19.19514194269238
  0
LINE
  5
200
100
AcDbEntity
  8
0
  6
ByLayer
 62
    3
370
   -1
100
AcDbLine
 10
53.49513052630812
 20
19.19514194269238
 11
53.58413052630812
 21
19.19514194269238
  0
LINE
  5
201
100
AcDbEntity
  8
0
  6
ByLayer
 62
    3
370
   -1
100
AcDbLine
 10
53.58413052630812
 20
19.20314194269234
 11
53.58413052630812
 21
19.19514194269238
  0
LINE
  5
202
100
AcDbEntity
  8
0
  6
ByLayer
 62
    3
370
   -1
100
AcDbLine
 10
53.58413052630812
 20
19.01114194269238
 11
53.58413052630812
 21
19.00314194269233
  0
LINE
  5
203
100
AcDbEntity
  8
0
  6
ByLayer
 62
    3
370
   -1
100
AcDbLine
 10
53.58413052630812
 20
19.00314194269233
 11
53.38413052630913
 21
19.00314194269233
  0
LINE
  5
204
100
AcDbEntity
  8
0
  6
ByLayer
 62
    3
370
   -1
100
AcDbLine
 10
53.58413052630812
 20
19.01114194269238
 11
53.49513052630812
 21
19.01114194269238
  0
LINE
  5
205
100
AcDbEntity
  8
0
  6
ByLayer
 62
    3
370
   -1
100
AcDbLine
 10
53.47313052630913
 20
19.01114194269238
 11
53.38413052630913
 21
19.01114194269238
  0
LINE
  5
206
100
AcDbEntity
  8
0
  6
ByLayer
 62
    3
370
   -1
100
AcDbLine
 10
53.38413052630913
 20
19.00314194269233
 11
53.38413052630913
 21
19.01114194269238
  0
LINE
  5
207
100
AcDbEntity
  8
0
  6
ByLayer
 62
    3
370
   -1
100
AcDbLine
 10
53.38413052630913
 20
19.19514194269238
 11
53.38413052630913
 21
19.20314194269234
  0
LINE
  5
208
100
AcDbEntity
  8
0
  6
ByLayer
 62
    3
370
   -1
100
AcDbLine
 10
53.47813052630898
 20
19.1901419426923
 11
53.47813052630824
 21
19.01614194269237
  0
LINE
  5
209
100
AcDbEntity
  8
0
  6
ByLayer
 62
    3
370
   -1
100
AcDbLine
 10
53.49013052630808
 20
19.1901419426923
 11
53.49013052630808
 21
19.01614194269237
  0
LINE
  5
20A
100
AcDbEntity
  8
0
  6
ByLayer
 62
    3
370
   -1
100
AcDbLine
 10
55.38413052630914
 20
19.20314194269234
 11
55.58413052630905
 21
19.20314194269234
  0
LINE
  5
20B
100
AcDbEntity
  8
0
  6
ByLayer
 62
    3
370
   -1
100
AcDbLine
 10
55.38413052630914
 20
19.19514194269238
 11
55.47313052630821
 21
19.19514194269238
  0
LINE
  5
20C
100
AcDbEntity
  8
0
  6
ByLayer
 62
    3
370
   -1
100
AcDbLine
 10
55.49513052630812
 20
19.19514194269238
 11
55.58413052630905
 21
19.19514194269238
  0
LINE
  5
20D
100
AcDbEntity
  8
0
  6
ByLayer
 62
    3
370
   -1
100
AcDbLine
 10
55.58413052630905
 20
19.20314194269234
 11
55.58413052630905
 21
19.19514194269238
  0
LINE
  5
20E
100
AcDbEntity
  8
0
  6
ByLayer
 62
    3
370
   -1
100
AcDbLine
 10
55.58413052630905
 20
19.01114194269238
 11
55.58413052630905
 21
19.00314194269233
  0
LINE
  5
20F
100
AcDbEntity
  8
0
  6
ByLayer
 62
    3
370
   -1
100
AcDbLine
 10
55.58413052630905
 20
19.00314194269233
 11
55.38413052630914
 21
19.00314194269233
  0
LINE
  5
210
100
AcDbEntity
  8
0
  6
ByLayer
 62
    3
370
   -1
100
AcDbLine
 10
55.58413052630905
 20
19.01114194269238
 11
55.49513052630812
 21
19.01114194269238
  0
LINE
  5
211
100
AcDbEntity
  8
0
  6
ByLayer
 62
    3
370
   -1
100
AcDbLine
 10
55.47313052630821
 20
19.01114194269238
 11
55.38413052630914
 21
19.01114194269238
  0
LINE
  5
212
100
AcDbEntity
  8
0
  6
ByLayer
 62
    3
370
   -1
100
AcDbLine
 10
55.38413052630914
 20
19.00314194269233
 11
55.38413052630914
 21
19.01114194269238
  0
LINE
  5
213
100
AcDbEntity
  8
0
  6
ByLayer
 62
    3
370
   -1
100
AcDbLine
 10
55.38413052630914
 20
19.19514194269238
 11
55.38413052630914
 21
19.20314194269234
  0
LINE
  5
214
100
AcDbEntity
  8
0
  6
ByLayer
 62
    3
370
   -1
100
AcDbLine
 10
55.47813052630825
 20
19.1901419426923
 11
55.47813052630825
 21
19.01614194269237
  0
LINE
  5
215
100
AcDbEntity
  8
0
  6
ByLayer
 62
    3
370
   -1
100
AcDbLine
 10
55.49013052630809
 20
19.1901419426923
 11
55.49013052630809
 21
19.01614194269237
  0
LINE
  5
216
100
AcDbEntity
  8
0
  6
ByLayer
 62
    3
370
   -1
100
AcDbLine
 10
51.38413052630912
 20
20.60314194269234
 11
51.58413052630811
 21
20.60314194269234
  0
LINE
  5
217
100
AcDbEntity
  8
0
  6
ByLayer
 62
    3
370
   -1
100
AcDbLine
 10
51.38413052630912
 20
20.5951419426923
 11
51.4731305263082
 21
20.5951419426923
  0
LINE
  5
218
100
AcDbEntity
  8
0
  6
ByLayer
 62
    3
370
   -1
100
AcDbLine
 10
51.49513052630811
 20
20.5951419426923
 11
51.58413052630811
 21
20.5951419426923
  0
LINE
  5
219
100
AcDbEntity
  8
0
  6
ByLayer
 62
    3
370
   -1
100
AcDbLine
 10
51.58413052630811
 20
20.60314194269234
 11
51.58413052630811
 21
20.5951419426923
  0
LINE
  5
21A
100
AcDbEntity
  8
0
  6
ByLayer
 62
    3
370
   -1
100
AcDbLine
 10
51.58413052630811
 20
20.41114194269239
 11
51.58413052630811
 21
20.40314194269234
  0
LINE
  5
21B
100
AcDbEntity
  8
0
  6
ByLayer
 62
    3
370
   -1
100
AcDbLine
 10
51.58413052630811
 20
20.40314194269234
 11
51.38413052630912
 21
20.40314194269234
  0
LINE
  5
21C
100
AcDbEntity
  8
0
  6
ByLayer
 62
    3
370
   -1
100
AcDbLine
 10
51.58413052630811
 20
20.41114194269239
 11
51.49513052630811
 21
20.41114194269239
  0
LINE
  5
21D
100
AcDbEntity
  8
0
  6
ByLayer
 62
    3
370
   -1
100
AcDbLine
 10
51.4731305263082
 20
20.41114194269239
 11
51.38413052630912
 21
20.41114194269239
  0
LINE
  5
21E
100
AcDbEntity
  8
0
  6
ByLayer
 62
    3
370
   -1
100
AcDbLine
 10
51.38413052630912
 20
20.40314194269234
 11
51.38413052630912
 21
20.41114194269239
  0
LINE
  5
21F
100
AcDbEntity
  8
0
  6
ByLayer
 62
    3
370
   -1
100
AcDbLine
 10
51.38413052630912
 20
20.5951419426923
 11
51.38413052630912
 21
20.60314194269234
  0
LINE
  5
220
100
AcDbEntity
  8
0
  6
ByLayer
 62
    3
370
   -1
100
AcDbLine
 10
51.47813052630823
 20
20.5901419426924
 11
51.47813052630823
 21
20.41614194269238
  0
LINE
  5
221
100
AcDbEntity
  8
0
  6
ByLayer
 62
    3
370
   -1
100
AcDbLine
 10
51.49013052630807
 20
20.5901419426924
 11
51.49013052630807
 21
20.41614194269238
  0
LINE
  5
222
100
AcDbEntity
  8
0
  6
ByLayer
 62
    3
370
   -1
100
AcDbLine
 10
53.38413052630913
 20
20.60314194269234
 11
53.58413052630812
 21
20.60314194269234
  0
LINE
  5
223
100
AcDbEntity
  8
0
  6
ByLayer
 62
    3
370
   -1
100
AcDbLine
 10
53.38413052630913
 20
20.5951419426923
 11
53.47313052630913
 21
20.5951419426923
  0
LINE
  5
224
100
AcDbEntity
  8
0
  6
ByLayer
 62
    3
370
   -1
100
AcDbLine
 10
53.49513052630812
 20
20.5951419426923
 11
53.58413052630812
 21
20.5951419426923
  0
LINE
  5
225
100
AcDbEntity
  8
0
  6
ByLayer
 62
    3
370
   -1
100
AcDbLine
 10
53.58413052630812
 20
20.60314194269234
 11
53.58413052630812
 21
20.5951419426923
  0
LINE
  5
226
100
AcDbEntity
  8
0
  6
ByLayer
 62
    3
370
   -1
100
AcDbLine
 10
53.58413052630812
 20
20.41114194269239
 11
53.58413052630812
 21
20.40314194269234
  0
LINE
  5
227
100
AcDbEntity
  8
0
  6
ByLayer
 62
    3
370
   -1
100
AcDbLine
 10
53.58413052630812
 20
20.40314194269234
 11
53.38413052630913
 21
20.40314194269234
  0
LINE
  5
228
100
AcDbEntity
  8
0
  6
ByLayer
 62
    3
370
   -1
100
AcDbLine
 10
53.58413052630812
 20
20.41114194269239
 11
53.49513052630812
 21
20.41114194269239
  0
LINE
  5
229
100
AcDbEntity
  8
0
  6
ByLayer
 62
    3
370
   -1
100
AcDbLine
 10
53.47313052630913
 20
20.41114194269239
 11
53.38413052630913
 21
20.41114194269239
  0
LINE
  5
22A
100
AcDbEntity
  8
0
  6
ByLayer
 62
    3
370
   -1
100
AcDbLine
 10
53.38413052630913
 20
20.40314194269234
 11
53.38413052630913
 21
20.41114194269239
  0
LINE
  5
22B
100
AcDbEntity
  8
0
  6
ByLayer
 62
    3
370
   -1
100
AcDbLine
 10
53.38413052630913
 20
20.5951419426923
 11
53.38413052630913
 21
20.60314194269234
  0
LINE
  5
22C
100
AcDbEntity
  8
0
  6
ByLayer
 62
    3
370
   -1
100
AcDbLine
 10
53.47813052630898
 20
20.5901419426924
 11
53.47813052630824
 21
20.41614194269238
  0
LINE
  5
22D
100
AcDbEntity
  8
0
  6
ByLayer
 62
    3
370
   -1
100
AcDbLine
 10
53.49013052630808
 20
20.5901419426924
 11
53.49013052630808
 21
20.41614194269238
  0
LINE
  5
22E
100
AcDbEntity
  8
0
  6
ByLayer
 62
    3
370
   -1
100
AcDbLine
 10
55.38413052630914
 20
20.60314194269234
 11
55.58413052630905
 21
20.60314194269234
  0
LINE
  5
22F
100
AcDbEntity
  8
0
  6
ByLayer
 62
    3
370
   -1
100
AcDbLine
 10
55.38413052630914
 20
20.5951419426923
 11
55.47313052630821
 21
20.5951419426923
  0
LINE
  5
230
100
AcDbEntity
  8
0
  6
ByLayer
 62
    3
370
   -1
100
AcDbLine
 10
55.49513052630812
 20
20.5951419426923
 11
55.58413052630905
 21
20.5951419426923
  0
LINE
  5
231
100
AcDbEntity
  8
0
  6
ByLayer
 62
    3
370
   -1
100
AcDbLine
 10
55.58413052630905
 20
20.60314194269234
 11
55.58413052630905
 21
20.5951419426923
  0
LINE
  5
232
100
AcDbEntity
  8
0
  6
ByLayer
 62
    3
370
   -1
100
AcDbLine
 10
55.58413052630905
 20
20.41114194269239
 11
55.58413052630905
 21
20.40314194269234
  0
LINE
  5
233
100
AcDbEntity
  8
0
  6
ByLayer
 62
    3
370
   -1
100
AcDbLine
 10
55.58413052630905
 20
20.40314194269234
 11
55.38413052630914
 21
20.40314194269234
  0
LINE
  5
234
100
AcDbEntity
  8
0
  6
ByLayer
 62
    3
370
   -1
100
AcDbLine
 10
55.58413052630905
 20
20.41114194269239
 11
55.49513052630812
 21
20.41114194269239
  0
LINE
  5
235
100
AcDbEntity
  8
0
  6
ByLayer
 62
    3
370
   -1
100
AcDbLine
 10
55.47313052630821
 20
20.41114194269239
 11
55.38413052630914
 21
20.41114194269239
  0
LINE
  5
236
100
AcDbEntity
  8
0
  6
ByLayer
 62
    3
370
   -1
100
AcDbLine
 10
55.38413052630914
 20
20.40314194269234
 11
55.38413052630914
 21
20.41114194269239
  0
LINE
  5
237
100
AcDbEntity
  8
0
  6
ByLayer
 62
    3
370
   -1
100
AcDbLine
 10
55.38413052630914
 20
20.5951419426923
 11
55.38413052630914
 21
20.60314194269234
  0
LINE
  5
238
100
AcDbEntity
  8
0
  6
ByLayer
 62
    3
370
   -1
100
AcDbLine
 10
55.47813052630825
 20
20.5901419426924
 11
55.47813052630825
 21
20.41614194269238
  0
LINE
  5
239
100
AcDbEntity
  8
0
  6
ByLayer
 62
    3
370
   -1
100
AcDbLine
 10
55.49013052630809
 20
20.5901419426924
 11
55.49013052630809
 21
20.41614194269238
  0
LINE
  5
23A
100
AcDbEntity
  8
0
  6
ByLayer
 62
    7
370
   -1
100
AcDbLine
 10
53.58413052630812
 20
21.60314194269235
 11
53.58413052630812
 21
18.00314194269233
  0
LINE
  5
23B
100
AcDbEntity
  8
0
  6
ByLayer
 62
    6
370
   -1
100
AcDbLine
 10
58.78821343992409
 20
18.0806419426922
 11
58.78821343992409
 21
15.88064194269219
  0
LINE
  5
23C
100
AcDbEntity
  8
0
  6
ByLayer
 62
    6
370
   -1
100
AcDbLine
 10
58.88821343992414
 20
18.08064194269206
 11
60.74821343992416
 21
18.0806419426922
  0
LINE
  5
23D
100
AcDbEntity
  8
0
  6
ByLayer
 62
    6
370
   -1
100
AcDbLine
 10
58.88821343992414
 20
17.99064194269205
 11
60.74821343992416
 21
17.99064194269219
  0
LINE
  5
23E
100
AcDbEntity
  8
0
  6
ByLayer
 62
    7
370
   -1
100
AcDbLine
 10
60.84821343992402
 20
19.43064194269232
 11
60.74821343992416
 21
19.43064194269218
  0
LINE
  5
23F
100
AcDbEntity
  8
0
  6
ByLayer
 62
    7
370
   -1
100
AcDbLine
 10
60.84821343992402
 20
19.43064194269232
 11
61.74821343992406
 21
19.43064194269232
  0
LINE
  5
240
100
AcDbEntity
  8
0
  6
ByLayer
 62
    7
370
   -1
100
AcDbLine
 10
60.74821343992416
 20
19.43064194269218
 11
60.74821343992416
 21
18.0806419426922
  0
LINE
  5
241
100
AcDbEntity
  8
0
  6
ByLayer
 62
    7
370
   -1
100
AcDbLine
 10
58.93897044042905
 20
17.33524427160101
 11
59.53897044042915
 21
17.33524427160101
  0
LINE
  5
242
100
AcDbEntity
  8
0
  6
ByLayer
 62
    7
370
   -1
100
AcDbLine
 10
59.53897044042915
 20
17.33524427160101
 11
59.53897044042915
 21
17.05524427160098
  0
LINE
  5
243
100
AcDbEntity
  8
0
  6
ByLayer
 62
    7
370
   -1
100
AcDbLine
 10
59.53897044042915
 20
17.33524427160101
 11
60.13897044043016
 21
17.33524427160101
  0
LINE
  5
244
100
AcDbEntity
  8
0
  6
ByLayer
 62
    7
370
   -1
100
AcDbLine
 10
60.13897044043016
 20
17.33524427160101
 11
60.13897044042906
 21
17.05524427160098
  0
LINE
  5
245
100
AcDbEntity
  8
0
  6
ByLayer
 62
    7
370
   -1
100
AcDbLine
 10
58.93897044042905
 20
17.33524427160101
 11
58.93897044042905
 21
17.05524427160098
  0
LINE
  5
246
100
AcDbEntity
  8
0
  6
ByLayer
 62
    7
370
   -1
100
AcDbLine
 10
58.93897044042905
 20
17.05524427160098
 11
60.13897044042906
 21
17.05524427160098
  0
LINE
  5
247
100
AcDbEntity
  8
0
  6
ByLayer
 62
    7
370
   -1
100
AcDbLine
 10
60.13897044043016
 20
17.75655843663431
 11
60.13897044043016
 21
16.45524427160098
  0
LINE
  5
248
100
AcDbEntity
  8
0
  6
ByLayer
 62
    7
370
   -1
100
AcDbLine
 10
59.36821343992403
 20
15.98064194269219
 11
59.36821343992403
 21
15.08064194269219
  0
LINE
  5
249
100
AcDbEntity
  8
0
  6
ByLayer
 62
    7
370
   -1
100
AcDbLine
 10
60.13897044043016
 20
16.45524427160098
 11
58.93897044042905
 21
16.45524427160084
  0
LINE
  5
24A
100
AcDbEntity
  8
0
  6
ByLayer
 62
    7
370
   -1
100
AcDbLine
 10
58.93897044042905
 20
17.05524427160098
 11
58.93897044042905
 21
16.45524427160084
  0
LINE
  5
24B
100
AcDbEntity
  8
0
  6
ByLayer
 62
    7
370
   -1
100
AcDbLine
 10
58.93897044042905
 20
17.33524427160101
 11
58.93897044042905
 21
17.75655843663431
  0
LINE
  5
24C
100
AcDbEntity
  8
0
  6
ByLayer
 62
    7
370
   -1
100
AcDbLine
 10
59.08845005390809
 20
16.8120001150078
 11
60.00473176763222
 21
16.8120001150078
  0
LINE
  5
24D
100
AcDbEntity
  8
0
  6
ByLayer
 62
    7
370
   -1
100
AcDbLine
 10
60.00473176763222
 20
16.8120001150078
 11
60.00473176763222
 21
16.50826761314649
  0
LINE
  5
24E
100
AcDbEntity
  8
0
  6
ByLayer
 62
    7
370
   -1
100
AcDbLine
 10
60.00473176763222
 20
16.50826761314649
 11
59.08845005390809
 21
16.50826761314649
  0
LINE
  5
24F
100
AcDbEntity
  8
0
  6
ByLayer
 62
    7
370
   -1
100
AcDbLine
 10
59.08845005390809
 20
16.50826761314649
 11
59.08845005390809
 21
16.8120001150078
  0
LINE
  5
250
100
AcDbEntity
  8
0
  6
ByLayer
 62
    7
370
   -1
100
AcDbLine
 10
58.93897044042905
 20
17.75655843663431
 11
60.13897044043016
 21
17.75655843663431
  0
LINE
  5
251
100
AcDbEntity
  8
0
  6
ByLayer
 62
    7
370
   -1
100
AcDbLine
 10
60.13897044043016
 20
16.45524427160098
 11
60.13897044043016
 21
17.93524427160101
  0
LINE
  5
252
100
AcDbEntity
  8
0
  6
ByLayer
 62
    7
370
   -1
100
AcDbLine
 10
60.13897044043016
 20
17.93524427160101
 11
58.93897044042905
 21
17.93524427160101
  0
LINE
  5
253
100
AcDbEntity
  8
0
  6
ByLayer
 62
    7
370
   -1
100
AcDbLine
 10
58.93897044042905
 20
17.75655843663431
 11
58.93897044042905
 21
17.93524427160101
  0
LINE
  5
254
100
AcDbEntity
  8
0
  6
ByLayer
 62
    7
370
   -1
100
AcDbLine
 10
60.13897044042906
 20
17.05524427160098
 11
60.13897044043016
 21
16.59524427160102
  0
LINE
  5
255
100
AcDbEntity
  8
0
  6
ByLayer
 62
    7
370
   -1
100
AcDbLine
 10
62.89846085164211
 20
20.9256419426922
 11
65.33846085164207
 21
20.9256419426922
  0
LINE
  5
256
100
AcDbEntity
  8
0
  6
ByLayer
 62
    7
370
   -1
100
AcDbLine
 10
65.33846085164207
 20
20.9256419426922
 11
65.33846085164207
 21
14.82564194269222
  0
LINE
  5
257
100
AcDbEntity
  8
0
  6
ByLayer
 62
    7
370
   -1
100
AcDbLine
 10
65.33846085164207
 20
14.82564194269222
 11
62.89846085164211
 21
14.82564194269222
  0
LINE
  5
258
100
AcDbEntity
  8
0
  6
ByLayer
 62
    7
370
   -1
100
AcDbLine
 10
62.89846085164211
 20
14.82564194269222
 11
62.89846085164211
 21
20.9256419426922
  0
LINE
  5
259
100
AcDbEntity
  8
0
  6
ByLayer
 62
    7
370
   -1
100
AcDbLine
 10
64.1184608516421
 20
14.82564194269222
 11
65.33846085164207
 21
14.82564194269222
  0
LINE
  5
25A
100
AcDbEntity
  8
0
  6
ByLayer
 62
   32
370
   -1
100
AcDbLine
 10
63.76775177532804
 20
19.49832440025081
 11
65.28253162955023
 21
19.49832440025081
  0
LINE
  5
25B
100
AcDbEntity
  8
0
  6
ByLayer
 62
   32
370
   -1
100
AcDbLine
 10
65.28253162955023
 20
19.49832440025081
 11
65.28253162955023
 21
18.74093447313966
  0
LINE
  5
25C
100
AcDbEntity
  8
0
  6
ByLayer
 62
   32
370
   -1
100
AcDbLine
 10
65.28253162955023
 20
18.74093447313966
 11
63.76775177532804
 21
18.74093447313966
  0
LINE
  5
25D
100
AcDbEntity
  8
0
  6
ByLayer
 62
   32
370
   -1
100
AcDbLine
 10
63.76775177532804
 20
18.74093447313966
 11
63.76775177532804
 21
19.49832440025081
  0
LINE
  5
25E
100
AcDbEntity
  8
0
  6
ByLayer
 62
   32
370
   -1
100
AcDbLine
 10
65.28253162955023
 20
18.74093447313966
 11
65.28253162955023
 21
17.98354454602852
  0
LINE
  5
25F
100
AcDbEntity
  8
0
  6
ByLayer
 62
   32
370
   -1
100
AcDbLine
 10
65.28253162955023
 20
17.98354454602852
 11
63.76775177532804
 21
17.98354454602852
  0
LINE
  5
260
100
AcDbEntity
  8
0
  6
ByLayer
 62
   32
370
   -1
100
AcDbLine
 10
63.76775177532804
 20
17.98354454602852
 11
63.76775177532804
 21
18.74093447313966
  0
LINE
  5
261
100
AcDbEntity
  8
0
  6
ByLayer
 62
   32
370
   -1
100
AcDbLine
 10
65.28253162955023
 20
17.98354454602852
 11
65.28253162955023
 21
17.22615461891737
  0
LINE
  5
262
100
AcDbEntity
  8
0
  6
ByLayer
 62
   32
370
   -1
100
AcDbLine
 10
65.28253162955023
 20
17.22615461891737
 11
63.76775177532804
 21
17.22615461891737
  0
LINE
  5
263
100
AcDbEntity
  8
0
  6
ByLayer
 62
   32
370
   -1
100
AcDbLine
 10
63.76775177532804
 20
17.22615461891737
 11
63.76775177532804
 21
17.98354454602852
  0
LINE
  5
264
100
AcDbEntity
  8
0
  6
ByLayer
 62
   32
370
   -1
100
AcDbLine
 10
65.28253162955023
 20
17.22615461891737
 11
65.28253162955023
 21
16.46876469180637
  0
LINE
  5
265
100
AcDbEntity
  8
0
  6
ByLayer
 62
   32
370
   -1
100
AcDbLine
 10
65.28253162955023
 20
16.46876469180637
 11
63.76775177532804
 21
16.46876469180637
  0
LINE
  5
266
100
AcDbEntity
  8
0
  6
ByLayer
 62
   32
370
   -1
100
AcDbLine
 10
63.76775177532804
 20
16.46876469180637
 11
63.76775177532804
 21
17.22615461891737
  0
LINE
  5
267
100
AcDbEntity
  8
0
  6
ByLayer
 62
   32
370
   -1
100
AcDbLine
 10
65.28253162955023
 20
16.46876469180637
 11
65.28253162955023
 21
15.71137476469504
  0
LINE
  5
268
100
AcDbEntity
  8
0
  6
ByLayer
 62
   32
370
   -1
100
AcDbLine
 10
65.28253162955023
 20
15.71137476469504
 11
63.76775177532804
 21
15.71137476469504
  0
LINE
  5
269
100
AcDbEntity
  8
0
  6
ByLayer
 62
   32
370
   -1
100
AcDbLine
 10
63.76775177532804
 20
15.71137476469504
 11
63.76775177532804
 21
16.46876469180637
  0
LINE
  5
26A
100
AcDbEntity
  8
0
  6
ByLayer
 62
    6
370
   -1
100
AcDbLine
 10
63.71016920005293
 20
15.49571881901438
 11
63.71030247019115
 21
15.49571881901438
  0
LINE
  5
26B
100
AcDbEntity
  8
0
  6
ByLayer
 62
    7
370
   -1
100
AcDbLine
 10
62.97196127073522
 20
14.82564194269222
 11
65.33846085164207
 21
14.82564194269222
  0
LINE
  5
26C
100
AcDbEntity
  8
0
  6
ByLayer
 62
    7
370
   -1
100
AcDbLine
 10
62.89846085164211
 20
14.82564194269222
 11
62.97196127073522
 21
14.82564194269222
  0
LINE
  5
26D
100
AcDbEntity
  8
0
  6
ByLayer
 62
    1
370
   -1
100
AcDbLine
 10
64.07570029282914
 20
15.35602245630803
 11
63.32835196373694
 21
15.35602245630803
  0
LINE
  5
26E
100
AcDbEntity
  8
0
  6
ByLayer
 62
    7
370
   -1
100
AcDbLine
 10
63.76775177532804
 20
18.75857250172144
 11
62.98294197515511
 21
18.75857250172144
  0
LINE
  5
26F
100
AcDbEntity
  8
0
  6
ByLayer
 62
    7
370
   -1
100
AcDbLine
 10
62.98294197515511
 20
18.75857250172144
 11
62.98294197515511
 21
16.11174485204934
  0
LINE
  5
270
100
AcDbEntity
  8
0
  6
ByLayer
 62
    7
370
   -1
100
AcDbLine
 10
62.98294197515511
 20
16.11174485204934
 11
63.76775177532804
 21
16.11174485204934
  0
LINE
  5
271
100
AcDbEntity
  8
0
  6
ByLayer
 62
    1
370
   -1
100
AcDbLine
 10
63.76775177532804
 20
16.09006972825054
 11
63.30507246250519
 21
16.09006972825054
  0
LINE
  5
272
100
AcDbEntity
  8
0
  6
ByLayer
 62
    1
370
   -1
100
AcDbLine
 10
63.76775177532804
 20
16.84745965536187
 11
63.28516927032223
 21
16.84745965536187
  0
LINE
  5
273
100
AcDbEntity
  8
0
  6
ByLayer
 62
    1
370
   -1
100
AcDbLine
 10
63.32835196373694
 20
19.12223835997149
 11
63.76775177532804
 21
19.12223835997149
  0
LINE
  5
274
100
AcDbEntity
  8
0
  6
ByLayer
 62
    7
370
   -1
100
AcDbLine
 10
63.76775177532804
 20
16.11174485204934
 11
63.76775177532804
 21
18.75857250172144
  0
LINE
  5
275
100
AcDbEntity
  8
0
  6
ByLayer
 62
    1
370
   -1
100
AcDbLine
 10
63.32835196373694
 20
19.12223835997149
 11
63.32835196373694
 21
15.35602245630803
  0
LINE
  5
276
100
AcDbEntity
  8
0
  6
ByLayer
 62
    1
370
   -1
100
AcDbLine
 10
63.76775177532804
 20
17.60484958247302
 11
63.28516927032223
 21
17.60484958247302
  0
LINE
  5
277
100
AcDbEntity
  8
0
  6
ByLayer
 62
    1
370
   -1
100
AcDbLine
 10
63.76775177532804
 20
18.36223950958416
 11
63.28516927032223
 21
18.36223950958416
  0
LINE
  5
278
100
AcDbEntity
  8
0
  6
ByLayer
 62
    6
370
   -1
100
AcDbLine
 10
65.28253162955023
 20
15.58181807088807
 11
65.28253162955023
 21
19.49832440025081
  0
LINE
  5
279
100
AcDbEntity
  8
0
  6
ByLayer
 62
    6
370
   -1
100
AcDbLine
 10
65.28253162955023
 20
19.49832440025081
 11
62.97893951367801
 21
19.49832440025081
  0
LINE
  5
27A
100
AcDbEntity
  8
0
  6
ByLayer
 62
    6
370
   -1
100
AcDbLine
 10
62.97196127073522
 20
14.82564194269222
 11
62.97893951367801
 21
20.85905335416759
  0
LINE
  5
27B
100
AcDbEntity
  8
0
  6
ByLayer
 62
    6
370
   -1
100
AcDbLine
 10
65.28253162955023
 20
20.85905335416759
 11
65.28253162955023
 21
14.89682358126734
  0
LINE
  5
27C
100
AcDbEntity
  8
0
  6
ByLayer
 62
    6
370
   -1
100
AcDbLine
 10
65.28253162955023
 20
14.89682358126734
 11
64.11956969976821
 21
14.89682358126734
  0
LINE
  5
27D
100
AcDbEntity
  8
0
  6
ByLayer
 62
    6
370
   -1
100
AcDbLine
 10
64.11956969976821
 20
14.89682358126734
 11
64.1184608516421
 21
14.82564194269222
  0
LINE
  5
27E
100
AcDbEntity
  8
0
  6
ByLayer
 62
    7
370
   -1
100
AcDbLine
 10
64.36485000573127
 20
20.82068670699084
 11
67.39779071467233
 21
20.82068670699098
  0
LINE
  5
27F
100
AcDbEntity
  8
0
  6
ByLayer
 62
    7
370
   -1
100
AcDbLine
 10
74.54549259521518
 20
12.06341847264734
 11
76.93335165490919
 21
12.06341847264734
  0
LINE
  5
280
100
AcDbEntity
  8
0
  6
ByLayer
 62
    7
370
   -1
100
AcDbLine
 10
76.93335165490919
 20
12.06341847264734
 11
76.93335165490919
 21
9.743758454476517
  0
LINE
  5
281
100
AcDbEntity
  8
0
  6
ByLayer
 62
    7
370
   -1
100
AcDbLine
 10
76.93335165490919
 20
9.743758454476517
 11
74.54549259521518
 21
9.743758454476517
  0
LINE
  5
282
100
AcDbEntity
  8
0
  6
ByLayer
 62
    7
370
   -1
100
AcDbLine
 10
74.54549259521518
 20
9.743758454476517
 11
74.54549259521518
 21
12.06341847264734
  0
LINE
  5
283
100
AcDbEntity
  8
0
  6
ByLayer
 62
    7
370
   -1
100
AcDbLine
 10
74.46027938189512
 20
18.25478657805304
 11
76.84813844158911
 21
18.25478657805304
  0
LINE
  5
284
100
AcDbEntity
  8
0
  6
ByLayer
 62
    7
370
   -1
100
AcDbLine
 10
76.84813844158911
 20
18.25478657805304
 11
76.84813844158911
 21
15.93512655988231
  0
LINE
  5
285
100
AcDbEntity
  8
0
  6
ByLayer
 62
    7
370
   -1
100
AcDbLine
 10
76.84813844158911
 20
15.93512655988231
 11
74.46027938189512
 21
15.93512655988231
  0
LINE
  5
286
100
AcDbEntity
  8
0
  6
ByLayer
 62
    7
370
   -1
100
AcDbLine
 10
74.46027938189512
 20
15.93512655988231
 11
74.46027938189512
 21
18.25478657805304
  0
LINE
  5
287
100
AcDbEntity
  8
0
  6
ByLayer
 62
    7
370
   -1
100
AcDbLine
 10
79.37361776755193
 20
15.28539132869283
 11
81.76147682724724
 21
15.28539132869283
  0
LINE
  5
288
100
AcDbEntity
  8
0
  6
ByLayer
 62
    7
370
   -1
100
AcDbLine
 10
81.76147682724724
 20
15.28539132869283
 11
81.76147682724724
 21
12.96573131052196
  0
LINE
  5
289
100
AcDbEntity
  8
0
  6
ByLayer
 62
    7
370
   -1
100
AcDbLine
 10
81.76147682724724
 20
12.96573131052196
 11
79.37361776755193
 21
12.96573131052196
  0
LINE
  5
28A
100
AcDbEntity
  8
0
  6
ByLayer
 62
    7
370
   -1
100
AcDbLine
 10
79.37361776755193
 20
12.96573131052196
 11
79.37361776755193
 21
15.28539132869283
  0
LINE
  5
28B
100
AcDbEntity
  8
0
  6
ByLayer
 62
    5
370
   -1
100
AcDbLine
 10
60.83821343992505
 20
15.88064194269205
 11
60.83821343992505
 21
13.82564194269222
  0
LINE
  5
28C
100
AcDbEntity
  8
0
  6
ByLayer
 62
    5
370
   -1
100
AcDbLine
 10
61.72805574513713
 20
8.060905395407488
 11
62.16539483358221
 21
8.060905395407488
  0
LINE
  5
28D
100
AcDbEntity
  8
0
  6
ByLayer
 62
    5
370
   -1
100
AcDbLine
 10
62.16539483358221
 20
7.997789568148191
 11
61.72805574513713
 21
7.997789568148191
  0
LINE
  5
28E
100
AcDbEntity
  8
0
  6
ByLayer
 62
    5
370
   -1
100
AcDbLine
 10
62.16539483358221
 20
8.060905395407488
 11
62.16539483358221
 21
7.997789568148191
  0
LINE
  5
28F
100
AcDbEntity
  8
0
  6
ByLayer
 62
    7
370
   -1
100
AcDbLine
 10
49.34651680316416
 20
8.218694963555798
 11
49.72521176672004
 21
8.218694963555798
  0
LINE
  5
290
100
AcDbEntity
  8
0
  6
ByLayer
 62
    7
370
   -1
100
AcDbLine
 10
49.72521176672004
 20
8.218694963555798
 11
49.72521176672004
 21
7.839999999999972
  0
LINE
  5
291
100
AcDbEntity
  8
0
  6
ByLayer
 62
    7
370
   -1
100
AcDbLine
 10
49.72521176672004
 20
7.839999999999972
 11
49.34651680316416
 21
7.839999999999972
  0
LINE
  5
292
100
AcDbEntity
  8
0
  6
ByLayer
 62
    7
370
   -1
100
AcDbLine
 10
49.34651680316416
 20
7.839999999999972
 11
49.34651680316416
 21
8.218694963555798
  0
LINE
  5
293
100
AcDbEntity
  8
0
  6
ByLayer
 62
    7
370
   -1
100
AcDbLine
 10
49.48586428494217
 20
10.2256419426922
 11
49.48586428494217
 21
8.218694963555798
  0
LINE
  5
294
100
AcDbEntity
  8
0
  6
ByLayer
 62
    7
370
   -1
100
AcDbLine
 10
49.58586428494221
 20
10.2256419426922
 11
49.58586428494221
 21
8.218694963555798
  0
LINE
  5
295
100
AcDbEntity
  8
0
  6
ByLayer
 62
    7
370
   -1
100
AcDbLine
 10
49.48586428494217
 20
8.218694963555798
 11
49.58586428494221
 21
8.218694963555798
  0
LINE
  5
296
100
AcDbEntity
  8
0
  6
ByLayer
 62
    6
370
   -1
100
AcDbLine
 10
62.97893951367801
 20
20.85905335416759
 11
65.28253162955023
 21
20.85905335416759
  0
LINE
  5
297
100
AcDbEntity
  8
0
  6
ByLayer
 62
    7
370
   -1
100
AcDbLine
 10
67.30681304419402
 20
20.6457152092775
 11
67.48888862873109
 21
20.6457152092775
  0
LINE
  5
298
100
AcDbEntity
  8
0
  6
ByLayer
 62
    7
370
   -1
100
AcDbLine
 10
67.48888862873109
 20
20.6457152092775
 11
67.48876838515007
 21
20.97565820470449
  0
LINE
  5
299
100
AcDbEntity
  8
0
  6
ByLayer
 62
    7
370
   -1
100
AcDbLine
 10
67.48876838515007
 20
20.97565820470449
 11
67.30669280061412
 21
20.97565820470449
  0
LINE
  5
29A
100
AcDbEntity
  8
0
  6
ByLayer
 62
    7
370
   -1
100
AcDbLine
 10
67.30669280061412
 20
20.97565820470449
 11
67.30681304419402
 21
20.6457152092775
  0
LINE
  5
29B
100
AcDbEntity
  8
0
  6
ByLayer
 62
    7
370
   -1
100
AcDbLine
 10
67.35074604132303
 20
8.218694963555798
 11
67.72944100487891
 21
8.218694963555798
  0
LINE
  5
29C
100
AcDbEntity
  8
0
  6
ByLayer
 62
    7
370
   -1
100
AcDbLine
 10
67.72944100487891
 20
8.218694963555798
 11
67.72944100487891
 21
7.839999999999972
  0
LINE
  5
29D
100
AcDbEntity
  8
0
  6
ByLayer
 62
    7
370
   -1
100
AcDbLine
 10
67.72944100487891
 20
7.839999999999972
 11
67.35074604132303
 21
7.839999999999972
  0
LINE
  5
29E
100
AcDbEntity
  8
0
  6
ByLayer
 62
    7
370
   -1
100
AcDbLine
 10
67.35074604132303
 20
7.839999999999972
 11
67.35074604132303
 21
8.218694963555798
  0
LINE
  5
29F
100
AcDbEntity
  8
0
  6
ByLayer
 62
    7
370
   -1
100
AcDbLine
 10
70.1032093503601
 20
7.921211078171515
 11
81.43877804327813
 21
7.921211078171515
  0
LINE
  5
2A0
100
AcDbEntity
  8
0
  6
ByLayer
 62
    7
370
   -1
100
AcDbLine
 10
70.1032093503601
 20
7.823800000000029
 11
70.1032093503601
 21
7.921211078171515
  0
LINE
  5
2A1
100
AcDbEntity
  8
0
  6
ByLayer
 62
    4
370
   -1
100
AcDbLine
 10
70.1032093503601
 20
9.751211078171526
 11
70.1032093503601
 21
21.02423315029151
  0
LINE
  5
2A2
100
AcDbEntity
  8
0
  6
ByLayer
 62
    4
370
   -1
100
AcDbLine
 10
70.14320935036004
 20
9.751211078171526
 11
70.14320935036004
 21
21.02449360917459
  0
LINE
  5
2A3
100
AcDbEntity
  8
0
  6
ByLayer
 62
    7
370
   -1
100
AcDbLine
 10
67.35074604132303
 20
8.079347481777839
 11
65.3970420767651
 21
8.079347481777839
  0
LINE
  5
2A4
100
AcDbEntity
  8
0
  6
ByLayer
 62
    7
370
   -1
100
AcDbLine
 10
67.35074604132303
 20
7.971936403606551
 11
65.3970420767651
 21
7.971936403606551
  0
LINE
  5
2A5
100
AcDbEntity
  8
0
  6
ByLayer
 62
    7
370
   -1
100
AcDbLine
 10
65.3970420767651
 20
8.079347481777839
 11
65.3970420767651
 21
7.971936403606551
  0
LINE
  5
2A6
100
AcDbEntity
  8
0
  6
ByLayer
 62
    7
370
   -1
100
AcDbLine
 10
67.47697769584209
 20
8.218694963555798
 11
67.35074604132303
 21
8.218694963555798
  0
LINE
  5
2A7
100
AcDbEntity
  8
0
  6
ByLayer
 62
    7
370
   -1
100
AcDbLine
 10
67.47697769584209
 20
5.890000000000035
 11
67.60320935036005
 21
5.889999999999943
  0
LINE
  5
2A8
100
AcDbEntity
  8
0
  6
ByLayer
 62
    7
370
   -1
100
AcDbLine
 10
67.47697769584209
 20
1.960000000000016
 11
67.60320935036005
 21
1.960000000000016
  0
LINE
  5
2A9
100
AcDbEntity
  8
0
  6
ByLayer
 62
    5
370
   -1
100
AcDbLine
 10
67.60320935036005
 20
3.925000000000026
 11
67.47697769584209
 21
3.924999999999979
  0
LINE
  5
2AA
100
AcDbEntity
  8
0
  6
ByLayer
 62
    7
370
   -1
100
AcDbLine
 10
67.47697769584209
 20
1.960000000000016
 11
67.47697769584209
 21
4.62e-14
  0
LINE
  5
2AB
100
AcDbEntity
  8
0
  6
ByLayer
 62
    7
370
   -1
100
AcDbLine
 10
67.47697769584209
 20
0.1000000000000466
 11
78.5332093503611
 21
0.1000000000000004
  0
LINE
  5
2AC
100
AcDbEntity
  8
0
  6
ByLayer
 62
    7
370
   -1
100
AcDbLine
 10
67.47697769584209
 20
4.62e-14
 11
78.63320935036116
 21
4.62e-14
  0
LINE
  5
2AD
100
AcDbEntity
  8
0
  6
ByLayer
 62
    7
370
   -1
100
AcDbLine
 10
67.60320935036005
 20
1.960000000000016
 11
67.60320935036005
 21
0.1000000000000466
  0
LINE
  5
2AE
100
AcDbEntity
  8
0
  6
ByLayer
 62
    7
370
   -1
100
AcDbLine
 10
77.40572953671195
 20
5.403800000000001
 11
77.40572953671195
 21
4.859457371639405
  0
LINE
  5
2AF
100
AcDbEntity
  8
0
  6
ByLayer
 62
    7
370
   -1
100
AcDbLine
 10
70.1032093503601
 20
7.823800000000029
 11
81.22429522071904
 21
7.823800000000029
  0
LINE
  5
2B0
100
AcDbEntity
  8
0
  6
ByLayer
 62
    7
370
   -1
100
AcDbLine
 10
70.87320935036006
 20
3.879999999999995
 11
75.79020935035999
 21
3.879999999999995
  0
LINE
  5
2B1
100
AcDbEntity
  8
0
  6
ByLayer
 62
    7
370
   -1
100
AcDbLine
 10
70.87320935036006
 20
3.879999999999995
 11
70.87320935036006
 21
1.600000000000006
  0
LINE
  5
2B2
100
AcDbEntity
  8
0
  6
ByLayer
 62
    7
370
   -1
100
AcDbLine
 10
70.87320935036006
 20
1.600000000000006
 11
75.79020935035999
 21
1.600000000000006
  0
LINE
  5
2B3
100
AcDbEntity
  8
0
  6
ByLayer
 62
    7
370
   -1
100
AcDbLine
 10
75.79020935035999
 20
3.879999999999995
 11
75.79020935035999
 21
1.600000000000006
  0
LINE
  5
2B4
100
AcDbEntity
  8
0
  6
ByLayer
 62
    7
370
   -1
100
AcDbLine
 10
70.87320935036006
 20
3.879999999999995
 11
70.87320935036006
 21
5.842
  0
LINE
  5
2B5
100
AcDbEntity
  8
0
  6
ByLayer
 62
    7
370
   -1
100
AcDbLine
 10
70.87320935036006
 20
5.842
 11
75.79020935035999
 21
5.842
  0
LINE
  5
2B6
100
AcDbEntity
  8
0
  6
ByLayer
 62
    7
370
   -1
100
AcDbLine
 10
75.79020935035999
 20
3.879999999999995
 11
75.79020935035999
 21
5.842
  0
LINE
  5
2B7
100
AcDbEntity
  8
0
  6
ByLayer
 62
    7
370
   -1
100
AcDbLine
 10
78.0766835529241
 20
8.037495994339508
 11
78.0766835529241
 21
8.332047836712823
  0
LINE
  5
2B8
100
AcDbEntity
  8
0
  6
ByLayer
 62
    7
370
   -1
100
AcDbLine
 10
78.0766835529241
 20
8.332047836712823
 11
78.98953684489825
 21
8.332047836712823
  0
LINE
  5
2B9
100
AcDbEntity
  8
0
  6
ByLayer
 62
    7
370
   -1
100
AcDbLine
 10
78.98953684489825
 20
8.332047836712823
 11
78.98953684489825
 21
8.037495994339508
  0
LINE
  5
2BA
100
AcDbEntity
  8
0
  6
ByLayer
 62
    7
370
   -1
100
AcDbLine
 10
78.98953684489825
 20
8.037495994339508
 11
78.0766835529241
 21
8.037495994339508
  0
LINE
  5
2BB
100
AcDbEntity
  8
0
  6
ByLayer
 62
    7
370
   -1
100
AcDbLine
 10
75.02241581057908
 20
3.879999999999995
 11
75.02241581057908
 21
1.599999999999867
  0
LINE
  5
2BC
100
AcDbEntity
  8
0
  6
ByLayer
 62
    7
370
   -1
100
AcDbLine
 10
78.43320935036013
 20
2.468222884186861
 11
78.21149046062899
 21
2.468222884186861
  0
LINE
  5
2BD
100
AcDbEntity
  8
0
  6
ByLayer
 62
    7
370
   -1
100
AcDbLine
 10
78.21149046062899
 20
2.468222884186861
 11
78.21149046062899
 21
3.011777115813094
  0
LINE
  5
2BE
100
AcDbEntity
  8
0
  6
ByLayer
 62
    7
370
   -1
100
AcDbLine
 10
78.21149046062899
 20
3.011777115813094
 11
78.43320935036013
 21
3.011777115813094
  0
LINE
  5
2BF
100
AcDbEntity
  8
0
  6
ByLayer
 62
    7
370
   -1
100
AcDbLine
 10
78.43320935036013
 20
3.011777115813094
 11
78.43320935036013
 21
2.468222884186861
  0
LINE
  5
2C0
100
AcDbEntity
  8
0
  6
ByLayer
 62
    7
370
   -1
100
AcDbLine
 10
78.39537713181912
 20
3.011777115813094
 11
78.39537713181912
 21
8.037495994339508
  0
LINE
  5
2C1
100
AcDbEntity
  8
0
  6
ByLayer
 62
    7
370
   -1
100
AcDbLine
 10
77.30572953671191
 20
5.403800000000001
 11
78.30572953671199
 21
5.403800000000001
  0
LINE
  5
2C2
100
AcDbEntity
  8
0
  6
ByLayer
 62
    7
370
   -1
100
AcDbLine
 10
78.30572953671199
 20
7.403800000000008
 11
77.30572953671191
 21
7.403800000000008
  0
LINE
  5
2C3
100
AcDbEntity
  8
0
  6
ByLayer
 62
    7
370
   -1
100
AcDbLine
 10
77.40572953671195
 20
4.959457371639406
 11
78.33312041594714
 21
4.959457371639406
  0
LINE
  5
2C4
100
AcDbEntity
  8
0
  6
ByLayer
 62
    7
370
   -1
100
AcDbLine
 10
77.40572953671195
 20
4.959457371639406
 11
78.63320935036005
 21
4.959457371639175
  0
LINE
  5
2C5
100
AcDbEntity
  8
0
  6
ByLayer
 62
    7
370
   -1
100
AcDbLine
 10
77.30572953671191
 20
4.859457371639405
 11
78.5332093503611
 21
4.859457371639405
  0
LINE
  5
2C6
100
AcDbEntity
  8
0
  6
ByLayer
 62
    7
370
   -1
100
AcDbLine
 10
77.30572953671191
 20
7.823800000000029
 11
77.30572953671191
 21
7.403800000000008
  0
LINE
  5
2C7
100
AcDbEntity
  8
0
  6
ByLayer
 62
    7
370
   -1
100
AcDbLine
 10
77.30572953671191
 20
5.403800000000001
 11
77.30572953671191
 21
4.869457371639392
  0
LINE
  5
2C8
100
AcDbEntity
  8
0
  6
ByLayer
 62
    7
370
   -1
100
AcDbLine
 10
70.1032093503601
 20
7.823800000000029
 11
78.43320935036013
 21
7.823800000000029
  0
LINE
  5
2C9
100
AcDbEntity
  8
0
  6
ByLayer
 62
    7
370
   -1
100
AcDbLine
 10
75.02241581057908
 20
2.740000000000001
 11
78.21149046062899
 21
2.740000000000001
  0
LINE
  5
2CA
100
AcDbEntity
  8
0
  6
ByLayer
 62
    7
370
   -1
100
AcDbLine
 10
78.5332093503611
 20
4.959457371639175
 11
78.5332093503611
 21
0
  0
LINE
  5
2CB
100
AcDbEntity
  8
0
  6
ByLayer
 62
    7
370
   -1
100
AcDbLine
 10
78.63320935036005
 20
4.959457371639175
 11
78.63320935036116
 21
4.62e-14
  0
LINE
  5
2CC
100
AcDbEntity
  8
0
  6
ByLayer
 62
    7
370
   -1
100
AcDbLine
 10
78.55320935036015
 20
8.037495994339508
 11
78.65320935036002
 21
8.037495994339508
  0
LINE
  5
2CD
100
AcDbEntity
  8
0
  6
ByLayer
 62
    7
370
   -1
100
AcDbLine
 10
77.30572953671191
 20
4.959457371639406
 11
77.30572953671191
 21
4.859457371639405
  0
LINE
  5
2CE
100
AcDbEntity
  8
0
  6
ByLayer
 62
    7
370
   -1
100
AcDbLine
 10
77.40572953671195
 20
7.823800000000029
 11
77.40572953671195
 21
7.403800000000008
  0
LINE
  5
2CF
100
AcDbEntity
  8
0
  6
ByLayer
 62
    4
370
   -1
100
AcDbLine
 10
70.1032093503601
 20
9.751211078171526
 11
70.14320935036004
 21
9.751211078171526
  0
LINE
  5
2D0
100
AcDbEntity
  8
0
  6
ByLayer
 62
    7
370
   -1
100
AcDbLine
 10
70.1032093503601
 20
9.751211078171526
 11
71.00320935036015
 21
9.751211078171526
  0
LINE
  5
2D1
100
AcDbEntity
  8
0
  6
ByLayer
 62
    7
370
   -1
100
AcDbLine
 10
71.00320935036015
 20
7.951211078171381
 11
70.1032093503601
 21
7.951211078171381
  0
LINE
  5
2D2
100
AcDbEntity
  8
0
  6
ByLayer
 62
    7
370
   -1
100
AcDbLine
 10
70.1032093503601
 20
7.951211078171381
 11
70.1032093503601
 21
7.921211078171515
  0
LINE
  5
2D3
100
AcDbEntity
  8
0
  6
ByLayer
 62
    7
370
   -1
100
AcDbLine
 10
61.48870826336019
 20
7.839999999999972
 11
61.48870826336019
 21
3.727108108656875
  0
LINE
  5
2D4
100
AcDbEntity
  8
0
  6
ByLayer
 62
    7
370
   -1
100
AcDbLine
 10
61.58870826336005
 20
7.839999999999972
 11
61.58870826336005
 21
3.727108108656875
  0
LINE
  5
2D5
100
AcDbEntity
  8
0
  6
ByLayer
 62
    7
370
   -1
100
AcDbLine
 10
78.53311019891107
 20
8.332047836712823
 11
78.53311019891107
 21
10.90358846356207
  0
LINE
  5
2D6
100
AcDbEntity
  8
0
  6
ByLayer
 62
    7
370
   -1
100
AcDbLine
 10
78.71883655255016
 20
8.332047836712823
 11
78.71883655255016
 21
24.42959180517538
  0
LINE
  5
2D7
100
AcDbEntity
  8
0
  6
ByLayer
 62
    7
370
   -1
100
AcDbLine
 10
78.34477386852002
 20
8.332047836712823
 11
78.34477386852002
 21
14.12556131960733
  0
LINE
  5
2D8
100
AcDbEntity
  8
0
  6
ByLayer
 62
    7
370
   -1
100
AcDbLine
 10
78.14116676027609
 20
8.332047836712823
 11
78.14116676027609
 21
17.09495656896763
  0
LINE
  5
2D9
100
AcDbEntity
  8
0
  6
ByLayer
 62
    7
370
   -1
100
AcDbLine
 10
76.84813844158911
 20
17.09495656896763
 11
78.14116676027609
 21
17.09495656896763
  0
LINE
  5
2DA
100
AcDbEntity
  8
0
  6
ByLayer
 62
    7
370
   -1
100
AcDbLine
 10
79.37361776755193
 20
14.12556131960733
 11
78.34477386852002
 21
14.12556131960733
  0
LINE
  5
2DB
100
AcDbEntity
  8
0
  6
ByLayer
 62
    7
370
   -1
100
AcDbLine
 10
76.93335165490919
 20
10.90358846356207
 11
78.53311019891107
 21
10.90358846356207
  0
LINE
  5
2DC
100
AcDbEntity
  8
0
  6
ByLayer
 62
    7
370
   -1
100
AcDbLine
 10
49.80130644191194
 20
11.56486417857582
 11
49.80130644191194
 21
12.16486417857582
  0
LINE
  5
2DD
100
AcDbEntity
  8
0
  6
ByLayer
 62
    7
370
   -1
100
AcDbLine
 10
51.00130644191194
 20
12.16486417857582
 11
51.00130644191194
 21
11.56486417857582
  0
LINE
  5
2DE
100
AcDbEntity
  8
0
  6
ByLayer
 62
    7
370
   -1
100
AcDbLine
 10
51.00130644191194
 20
11.56486417857582
 11
49.80130644191194
 21
11.56486417857582
  0
LINE
  5
2DF
100
AcDbEntity
  8
0
  6
ByLayer
 62
    7
370
   -1
100
AcDbLine
 10
49.80130644191194
 20
10.96486417857582
 11
49.80130644191194
 21
11.56486417857582
  0
LINE
  5
2E0
100
AcDbEntity
  8
0
  6
ByLayer
 62
    7
370
   -1
100
AcDbLine
 10
51.00130644191194
 20
11.56486417857582
 11
51.00130644191194
 21
10.96486417857582
  0
LINE
  5
2E1
100
AcDbEntity
  8
0
  6
ByLayer
 62
    7
370
   -1
100
AcDbLine
 10
49.80130644191194
 20
10.96486417857582
 11
51.00130644191194
 21
10.96486417857582
  0
LINE
  5
2E2
100
AcDbEntity
  8
0
  6
ByLayer
 62
    7
370
   -1
100
AcDbLine
 10
58.59636661184998
 20
14.8046802325804
 11
58.59636661184998
 21
13.60468023258039
  0
LINE
  5
2E3
100
AcDbEntity
  8
0
  6
ByLayer
 62
    7
370
   -1
100
AcDbLine
 10
58.59636661184998
 20
13.60468023258039
 11
59.19636661185007
 21
13.60468023258039
  0
LINE
  5
2E4
100
AcDbEntity
  8
0
  6
ByLayer
 62
    7
370
   -1
100
AcDbLine
 10
59.19636661185007
 20
14.8046802325804
 11
58.59636661184998
 21
14.8046802325804
  0
LINE
  5
2E5
100
AcDbEntity
  8
0
  6
ByLayer
 62
    1
370
   -1
100
AcDbLine
 10
58.59636661184998
 20
13.60468023258039
 11
58.59636661184998
 21
12.40468023258039
  0
LINE
  5
2E6
100
AcDbEntity
  8
0
  6
ByLayer
 62
    7
370
   -1
100
AcDbLine
 10
58.59636661184998
 20
12.40468023258039
 11
59.19636661185007
 21
12.40468023258039
  0
LINE
  5
2E7
100
AcDbEntity
  8
0
  6
ByLayer
 62
    7
370
   -1
100
AcDbLine
 10
59.19636661185007
 20
11.20468023258039
 11
58.59636661184998
 21
11.20468023258039
  0
LINE
  5
2E8
100
AcDbEntity
  8
0
  6
ByLayer
 62
    7
370
   -1
100
AcDbLine
 10
58.59636661184998
 20
11.20468023258039
 11
58.59636661184998
 21
12.40468023258039
  0
LINE
  5
2E9
100
AcDbEntity
  8
0
  6
ByLayer
 62
    7
370
   -1
100
AcDbLine
 10
57.99636661185007
 20
14.8046802325804
 11
57.99636661185007
 21
13.60468023258039
  0
LINE
  5
2EA
100
AcDbEntity
  8
0
  6
ByLayer
 62
    7
370
   -1
100
AcDbLine
 10
57.99636661185007
 20
13.60468023258039
 11
58.59636661184998
 21
13.60468023258039
  0
LINE
  5
2EB
100
AcDbEntity
  8
0
  6
ByLayer
 62
    7
370
   -1
100
AcDbLine
 10
58.59636661184998
 20
14.8046802325804
 11
57.99636661185007
 21
14.8046802325804
  0
LINE
  5
2EC
100
AcDbEntity
  8
0
  6
ByLayer
 62
    1
370
   -1
100
AcDbLine
 10
57.99636661185007
 20
13.60468023258039
 11
57.99636661185007
 21
12.40468023258039
  0
LINE
  5
2ED
100
AcDbEntity
  8
0
  6
ByLayer
 62
    7
370
   -1
100
AcDbLine
 10
57.99636661185007
 20
12.40468023258039
 11
58.59636661184998
 21
12.40468023258039
  0
LINE
  5
2EE
100
AcDbEntity
  8
0
  6
ByLayer
 62
    7
370
   -1
100
AcDbLine
 10
58.59636661184998
 20
11.20468023258039
 11
57.99636661185007
 21
11.20468023258039
  0
LINE
  5
2EF
100
AcDbEntity
  8
0
  6
ByLayer
 62
    7
370
   -1
100
AcDbLine
 10
57.99636661185007
 20
11.20468023258039
 11
57.99636661185007
 21
12.40468023258039
  0
LINE
  5
2F0
100
AcDbEntity
  8
0
  6
ByLayer
 62
    7
370
   -1
100
AcDbLine
 10
57.39636661184998
 20
14.8046802325804
 11
57.39636661184998
 21
13.60468023258039
  0
LINE
  5
2F1
100
AcDbEntity
  8
0
  6
ByLayer
 62
    7
370
   -1
100
AcDbLine
 10
57.39636661184998
 20
13.60468023258039
 11
57.99636661185007
 21
13.60468023258039
  0
LINE
  5
2F2
100
AcDbEntity
  8
0
  6
ByLayer
 62
    7
370
   -1
100
AcDbLine
 10
57.99636661185007
 20
14.8046802325804
 11
57.39636661184998
 21
14.8046802325804
  0
LINE
  5
2F3
100
AcDbEntity
  8
0
  6
ByLayer
 62
    1
370
   -1
100
AcDbLine
 10
57.39636661184998
 20
13.60468023258039
 11
57.39636661184998
 21
12.40468023258039
  0
LINE
  5
2F4
100
AcDbEntity
  8
0
  6
ByLayer
 62
    7
370
   -1
100
AcDbLine
 10
57.39636661184998
 20
12.40468023258039
 11
57.99636661185007
 21
12.40468023258039
  0
LINE
  5
2F5
100
AcDbEntity
  8
0
  6
ByLayer
 62
    7
370
   -1
100
AcDbLine
 10
57.99636661185007
 20
11.20468023258039
 11
57.39636661184998
 21
11.20468023258039
  0
LINE
  5
2F6
100
AcDbEntity
  8
0
  6
ByLayer
 62
    7
370
   -1
100
AcDbLine
 10
57.39636661184998
 20
11.20468023258039
 11
57.39636661184998
 21
12.40468023258039
  0
LINE
  5
2F7
100
AcDbEntity
  8
0
  6
ByLayer
 62
    7
370
   -1
100
AcDbLine
 10
56.79636661185007
 20
14.8046802325804
 11
56.79636661185007
 21
13.60468023258039
  0
LINE
  5
2F8
100
AcDbEntity
  8
0
  6
ByLayer
 62
    7
370
   -1
100
AcDbLine
 10
56.79636661185007
 20
13.60468023258039
 11
57.39636661184998
 21
13.60468023258039
  0
LINE
  5
2F9
100
AcDbEntity
  8
0
  6
ByLayer
 62
    7
370
   -1
100
AcDbLine
 10
57.39636661184998
 20
14.8046802325804
 11
56.79636661185007
 21
14.8046802325804
  0
LINE
  5
2FA
100
AcDbEntity
  8
0
  6
ByLayer
 62
    1
370
   -1
100
AcDbLine
 10
56.79636661185007
 20
13.60468023258039
 11
56.79636661185007
 21
12.40468023258039
  0
LINE
  5
2FB
100
AcDbEntity
  8
0
  6
ByLayer
 62
    7
370
   -1
100
AcDbLine
 10
56.79636661185007
 20
12.40468023258039
 11
57.39636661184998
 21
12.40468023258039
  0
LINE
  5
2FC
100
AcDbEntity
  8
0
  6
ByLayer
 62
    7
370
   -1
100
AcDbLine
 10
57.39636661184998
 20
11.20468023258039
 11
56.79636661185007
 21
11.20468023258039
  0
LINE
  5
2FD
100
AcDbEntity
  8
0
  6
ByLayer
 62
    7
370
   -1
100
AcDbLine
 10
56.79636661185007
 20
11.20468023258039
 11
56.79636661185007
 21
12.40468023258039
  0
LINE
  5
2FE
100
AcDbEntity
  8
0
  6
ByLayer
 62
    7
370
   -1
100
AcDbLine
 10
56.19636661184997
 20
14.8046802325804
 11
56.19636661184997
 21
13.60468023258039
  0
LINE
  5
2FF
100
AcDbEntity
  8
0
  6
ByLayer
 62
    7
370
   -1
100
AcDbLine
 10
56.19636661184997
 20
13.60468023258039
 11
56.79636661185007
 21
13.60468023258039
  0
LINE
  5
300
100
AcDbEntity
  8
0
  6
ByLayer
 62
    7
370
   -1
100
AcDbLine
 10
56.79636661185007
 20
14.8046802325804
 11
56.19636661184997
 21
14.8046802325804
  0
LINE
  5
301
100
AcDbEntity
  8
0
  6
ByLayer
 62
    1
370
   -1
100
AcDbLine
 10
56.19636661184997
 20
13.60468023258039
 11
56.19636661184997
 21
12.40468023258039
  0
LINE
  5
302
100
AcDbEntity
  8
0
  6
ByLayer
 62
    7
370
   -1
100
AcDbLine
 10
56.19636661184997
 20
12.40468023258039
 11
56.79636661185007
 21
12.40468023258039
  0
LINE
  5
303
100
AcDbEntity
  8
0
  6
ByLayer
 62
    7
370
   -1
100
AcDbLine
 10
56.79636661185007
 20
11.20468023258039
 11
56.19636661184997
 21
11.20468023258039
  0
LINE
  5
304
100
AcDbEntity
  8
0
  6
ByLayer
 62
    7
370
   -1
100
AcDbLine
 10
56.19636661184997
 20
11.20468023258039
 11
56.19636661184997
 21
12.40468023258039
  0
LINE
  5
305
100
AcDbEntity
  8
0
  6
ByLayer
 62
    7
370
   -1
100
AcDbLine
 10
55.59636661185007
 20
13.60468023258039
 11
56.19636661184997
 21
13.60468023258039
  0
LINE
  5
306
100
AcDbEntity
  8
0
  6
ByLayer
 62
    7
370
   -1
100
AcDbLine
 10
56.19636661184997
 20
14.8046802325804
 11
55.59636661185007
 21
14.8046802325804
  0
LINE
  5
307
100
AcDbEntity
  8
0
  6
ByLayer
 62
    7
370
   -1
100
AcDbLine
 10
55.59636661185007
 20
12.40468023258039
 11
56.19636661184997
 21
12.40468023258039
  0
LINE
  5
308
100
AcDbEntity
  8
0
  6
ByLayer
 62
    7
370
   -1
100
AcDbLine
 10
56.19636661184997
 20
11.20468023258039
 11
55.59636661185007
 21
11.20468023258039
  0
LINE
  5
309
100
AcDbEntity
  8
0
  6
ByLayer
 62
    7
370
   -1
100
AcDbLine
 10
55.59636661185007
 20
14.8046802325804
 11
55.59636661185007
 21
13.60468023258039
  0
LINE
  5
30A
100
AcDbEntity
  8
0
  6
ByLayer
 62
    7
370
   -1
100
AcDbLine
 10
59.19636661185007
 20
14.8046802325804
 11
59.19636661185007
 21
13.60468023258039
  0
LINE
  5
30B
100
AcDbEntity
  8
0
  6
ByLayer
 62
    7
370
   -1
100
AcDbLine
 10
59.19636661185007
 20
12.40468023258039
 11
59.19636661185007
 21
11.20468023258039
  0
LINE
  5
30C
100
AcDbEntity
  8
0
  6
ByLayer
 62
    1
370
   -1
100
AcDbLine
 10
59.19636661185007
 20
13.60468023258039
 11
59.19636661185007
 21
12.40468023258039
  0
LINE
  5
30D
100
AcDbEntity
  8
0
  6
ByLayer
 62
    7
370
   -1
100
AcDbLine
 10
55.59636661185007
 20
12.40468023258039
 11
55.59636661185007
 21
11.20468023258039
  0
LINE
  5
30E
100
AcDbEntity
  8
0
  6
ByLayer
 62
    1
370
   -1
100
AcDbLine
 10
55.59636661185007
 20
13.60468023258039
 11
55.59636661185007
 21
12.40468023258039
  0
LINE
  5
30F
100
AcDbEntity
  8
0
  6
ByLayer
 62
    7
370
   -1
100
AcDbLine
 10
57.39636661184998
 20
14.8046802325804
 11
57.39636661184998
 21
11.20468023258039
  0
LINE
  5
310
100
AcDbEntity
  8
0
  6
ByLayer
 62
    7
370
   -1
100
AcDbLine
 10
47.49586428494224
 20
23.80687359721091
 11
47.88594435102506
 21
23.80687359721091
  0
LINE
  5
311
100
AcDbEntity
  8
0
  6
ByLayer
 62
    7
370
   -1
100
AcDbLine
 10
47.88594435102506
 20
23.80687359721091
 11
47.88594435102506
 21
22.62343404348004
  0
LINE
  5
312
100
AcDbEntity
  8
0
  6
ByLayer
 62
    7
370
   -1
100
AcDbLine
 10
47.88594435102506
 20
22.62343404348004
 11
47.49586428494224
 21
22.62343404348004
  0
LINE
  5
313
100
AcDbEntity
  8
0
  6
ByLayer
 62
    7
370
   -1
100
AcDbLine
 10
47.49586428494224
 20
22.62343404348004
 11
47.49586428494224
 21
23.80687359721091
  0
LINE
  5
314
100
AcDbEntity
  8
0
  6
ByLayer
 62
    5
370
   -1
100
AcDbLine
 10
53.44805574513713
 20
15.98064194269219
 11
56.38805574513712
 21
15.98064194269219
  0
LINE
  5
315
100
AcDbEntity
  8
0
  6
ByLayer
 62
    5
370
   -1
100
AcDbLine
 10
53.44805574513713
 20
15.98064194269219
 11
54.91805574513703
 21
15.98064194269219
  0
LINE
  5
316
100
AcDbEntity
  8
0
  6
ByLayer
 62
    5
370
   -1
100
AcDbLine
 10
54.91805574513703
 20
15.98064194269219
 11
54.91805574513703
 21
16.02064194269204
  0
LINE
  5
317
100
AcDbEntity
  8
0
  6
ByLayer
 62
    5
370
   -1
100
AcDbLine
 10
53.44805574513713
 20
15.98064194269219
 11
53.44805574513805
 21
16.02064194269218
  0
LINE
  5
318
100
AcDbEntity
  8
0
  6
ByLayer
 62
    5
370
   -1
100
AcDbLine
 10
54.91805574513703
 20
16.02064194269204
 11
53.44805574513805
 21
16.02064194269218
  0
LINE
  5
319
100
AcDbEntity
  8
0
  6
ByLayer
 62
    5
370
   -1
100
AcDbLine
 10
54.91805574513703
 20
16.02064194269204
 11
56.38805574513712
 21
16.02064194269204
  0
LINE
  5
31A
100
AcDbEntity
  8
0
  6
ByLayer
 62
    5
370
   -1
100
AcDbLine
 10
56.38805574513712
 20
16.02064194269204
 11
56.38805574513712
 21
15.98064194269219
  0
LINE
  5
31B
100
AcDbEntity
  8
0
  6
ByLayer
 62
    7
370
   -1
100
AcDbLine
 10
60.83821343992505
 20
21.05561416405714
 11
60.95464214883216
 21
21.05561416405714
  0
LINE
  5
31C
100
AcDbEntity
  8
0
  6
ByLayer
 62
    7
370
   -1
100
AcDbLine
 10
60.95464214883216
 20
21.05561416405714
 11
60.95464214883216
 21
20.69976291175752
  0
LINE
  5
31D
100
AcDbEntity
  8
0
  6
ByLayer
 62
    7
370
   -1
100
AcDbLine
 10
60.95464214883216
 20
20.69976291175752
 11
60.83821343992505
 21
20.69976291175752
  0
LINE
  5
31E
100
AcDbEntity
  8
0
  6
ByLayer
 62
    7
370
   -1
100
AcDbLine
 10
60.83821343992505
 20
20.69976291175752
 11
60.83821343992505
 21
21.05561416405714
  0
LINE
  5
31F
100
AcDbEntity
  8
0
  6
ByLayer
 62
    7
370
   -1
100
AcDbLine
 10
58.88821343992414
 20
18.08064194269206
 11
58.93821343992509
 21
18.08064194269206
  0
LINE
  5
320
100
AcDbEntity
  8
0
  6
ByLayer
 62
    7
370
   -1
100
AcDbLine
 10
48.89227638077401
 20
24.08100780493858
 11
48.89227638077512
 21
22.01174878982902
  0
LINE
  5
321
100
AcDbEntity
  8
0
  6
ByLayer
 62
    7
370
   -1
100
AcDbLine
 10
48.89227638077512
 20
22.01174878982902
 11
49.32201260148702
 21
22.01174878982902
  0
LINE
  5
322
100
AcDbEntity
  8
0
  6
ByLayer
 62
    7
370
   -1
100
AcDbLine
 10
49.22706221331702
 20
22.31852420159901
 11
49.40850672581304
 21
22.31852420159901
  0
LINE
  5
323
100
AcDbEntity
  8
0
  6
ByLayer
 62
    7
370
   -1
100
AcDbLine
 10
49.40850672581304
 20
22.31852420159901
 11
49.40850672581304
 21
21.73893951341978
  0
LINE
  5
324
100
AcDbEntity
  8
0
  6
ByLayer
 62
    7
370
   -1
100
AcDbLine
 10
49.40850672581304
 20
21.73893951341978
 11
49.22706221331702
 21
21.73893951341978
  0
LINE
  5
325
100
AcDbEntity
  8
0
  6
ByLayer
 62
    7
370
   -1
100
AcDbLine
 10
49.22706221331702
 20
21.73893951341978
 11
49.22706221331702
 21
22.31852420159901
  0
LINE
  5
326
100
AcDbEntity
  8
0
  6
ByLayer
 62
    7
370
   -1
100
AcDbLine
 10
49.22706221331702
 20
21.59736180317997
 11
49.40850672581304
 21
21.59736180317997
  0
LINE
  5
327
100
AcDbEntity
  8
0
  6
ByLayer
 62
    7
370
   -1
100
AcDbLine
 10
49.40850672581304
 20
21.59736180317997
 11
49.40850672581304
 21
21.01777711500084
  0
LINE
  5
328
100
AcDbEntity
  8
0
  6
ByLayer
 62
    7
370
   -1
100
AcDbLine
 10
49.40850672581304
 20
21.01777711500084
 11
49.22706221331702
 21
21.01777711500084
  0
LINE
  5
329
100
AcDbEntity
  8
0
  6
ByLayer
 62
    7
370
   -1
100
AcDbLine
 10
49.22706221331702
 20
21.01777711500084
 11
49.22706221331702
 21
21.59736180317997
  0
LINE
  5
32A
100
AcDbEntity
  8
0
  6
ByLayer
 62
    7
370
   -1
100
AcDbLine
 10
49.22706221331702
 20
20.89389659036406
 11
49.40850672581304
 21
20.89389659036406
  0
LINE
  5
32B
100
AcDbEntity
  8
0
  6
ByLayer
 62
    7
370
   -1
100
AcDbLine
 10
49.40850672581304
 20
20.89389659036406
 11
49.40850672581304
 21
20.31431190218483
  0
LINE
  5
32C
100
AcDbEntity
  8
0
  6
ByLayer
 62
    7
370
   -1
100
AcDbLine
 10
49.40850672581304
 20
20.31431190218483
 11
49.22706221331702
 21
20.31431190218483
  0
LINE
  5
32D
100
AcDbEntity
  8
0
  6
ByLayer
 62
    7
370
   -1
100
AcDbLine
 10
49.22706221331702
 20
20.31431190218483
 11
49.22706221331702
 21
20.89389659036406
  0
LINE
  5
32E
100
AcDbEntity
  8
0
  6
ByLayer
 62
    7
370
   -1
100
AcDbLine
 10
47.48586428494216
 20
22.49388578486333
 11
47.667308797438
 21
22.49388578486333
  0
LINE
  5
32F
100
AcDbEntity
  8
0
  6
ByLayer
 62
    7
370
   -1
100
AcDbLine
 10
47.667308797438
 20
22.49388578486333
 11
47.667308797438
 21
21.91430109668415
  0
LINE
  5
330
100
AcDbEntity
  8
0
  6
ByLayer
 62
    7
370
   -1
100
AcDbLine
 10
47.667308797438
 20
21.91430109668415
 11
47.48586428494216
 21
21.91430109668415
  0
LINE
  5
331
100
AcDbEntity
  8
0
  6
ByLayer
 62
    7
370
   -1
100
AcDbLine
 10
47.48586428494216
 20
21.91430109668415
 11
47.48586428494216
 21
22.49388578486333
  0
LINE
  5
332
100
AcDbEntity
  8
0
  6
ByLayer
 62
    7
370
   -1
100
AcDbLine
 10
59.00901330953413
 20
16.92766549968817
 11
59.00901330953413
 21
21.55291472497472
  0
LINE
  5
333
100
AcDbEntity
  8
0
  6
ByLayer
 62
    7
370
   -1
100
AcDbLine
 10
59.00901330953413
 20
21.55291472497472
 11
60.65266854420392
 21
21.55291472497472
  0
LINE
  5
334
100
AcDbEntity
  8
0
  6
ByLayer
 62
    7
370
   -1
100
AcDbLine
 10
60.65266854420392
 20
21.55291472497472
 11
60.65266854420392
 21
20.97523344959201
  0
LINE
  5
335
100
AcDbEntity
  8
0
  6
ByLayer
 62
    7
370
   -1
100
AcDbLine
 10
60.65266854420392
 20
20.97523344959201
 11
60.88970194921
 21
20.97523344959201
  0
LINE
  5
336
100
AcDbEntity
  8
0
  6
ByLayer
 62
    7
370
   -1
100
AcDbLine
 10
60.88529816140204
 20
20.87736322762563
 11
60.55987471468406
 21
20.87736322762563
  0
LINE
  5
337
100
AcDbEntity
  8
0
  6
ByLayer
 62
    7
370
   -1
100
AcDbLine
 10
60.88246842525727
 20
20.83209879096453
 11
60.48347096414408
 21
20.83209879096453
  0
LINE
  5
338
100
AcDbEntity
  8
0
  6
ByLayer
 62
    7
370
   -1
100
AcDbLine
 10
60.55987471468406
 20
20.87736322762563
 11
60.55987471468406
 21
21.4291252684064
  0
LINE
  5
339
100
AcDbEntity
  8
0
  6
ByLayer
 62
    7
370
   -1
100
AcDbLine
 10
60.55987471468406
 20
21.4291252684064
 11
59.22788065195114
 21
21.4291252684064
  0
LINE
  5
33A
100
AcDbEntity
  8
0
  6
ByLayer
 62
    7
370
   -1
100
AcDbLine
 10
59.22788065195114
 20
21.4291252684064
 11
59.22788065195114
 21
19.60913104810973
  0
LINE
  5
33B
100
AcDbEntity
  8
0
  6
ByLayer
 62
    7
370
   -1
100
AcDbLine
 10
60.48347096414408
 20
20.83209879096453
 11
60.48347096414408
 21
21.34932123805304
  0
LINE
  5
33C
100
AcDbEntity
  8
0
  6
ByLayer
 62
    7
370
   -1
100
AcDbLine
 10
60.48347096414408
 20
21.34932123805304
 11
59.30085524974821
 21
21.34932123805304
  0
LINE
  5
33D
100
AcDbEntity
  8
0
  6
ByLayer
 62
    7
370
   -1
100
AcDbLine
 10
59.30085524974821
 20
21.34932123805304
 11
59.30085524974821
 21
20.40536261357231
  0
LINE
  5
33E
100
AcDbEntity
  8
0
  6
ByLayer
 62
    7
370
   -1
100
AcDbLine
 10
49.58586428494221
 20
21.4788605223157
 11
50.09902415265108
 21
21.4788605223157
  0
LINE
  5
33F
100
AcDbEntity
  8
0
  6
ByLayer
 62
    7
370
   -1
100
AcDbLine
 10
50.09902415265108
 20
21.4788605223157
 11
50.09902415265108
 21
21.06527297107632
  0
LINE
  5
340
100
AcDbEntity
  8
0
  6
ByLayer
 62
    7
370
   -1
100
AcDbLine
 10
50.09902415265108
 20
21.06527297107632
 11
49.58586428494221
 21
21.06527297107632
  0
LINE
  5
341
100
AcDbEntity
  8
0
  6
ByLayer
 62
    7
370
   -1
100
AcDbLine
 10
49.58586428494221
 20
21.06527297107632
 11
49.58586428494221
 21
21.4788605223157
  0
LINE
  5
342
100
AcDbEntity
  8
0
  6
ByLayer
 62
    7
370
   -1
100
AcDbLine
 10
50.09902415265108
 20
21.19234327377114
 11
56.64271697548111
 21
21.19234327377114
  0
LINE
  5
343
100
AcDbEntity
  8
0
  6
ByLayer
 62
    7
370
   -1
100
AcDbLine
 10
56.64271697548111
 20
21.19234327377114
 11
56.64271697548111
 21
21.35179021962078
  0
LINE
  5
344
100
AcDbEntity
  8
0
  6
ByLayer
 62
    7
370
   -1
100
AcDbLine
 10
56.64271697548111
 20
21.35179021962078
 11
50.09902415265108
 21
21.35179021962078
  0
LINE
  5
345
100
AcDbEntity
  8
0
  6
ByLayer
 62
    7
370
   -1
100
AcDbLine
 10
50.09902415265108
 20
21.35179021962078
 11
50.09902415265108
 21
21.19234327377114
  0
LINE
  5
346
100
AcDbEntity
  8
0
  6
ByLayer
 62
    7
370
   -1
100
AcDbLine
 10
49.68968383974806
 20
21.28820126459836
 11
49.40850672581304
 21
21.28820126459836
  0
LINE
  5
347
100
AcDbEntity
  8
0
  6
ByLayer
 62
    7
370
   -1
100
AcDbLine
 10
49.58586428494221
 20
18.56388816594239
 11
50.09902415265108
 21
18.56388816594239
  0
LINE
  5
348
100
AcDbEntity
  8
0
  6
ByLayer
 62
    7
370
   -1
100
AcDbLine
 10
50.09902415265108
 20
18.56388816594239
 11
50.09902415265108
 21
18.15030061470292
  0
LINE
  5
349
100
AcDbEntity
  8
0
  6
ByLayer
 62
    7
370
   -1
100
AcDbLine
 10
50.09902415265108
 20
18.15030061470292
 11
49.58586428494221
 21
18.15030061470292
  0
LINE
  5
34A
100
AcDbEntity
  8
0
  6
ByLayer
 62
    7
370
   -1
100
AcDbLine
 10
49.58586428494221
 20
18.15030061470292
 11
49.58586428494221
 21
18.56388816594239
  0
LINE
  5
34B
100
AcDbEntity
  8
0
  6
ByLayer
 62
    7
370
   -1
100
AcDbLine
 10
50.09902415265108
 20
18.27737091739783
 11
56.64271697548111
 21
18.27737091739783
  0
LINE
  5
34C
100
AcDbEntity
  8
0
  6
ByLayer
 62
    7
370
   -1
100
AcDbLine
 10
56.64271697548111
 20
18.27737091739783
 11
56.64271697548111
 21
18.43681786324752
  0
LINE
  5
34D
100
AcDbEntity
  8
0
  6
ByLayer
 62
    7
370
   -1
100
AcDbLine
 10
56.64271697548111
 20
18.43681786324752
 11
50.09902415265108
 21
18.43681786324752
  0
LINE
  5
34E
100
AcDbEntity
  8
0
  6
ByLayer
 62
    7
370
   -1
100
AcDbLine
 10
50.09902415265108
 20
18.43681786324752
 11
50.09902415265108
 21
18.27737091739783
  0
LINE
  5
34F
100
AcDbEntity
  8
0
  6
ByLayer
 62
    7
370
   -1
100
AcDbLine
 10
49.40850672581304
 20
21.07303955129906
 11
49.68416314289813
 21
20.82042111451786
  0
LINE
  5
350
100
AcDbEntity
  8
0
  6
ByLayer
 62
    7
370
   -1
100
AcDbLine
 10
49.28609541891201
 20
21.30756945909034
 11
48.31497493032002
 21
21.30756945909034
  0
LINE
  5
351
100
AcDbEntity
  8
0
  6
ByLayer
 62
    7
370
   -1
100
AcDbLine
 10
48.31497493032002
 20
21.30756945909034
 11
48.31497493032002
 21
23.13373106144635
  0
LINE
  5
352
100
AcDbEntity
  8
0
  6
ByLayer
 62
    7
370
   -1
100
AcDbLine
 10
48.31497493032002
 20
23.13373106144635
 11
47.73356065400706
 21
23.13373106144635
  0
LINE
  5
353
100
AcDbEntity
  8
0
  6
ByLayer
 62
    7
370
   -1
100
AcDbLine
 10
47.74101458600908
 20
22.93997743423419
 11
48.1211700743681
 21
22.93997743423419
  0
LINE
  5
354
100
AcDbEntity
  8
0
  6
ByLayer
 62
    7
370
   -1
100
AcDbLine
 10
48.1211700743681
 20
22.93997743423419
 11
48.1211700743681
 21
20.60410424627456
  0
LINE
  5
355
100
AcDbEntity
  8
0
  6
ByLayer
 62
    7
370
   -1
100
AcDbLine
 10
47.57658654119017
 20
22.36433752624658
 11
47.57658654119017
 21
22.62343404348004
  0
LINE
  5
356
100
AcDbEntity
  8
0
  6
ByLayer
 62
    7
370
   -1
100
AcDbLine
 10
60.63811060926302
 20
11.32551823145809
 11
60.12495074155508
 21
11.32551823145809
  0
LINE
  5
357
100
AcDbEntity
  8
0
  6
ByLayer
 62
    7
370
   -1
100
AcDbLine
 10
60.12495074155508
 20
11.32551823145809
 11
60.12495074155508
 21
11.73910578269756
  0
LINE
  5
358
100
AcDbEntity
  8
0
  6
ByLayer
 62
    7
370
   -1
100
AcDbLine
 10
60.12495074155508
 20
11.73910578269756
 11
60.63811060926302
 21
11.73910578269756
  0
LINE
  5
359
100
AcDbEntity
  8
0
  6
ByLayer
 62
    7
370
   -1
100
AcDbLine
 10
60.63811060926302
 20
11.73910578269756
 11
60.63811060926302
 21
11.32551823145809
  0
LINE
  5
35A
100
AcDbEntity
  8
0
  6
ByLayer
 62
    7
370
   -1
100
AcDbLine
 10
60.12495074155508
 20
11.61203548000255
 11
53.58125791872412
 21
11.61203548000255
  0
LINE
  5
35B
100
AcDbEntity
  8
0
  6
ByLayer
 62
    7
370
   -1
100
AcDbLine
 10
53.58125791872412
 20
11.61203548000255
 11
53.58125791872412
 21
11.452588534153
  0
LINE
  5
35C
100
AcDbEntity
  8
0
  6
ByLayer
 62
    7
370
   -1
100
AcDbLine
 10
53.58125791872412
 20
11.452588534153
 11
60.12495074155508
 21
11.452588534153
  0
LINE
  5
35D
100
AcDbEntity
  8
0
  6
ByLayer
 62
    7
370
   -1
100
AcDbLine
 10
60.12495074155508
 20
11.452588534153
 11
60.12495074155508
 21
11.61203548000255
  0
LINE
  5
35E
100
AcDbEntity
  8
0
  6
ByLayer
 62
    7
370
   -1
100
AcDbLine
 10
60.63811060926302
 20
14.2404905878314
 11
60.12495074155508
 21
14.2404905878314
  0
LINE
  5
35F
100
AcDbEntity
  8
0
  6
ByLayer
 62
    7
370
   -1
100
AcDbLine
 10
60.12495074155508
 20
14.2404905878314
 11
60.12495074155508
 21
14.65407813907087
  0
LINE
  5
360
100
AcDbEntity
  8
0
  6
ByLayer
 62
    7
370
   -1
100
AcDbLine
 10
60.12495074155508
 20
14.65407813907087
 11
60.63811060926302
 21
14.65407813907087
  0
LINE
  5
361
100
AcDbEntity
  8
0
  6
ByLayer
 62
    7
370
   -1
100
AcDbLine
 10
60.63811060926302
 20
14.65407813907087
 11
60.63811060926302
 21
14.2404905878314
  0
LINE
  5
362
100
AcDbEntity
  8
0
  6
ByLayer
 62
    7
370
   -1
100
AcDbLine
 10
60.12495074155508
 20
14.52700783637605
 11
53.58125791872412
 21
14.52700783637605
  0
LINE
  5
363
100
AcDbEntity
  8
0
  6
ByLayer
 62
    7
370
   -1
100
AcDbLine
 10
53.58125791872412
 20
14.52700783637605
 11
53.58125791872412
 21
14.36756089052631
  0
LINE
  5
364
100
AcDbEntity
  8
0
  6
ByLayer
 62
    7
370
   -1
100
AcDbLine
 10
53.58125791872412
 20
14.36756089052631
 11
60.12495074155508
 21
14.36756089052631
  0
LINE
  5
365
100
AcDbEntity
  8
0
  6
ByLayer
 62
    7
370
   -1
100
AcDbLine
 10
60.12495074155508
 20
14.36756089052631
 11
60.12495074155508
 21
14.52700783637605
  0
LINE
  5
366
100
AcDbEntity
  8
0
  6
ByLayer
 62
    7
370
   -1
100
AcDbLine
 10
49.33928431266425
 20
20.7433464212249
 11
49.5598027116411
 21
20.7433464212249
  0
LINE
  5
367
100
AcDbEntity
  8
0
  6
ByLayer
 62
    7
370
   -1
100
AcDbLine
 10
49.5598027116411
 20
20.7433464212249
 11
49.5598027116411
 21
14.93216184295868
  0
LINE
  5
368
100
AcDbEntity
  8
0
  6
ByLayer
 62
    7
370
   -1
100
AcDbLine
 10
49.34827322929403
 20
20.4408140150289
 11
49.51116523110917
 21
20.4408140150289
  0
LINE
  5
369
100
AcDbEntity
  8
0
  6
ByLayer
 62
    7
370
   -1
100
AcDbLine
 10
50.33548185108798
 20
15.16080242993618
 11
50.80492038361201
 21
15.16080242993618
  0
LINE
  5
36A
100
AcDbEntity
  8
0
  6
ByLayer
 62
    7
370
   -1
100
AcDbLine
 10
50.80492038361201
 20
15.16080242993618
 11
50.80492038361201
 21
14.70352125598123
  0
LINE
  5
36B
100
AcDbEntity
  8
0
  6
ByLayer
 62
    7
370
   -1
100
AcDbLine
 10
50.80492038361201
 20
14.70352125598123
 11
50.33548185108798
 21
14.70352125598123
  0
LINE
  5
36C
100
AcDbEntity
  8
0
  6
ByLayer
 62
    7
370
   -1
100
AcDbLine
 10
50.33548185108798
 20
14.70352125598123
 11
50.33548185108798
 21
15.16080242993618
  0
LINE
  5
36D
100
AcDbEntity
  8
0
  6
ByLayer
 62
    7
370
   -1
100
AcDbLine
 10
49.90524067274588
 20
22.24040132385508
 11
47.59580474863409
 21
22.24040132385508
  0
LINE
  5
36E
100
AcDbEntity
  8
0
  6
ByLayer
 62
    7
370
   -1
100
AcDbLine
 10
49.78315136091297
 20
22.06483831789375
 11
47.58351058590198
 21
22.06483831789375
  0
LINE
  5
36F
100
AcDbEntity
  8
0
  6
ByLayer
 62
    7
370
   -1
100
AcDbLine
 10
51.15653681879119
 20
25.56603271200396
 11
51.15653681879119
 21
30.626312660008
  0
LINE
  5
370
100
AcDbEntity
  8
0
  6
ByLayer
 62
    7
370
   -1
100
AcDbLine
 10
51.6507983193551
 20
25.56603271200396
 11
51.6507983193551
 21
24.60321014721029
  0
LINE
  5
371
100
AcDbEntity
  8
0
  6
ByLayer
 62
    7
370
   -1
100
AcDbLine
 10
51.6507983193551
 20
24.60321014721029
 11
47.72214316720525
 21
24.60321014721029
  0
LINE
  5
372
100
AcDbEntity
  8
0
  6
ByLayer
 62
    7
370
   -1
100
AcDbLine
 10
47.72214316720525
 20
24.60321014721029
 11
47.72214316720525
 21
23.61402044763805
  0
LINE
  5
373
100
AcDbEntity
  8
0
  6
ByLayer
 62
    7
370
   -1
100
AcDbLine
 10
47.80554837184826
 20
23.39735147958568
 11
47.80554837184826
 21
24.42959180517538
  0
LINE
  5
374
100
AcDbEntity
  8
0
  6
ByLayer
 62
    7
370
   -1
100
AcDbLine
 10
47.80554837184826
 20
24.42959180517538
 11
78.71883655255016
 21
24.42959180517538
  0
LINE
  5
375
100
AcDbEntity
  8
0
  6
ByLayer
 62
    7
370
   -1
100
AcDbLine
 10
64.42052791570316
 20
20.85905335416759
 11
64.42052791570316
 21
20.67760884167106
  0
LINE
  5
376
100
AcDbEntity
  8
0
  6
ByLayer
 62
    7
370
   -1
100
AcDbLine
 10
64.42052791570316
 20
20.67760884167106
 11
63.84094322752416
 21
20.67760884167106
  0
LINE
  5
377
100
AcDbEntity
  8
0
  6
ByLayer
 62
    7
370
   -1
100
AcDbLine
 10
63.84094322752416
 20
20.67760884167106
 11
63.84094322752416
 21
20.85905335416759
  0
LINE
  5
378
100
AcDbEntity
  8
0
  6
ByLayer
 62
    7
370
   -1
100
AcDbLine
 10
63.84094322752416
 20
20.85905335416759
 11
64.42052791570316
 21
20.85905335416759
  0
LINE
  5
379
100
AcDbEntity
  8
0
  6
ByLayer
 62
    7
370
   -1
100
AcDbLine
 10
59.33973452991502
 20
23.38655450349381
 11
59.60183147879916
 21
23.38655450349381
  0
LINE
  5
37A
100
AcDbEntity
  8
0
  6
ByLayer
 62
    7
370
   -1
100
AcDbLine
 10
59.60183147879916
 20
23.38655450349381
 11
59.60183147879916
 21
23.11425106061289
  0
LINE
  5
37B
100
AcDbEntity
  8
0
  6
ByLayer
 62
    7
370
   -1
100
AcDbLine
 10
59.60183147879916
 20
23.11425106061289
 11
59.33973452991502
 21
23.11425106061289
  0
LINE
  5
37C
100
AcDbEntity
  8
0
  6
ByLayer
 62
    7
370
   -1
100
AcDbLine
 10
59.33973452991502
 20
23.11425106061289
 11
59.33973452991502
 21
23.38655450349381
  0
LINE
  5
37D
100
AcDbEntity
  8
0
  6
ByLayer
 62
    7
370
   -1
100
AcDbLine
 10
59.33973452991502
 20
22.39028922075415
 11
59.60183147879916
 21
22.39028922075415
  0
LINE
  5
37E
100
AcDbEntity
  8
0
  6
ByLayer
 62
    7
370
   -1
100
AcDbLine
 10
59.60183147879916
 20
22.39028922075415
 11
59.60183147879916
 21
22.11798577787351
  0
LINE
  5
37F
100
AcDbEntity
  8
0
  6
ByLayer
 62
    7
370
   -1
100
AcDbLine
 10
59.60183147879916
 20
22.11798577787351
 11
59.33973452991502
 21
22.11798577787351
  0
LINE
  5
380
100
AcDbEntity
  8
0
  6
ByLayer
 62
    7
370
   -1
100
AcDbLine
 10
59.33973452991502
 20
22.11798577787351
 11
59.33973452991502
 21
22.39028922075415
  0
LINE
  5
381
100
AcDbEntity
  8
0
  6
ByLayer
 62
    7
370
   -1
100
AcDbLine
 10
60.01827965974213
 20
23.38655450349381
 11
60.28037660862702
 21
23.38655450349381
  0
LINE
  5
382
100
AcDbEntity
  8
0
  6
ByLayer
 62
    7
370
   -1
100
AcDbLine
 10
60.28037660862702
 20
23.38655450349381
 11
60.28037660862702
 21
23.11425106061289
  0
LINE
  5
383
100
AcDbEntity
  8
0
  6
ByLayer
 62
    7
370
   -1
100
AcDbLine
 10
60.28037660862702
 20
23.11425106061289
 11
60.01827965974213
 21
23.11425106061289
  0
LINE
  5
384
100
AcDbEntity
  8
0
  6
ByLayer
 62
    7
370
   -1
100
AcDbLine
 10
60.01827965974213
 20
23.11425106061289
 11
60.01827965974213
 21
23.38655450349381
  0
LINE
  5
385
100
AcDbEntity
  8
0
  6
ByLayer
 62
    7
370
   -1
100
AcDbLine
 10
60.01827965974213
 20
22.39028922075415
 11
60.28037660862702
 21
22.39028922075415
  0
LINE
  5
386
100
AcDbEntity
  8
0
  6
ByLayer
 62
    7
370
   -1
100
AcDbLine
 10
60.28037660862702
 20
22.39028922075415
 11
60.28037660862702
 21
22.11798577787351
  0
LINE
  5
387
100
AcDbEntity
  8
0
  6
ByLayer
 62
    7
370
   -1
100
AcDbLine
 10
60.28037660862702
 20
22.11798577787351
 11
60.01827965974213
 21
22.11798577787351
  0
LINE
  5
388
100
AcDbEntity
  8
0
  6
ByLayer
 62
    7
370
   -1
100
AcDbLine
 10
60.01827965974213
 20
22.11798577787351
 11
60.01827965974213
 21
22.39028922075415
  0
LINE
  5
389
100
AcDbEntity
  8
0
  6
ByLayer
 62
    7
370
   -1
100
AcDbLine
 10
60.32389101338111
 20
23.68064194269236
 11
60.83821343992505
 21
23.68064194269236
  0
LINE
  5
38A
100
AcDbEntity
  8
0
  6
ByLayer
 62
    7
370
   -1
100
AcDbLine
 10
60.83821343992505
 20
23.68064194269236
 11
60.83821343992505
 21
23.50987724215183
  0
LINE
  5
38B
100
AcDbEntity
  8
0
  6
ByLayer
 62
    7
370
   -1
100
AcDbLine
 10
60.83821343992505
 20
23.50987724215183
 11
60.32389101338111
 21
23.50987724215183
  0
LINE
  5
38C
100
AcDbEntity
  8
0
  6
ByLayer
 62
    7
370
   -1
100
AcDbLine
 10
60.32389101338111
 20
23.50987724215183
 11
60.32389101338111
 21
23.68064194269236
  0
LINE
  5
38D
100
AcDbEntity
  8
0
  6
ByLayer
 62
    7
370
   -1
100
AcDbLine
 10
60.58105222665308
 20
24.01385705619684
 11
48.98713230835214
 21
24.01385705619684
  0
LINE
  5
38E
100
AcDbEntity
  8
0
  6
ByLayer
 62
    7
370
   -1
100
AcDbLine
 10
48.98713230835214
 20
24.01385705619684
 11
48.98713230835214
 21
22.10377735587188
  0
LINE
  5
38F
100
AcDbEntity
  8
0
  6
ByLayer
 62
    7
370
   -1
100
AcDbLine
 10
48.98713230835214
 20
22.10377735587188
 11
49.31819890083793
 21
22.10377735587188
  0
LINE
  5
390
100
AcDbEntity
  8
0
  6
ByLayer
 62
    7
370
   -1
100
AcDbLine
 10
59.43821343992514
 20
23.93310525172932
 11
60.33821343992518
 21
23.93310525172941
  0
LINE
  5
391
100
AcDbEntity
  8
0
  6
ByLayer
 62
    7
370
   -1
100
AcDbLine
 10
61.08518697921999
 20
24.14649920785866
 11
61.08518697921999
 21
26.05959939555733
  0
LINE
  5
392
100
AcDbEntity
  8
0
  6
ByLayer
 62
    7
370
   -1
100
AcDbLine
 10
61.08518697921999
 20
24.14649920785866
 11
49.06491331765521
 21
24.14656757681425
  0
LINE
  5
393
100
AcDbEntity
  8
0
  6
ByLayer
 62
    7
370
   -1
100
AcDbLine
 10
49.06491331765521
 20
22.20073171258567
 11
49.31715633577895
 21
22.20073171258567
  0
LINE
  5
394
100
AcDbEntity
  8
0
  6
ByLayer
 62
    7
370
   -1
100
AcDbLine
 10
49.29053943993607
 20
21.81825078437342
 11
48.43156262507613
 21
21.81825078437342
  0
LINE
  5
395
100
AcDbEntity
  8
0
  6
ByLayer
 62
    7
370
   -1
100
AcDbLine
 10
48.43156262507613
 20
21.81825078437342
 11
48.43156262507613
 21
23.31765294392537
  0
LINE
  5
396
100
AcDbEntity
  8
0
  6
ByLayer
 62
    7
370
   -1
100
AcDbLine
 10
48.43156262507613
 20
23.31765294392537
 11
47.68646242765714
 21
23.31765294392537
  0
LINE
  5
397
100
AcDbEntity
  8
0
  6
ByLayer
 62
    7
370
   -1
100
AcDbLine
 10
67.28143304311705
 20
25.78567784621129
 11
69.98308441439401
 21
25.78567784621129
  0
LINE
  5
398
100
AcDbEntity
  8
0
  6
ByLayer
 62
    7
370
   -1
100
AcDbLine
 10
69.98308441439401
 20
25.78567784621129
 11
69.98308441439401
 21
24.85584649396831
  0
LINE
  5
399
100
AcDbEntity
  8
0
  6
ByLayer
 62
    7
370
   -1
100
AcDbLine
 10
69.98308441439401
 20
24.85584649396831
 11
67.28143304311705
 21
24.85584649396831
  0
LINE
  5
39A
100
AcDbEntity
  8
0
  6
ByLayer
 62
    7
370
   -1
100
AcDbLine
 10
67.28143304311705
 20
24.85584649396831
 11
67.28143304311705
 21
25.78567784621129
  0
LINE
  5
39B
100
AcDbEntity
  8
0
  6
ByLayer
 62
    7
370
   -1
100
AcDbLine
 10
71.05099202489903
 20
25.78567784621129
 11
73.752643396176
 21
25.78567784621129
  0
LINE
  5
39C
100
AcDbEntity
  8
0
  6
ByLayer
 62
    7
370
   -1
100
AcDbLine
 10
73.752643396176
 20
25.78567784621129
 11
73.752643396176
 21
24.85584649396831
  0
LINE
  5
39D
100
AcDbEntity
  8
0
  6
ByLayer
 62
    7
370
   -1
100
AcDbLine
 10
73.752643396176
 20
24.85584649396831
 11
71.05099202489903
 21
24.85584649396831
  0
LINE
  5
39E
100
AcDbEntity
  8
0
  6
ByLayer
 62
    7
370
   -1
100
AcDbLine
 10
71.05099202489903
 20
24.85584649396831
 11
71.05099202489903
 21
25.78567784621129
  0
LINE
  5
39F
100
AcDbEntity
  8
0
  6
ByLayer
 62
    7
370
   -1
100
AcDbLine
 10
74.88202211189028
 20
25.78567784621129
 11
77.58367348316723
 21
25.78567784621129
  0
LINE
  5
3A0
100
AcDbEntity
  8
0
  6
ByLayer
 62
    7
370
   -1
100
AcDbLine
 10
77.58367348316723
 20
25.78567784621129
 11
77.58367348316723
 21
24.85584649396831
  0
LINE
  5
3A1
100
AcDbEntity
  8
0
  6
ByLayer
 62
    7
370
   -1
100
AcDbLine
 10
77.58367348316723
 20
24.85584649396831
 11
74.88202211189028
 21
24.85584649396831
  0
LINE
  5
3A2
100
AcDbEntity
  8
0
  6
ByLayer
 62
    7
370
   -1
100
AcDbLine
 10
74.88202211189028
 20
24.85584649396831
 11
74.88202211189028
 21
25.78567784621129
  0
LINE
  5
3A3
100
AcDbEntity
  8
0
  6
ByLayer
 62
    7
370
   -1
100
AcDbLine
 10
78.80163087023212
 20
25.78567784621129
 11
81.50328224150908
 21
25.78567784621129
  0
LINE
  5
3A4
100
AcDbEntity
  8
0
  6
ByLayer
 62
    7
370
   -1
100
AcDbLine
 10
81.50328224150908
 20
25.78567784621129
 11
81.50328224150908
 21
24.85584649396831
  0
LINE
  5
3A5
100
AcDbEntity
  8
0
  6
ByLayer
 62
    7
370
   -1
100
AcDbLine
 10
81.50328224150908
 20
24.85584649396831
 11
78.80163087023212
 21
24.85584649396831
  0
LINE
  5
3A6
100
AcDbEntity
  8
0
  6
ByLayer
 62
    7
370
   -1
100
AcDbLine
 10
78.80163087023212
 20
24.85584649396831
 11
78.80163087023212
 21
25.78567784621129
  0
LINE
  5
3A7
100
AcDbEntity
  8
0
  6
ByLayer
 62
    5
370
   -1
100
AcDbLine
 10
49.58586428494221
 20
15.98064194269219
 11
58.78821343992409
 21
15.98064194269219
  0
LINE
  5
3A8
100
AcDbEntity
  8
0
  6
ByLayer
 62
    7
370
   -1
100
AcDbLine
 10
43.25784978488929
 20
8.218694963555798
 11
43.63654474844405
 21
8.218694963555798
  0
LINE
  5
3A9
100
AcDbEntity
  8
0
  6
ByLayer
 62
    7
370
   -1
100
AcDbLine
 10
43.63654474844405
 20
8.218694963555798
 11
43.63654474844405
 21
7.839999999999972
  0
LINE
  5
3AA
100
AcDbEntity
  8
0
  6
ByLayer
 62
    7
370
   -1
100
AcDbLine
 10
43.63654474844405
 20
7.839999999999972
 11
43.25784978488929
 21
7.839999999999972
  0
LINE
  5
3AB
100
AcDbEntity
  8
0
  6
ByLayer
 62
    7
370
   -1
100
AcDbLine
 10
43.25784978488929
 20
7.839999999999972
 11
43.25784978488929
 21
8.218694963555798
  0
LINE
  5
3AC
100
AcDbEntity
  8
0
  6
ByLayer
 62
    7
370
   -1
100
AcDbLine
 10
49.72521176672004
 20
8.079347481777839
 11
48.21580220845404
 21
8.079347481777839
  0
LINE
  5
3AD
100
AcDbEntity
  8
0
  6
ByLayer
 62
    7
370
   -1
100
AcDbLine
 10
49.34651680316416
 20
8.079347481777839
 11
43.63654474844405
 21
8.079347481777839
  0
LINE
  5
3AE
100
AcDbEntity
  8
0
  6
ByLayer
 62
    7
370
   -1
100
AcDbLine
 10
49.72521176672004
 20
7.971936403606551
 11
43.63654474844405
 21
7.971936403606551
  0
LINE
  5
3AF
100
AcDbEntity
  8
0
  6
ByLayer
 62
    7
370
   -1
100
AcDbLine
 10
43.49719726666605
 20
8.218694963555798
 11
43.49719726666605
 21
23.66941175147785
  0
LINE
  5
3B0
100
AcDbEntity
  8
0
  6
ByLayer
 62
    7
370
   -1
100
AcDbLine
 10
43.39719726666619
 20
8.218694963555798
 11
43.39719726666619
 21
23.66941175147785
  0
LINE
  5
3B1
100
AcDbEntity
  8
0
  6
ByLayer
 62
    7
370
   -1
100
AcDbLine
 10
43.25102116697097
 20
24.04810671503367
 11
43.62971613052703
 21
24.04810671503367
  0
LINE
  5
3B2
100
AcDbEntity
  8
0
  6
ByLayer
 62
    7
370
   -1
100
AcDbLine
 10
43.62971613052703
 20
24.04810671503367
 11
43.62971613052703
 21
23.66941175147785
  0
LINE
  5
3B3
100
AcDbEntity
  8
0
  6
ByLayer
 62
    7
370
   -1
100
AcDbLine
 10
43.62971613052703
 20
23.66941175147785
 11
43.25102116697097
 21
23.66941175147785
  0
LINE
  5
3B4
100
AcDbEntity
  8
0
  6
ByLayer
 62
    7
370
   -1
100
AcDbLine
 10
43.25102116697097
 20
23.66941175147785
 11
43.25102116697097
 21
24.04810671503367
  0
LINE
  5
3B5
100
AcDbEntity
  8
0
  6
ByLayer
 62
    7
370
   -1
100
AcDbLine
 10
43.62971613052703
 20
23.80687359721091
 11
48.08704423639713
 21
23.80687359721091
  0
LINE
  5
3B6
100
AcDbEntity
  8
0
  6
ByLayer
 62
    6
370
   -1
100
AcDbLine
 10
47.38586428494212
 20
20.13310525172939
 11
45.5858642849422
 21
20.13310525172939
  0
LINE
  5
3B7
100
AcDbEntity
  8
0
  6
ByLayer
 62
    6
370
   -1
100
AcDbLine
 10
45.5858642849422
 20
20.13310525172939
 11
45.48586428494215
 21
20.13310525172939
  0
LINE
  5
3B8
100
AcDbEntity
  8
0
  6
ByLayer
 62
    6
370
   -1
100
AcDbLine
 10
45.48586428494215
 20
20.13310525172939
 11
45.48586428494215
 21
20.23310525172939
  0
LINE
  5
3B9
100
AcDbEntity
  8
0
  6
ByLayer
 62
    6
370
   -1
100
AcDbLine
 10
45.48586428494215
 20
20.23310525172939
 11
47.38586428494212
 21
20.23310525172939
  0
LINE
  5
3BA
100
AcDbEntity
  8
0
  6
ByLayer
 62
    7
370
   -1
100
AcDbLine
 10
46.58586428494211
 20
21.19310525172941
 11
44.29719726666605
 21
21.19310525172941
  0
LINE
  5
3BB
100
AcDbEntity
  8
0
  6
ByLayer
 62
    7
370
   -1
100
AcDbLine
 10
44.29719726666605
 20
21.19310525172941
 11
45.34719726666617
 21
21.19310525172941
  0
LINE
  5
3BC
100
AcDbEntity
  8
0
  6
ByLayer
 62
    7
370
   -1
100
AcDbLine
 10
45.34719726666617
 20
21.19310525172941
 11
45.34719726666617
 21
23.80687359721091
  0
LINE
  5
3BD
100
AcDbEntity
  8
0
  6
ByLayer
 62
    7
370
   -1
100
AcDbLine
 10
45.44719726666622
 20
21.19310525172941
 11
45.44719726666622
 21
23.80687359721091
  0
LINE
  5
3BE
100
AcDbEntity
  8
0
  6
ByLayer
 62
    7
370
   -1
100
AcDbLine
 10
44.29719726666605
 20
22.9768735972109
 11
45.34719726666617
 21
22.9768735972109
  0
LINE
  5
3BF
100
AcDbEntity
  8
0
  6
ByLayer
 62
    7
370
   -1
100
AcDbLine
 10
44.29719726666605
 20
22.8768735972109
 11
45.34719726666617
 21
22.8768735972109
  0
LINE
  5
3C0
100
AcDbEntity
  8
0
  6
ByLayer
 62
    7
370
   -1
100
AcDbLine
 10
45.44719726666622
 20
22.9768735972109
 11
46.58586428494211
 21
22.9768735972109
  0
LINE
  5
3C1
100
AcDbEntity
  8
0
  6
ByLayer
 62
    7
370
   -1
100
AcDbLine
 10
45.44719726666622
 20
22.8768735972109
 11
46.58586428494211
 21
22.8768735972109
  0
LINE
  5
3C2
100
AcDbEntity
  8
0
  6
ByLayer
 62
    6
370
   -1
100
AcDbLine
 10
47.48586428494216
 20
21.09310525172945
 11
47.38586428494212
 21
21.09310525172945
  0
LINE
  5
3C3
100
AcDbEntity
  8
0
  6
ByLayer
 62
    7
370
   -1
100
AcDbLine
 10
44.29719726666605
 20
21.19310525172941
 11
44.3971972666661
 21
21.19310525172941
  0
LINE
  5
3C4
100
AcDbEntity
  8
0
  6
ByLayer
 62
    7
370
   -1
100
AcDbLine
 10
44.29719726666605
 20
21.19310525172941
 11
44.29719726666605
 21
21.09310525172945
  0
LINE
  5
3C5
100
AcDbEntity
  8
0
  6
ByLayer
 62
    7
370
   -1
100
AcDbLine
 10
46.58586428494211
 20
21.19310525172941
 11
46.58586428494211
 21
21.09310525172945
  0
LINE
  5
3C6
100
AcDbEntity
  8
0
  6
ByLayer
 62
    7
370
   -1
100
AcDbLine
 10
46.58586428494211
 20
21.09310525172945
 11
44.29719726666605
 21
21.09310525172945
  0
LINE
  5
3C7
100
AcDbEntity
  8
0
  6
ByLayer
 62
    7
370
   -1
100
AcDbLine
 10
44.29719726666605
 20
22.9768735972109
 11
44.29719726666605
 21
22.8768735972109
  0
LINE
  5
3C8
100
AcDbEntity
  8
0
  6
ByLayer
 62
    7
370
   -1
100
AcDbLine
 10
46.58586428494211
 20
22.9768735972109
 11
46.58586428494211
 21
22.8768735972109
  0
LINE
  5
3C9
100
AcDbEntity
  8
0
  6
ByLayer
 62
    7
370
   -1
100
AcDbLine
 10
43.49719726666605
 20
21.19310525172941
 11
43.54568873092705
 21
21.19310525172941
  0
LINE
  5
3CA
100
AcDbEntity
  8
0
  6
ByLayer
 62
    7
370
   -1
100
AcDbLine
 10
43.54568873092705
 20
21.19310525172941
 11
43.54568873092705
 21
21.09310525172941
  0
LINE
  5
3CB
100
AcDbEntity
  8
0
  6
ByLayer
 62
    7
370
   -1
100
AcDbLine
 10
43.54568873092705
 20
21.09310525172941
 11
43.49719726666605
 21
21.09310525172941
  0
LINE
  5
3CC
100
AcDbEntity
  8
0
  6
ByLayer
 62
    7
370
   -1
100
AcDbLine
 10
43.54568873092705
 20
21.19310525172941
 11
43.54568873092705
 21
21.94461378746868
  0
LINE
  5
3CD
100
AcDbEntity
  8
0
  6
ByLayer
 62
    7
370
   -1
100
AcDbLine
 10
43.49719726666605
 20
22.9768735972109
 11
43.54568873092705
 21
22.9768735972109
  0
LINE
  5
3CE
100
AcDbEntity
  8
0
  6
ByLayer
 62
    7
370
   -1
100
AcDbLine
 10
43.54568873092705
 20
22.9768735972109
 11
43.54568873092705
 21
22.8768735972109
  0
LINE
  5
3CF
100
AcDbEntity
  8
0
  6
ByLayer
 62
    7
370
   -1
100
AcDbLine
 10
43.54568873092705
 20
22.8768735972109
 11
43.49719726666605
 21
22.8768735972109
  0
LINE
  5
3D0
100
AcDbEntity
  8
0
  6
ByLayer
 62
    7
370
   -1
100
AcDbLine
 10
43.54568873092705
 20
22.9768735972109
 11
43.54568873092705
 21
23.72838213295017
  0
LINE
  5
3D1
100
AcDbEntity
  8
0
  6
ByLayer
 62
    7
370
   -1
100
AcDbLine
 10
47.38586428494212
 20
22.9768735972109
 11
47.33737282068111
 21
22.9768735972109
  0
LINE
  5
3D2
100
AcDbEntity
  8
0
  6
ByLayer
 62
    7
370
   -1
100
AcDbLine
 10
47.33737282068111
 20
22.9768735972109
 11
47.33737282068111
 21
22.8768735972109
  0
LINE
  5
3D3
100
AcDbEntity
  8
0
  6
ByLayer
 62
    7
370
   -1
100
AcDbLine
 10
47.33737282068111
 20
22.8768735972109
 11
47.38586428494212
 21
22.8768735972109
  0
LINE
  5
3D4
100
AcDbEntity
  8
0
  6
ByLayer
 62
    7
370
   -1
100
AcDbLine
 10
47.33737282068111
 20
22.9768735972109
 11
47.33737282068111
 21
23.72838213295017
  0
LINE
  5
3D5
100
AcDbEntity
  8
0
  6
ByLayer
 62
    7
370
   -1
100
AcDbLine
 10
46.58586428494211
 20
21.19310525172941
 11
46.48586428494225
 21
21.19310525172945
  0
LINE
  5
3D6
100
AcDbEntity
  8
0
  6
ByLayer
 62
    7
370
   -1
100
AcDbLine
 10
47.38586428494212
 20
21.19310525172945
 11
47.33737282068111
 21
21.19310525172945
  0
LINE
  5
3D7
100
AcDbEntity
  8
0
  6
ByLayer
 62
    7
370
   -1
100
AcDbLine
 10
47.33737282068111
 20
21.19310525172945
 11
47.33737282068111
 21
21.09310525172959
  0
LINE
  5
3D8
100
AcDbEntity
  8
0
  6
ByLayer
 62
    7
370
   -1
100
AcDbLine
 10
47.33737282068111
 20
21.09310525172959
 11
47.38586428494212
 21
21.09310525172945
  0
LINE
  5
3D9
100
AcDbEntity
  8
0
  6
ByLayer
 62
    7
370
   -1
100
AcDbLine
 10
47.33737282068111
 20
21.19310525172945
 11
47.33737282068111
 21
21.94461378746873
  0
LINE
  5
3DA
100
AcDbEntity
  8
0
  6
ByLayer
 62
    7
370
   -1
100
AcDbLine
 10
49.80130644191194
 20
12.16486417857582
 11
51.00130644191194
 21
12.16486417857582
  0
LINE
  5
3DB
100
AcDbEntity
  8
0
  6
ByLayer
 62
    7
370
   -1
100
AcDbLine
 10
52.20130644191195
 20
11.56486417857582
 11
52.20130644191195
 21
12.16486417857582
  0
LINE
  5
3DC
100
AcDbEntity
  8
0
  6
ByLayer
 62
    7
370
   -1
100
AcDbLine
 10
53.40130644191196
 20
12.16486417857582
 11
53.40130644191196
 21
11.56486417857582
  0
LINE
  5
3DD
100
AcDbEntity
  8
0
  6
ByLayer
 62
    7
370
   -1
100
AcDbLine
 10
53.40130644191196
 20
11.56486417857582
 11
52.20130644191195
 21
11.56486417857582
  0
LINE
  5
3DE
100
AcDbEntity
  8
0
  6
ByLayer
 62
    7
370
   -1
100
AcDbLine
 10
52.20130644191195
 20
10.96486417857582
 11
52.20130644191195
 21
11.56486417857582
  0
LINE
  5
3DF
100
AcDbEntity
  8
0
  6
ByLayer
 62
    7
370
   -1
100
AcDbLine
 10
53.40130644191196
 20
11.56486417857582
 11
53.40130644191196
 21
10.96486417857582
  0
LINE
  5
3E0
100
AcDbEntity
  8
0
  6
ByLayer
 62
    7
370
   -1
100
AcDbLine
 10
52.20130644191195
 20
10.96486417857582
 11
53.40130644191196
 21
10.96486417857582
  0
LINE
  5
3E1
100
AcDbEntity
  8
0
  6
ByLayer
 62
    7
370
   -1
100
AcDbLine
 10
52.20130644191195
 20
12.16486417857582
 11
53.40130644191196
 21
12.16486417857582
  0
LINE
  5
3E2
100
AcDbEntity
  8
0
  6
ByLayer
 62
    7
370
   -1
100
AcDbLine
 10
55.59636661185007
 20
14.8046802325804
 11
55.39636661184997
 21
14.8046802325804
  0
LINE
  5
3E3
100
AcDbEntity
  8
0
  6
ByLayer
 62
    7
370
   -1
100
AcDbLine
 10
55.39636661184997
 20
14.8046802325804
 11
55.39636661184997
 21
11.20468023258039
  0
LINE
  5
3E4
100
AcDbEntity
  8
0
  6
ByLayer
 62
    7
370
   -1
100
AcDbLine
 10
55.59636661185007
 20
11.20468023258039
 11
55.39636661184997
 21
11.20468023258039
  0
LINE
  5
3E5
100
AcDbEntity
  8
0
  6
ByLayer
 62
    7
370
   -1
100
AcDbLine
 10
55.59636661185007
 20
13.60468023258039
 11
55.39636661184997
 21
13.60468023258039
  0
LINE
  5
3E6
100
AcDbEntity
  8
0
  6
ByLayer
 62
    7
370
   -1
100
AcDbLine
 10
55.59636661185007
 20
12.40468023258039
 11
55.39636661184997
 21
12.40468023258039
  0
LINE
  5
3E7
100
AcDbEntity
  8
0
  6
ByLayer
 62
    7
370
   -1
100
AcDbLine
 10
59.19636661185007
 20
14.8046802325804
 11
59.39636661184998
 21
14.8046802325804
  0
LINE
  5
3E8
100
AcDbEntity
  8
0
  6
ByLayer
 62
    7
370
   -1
100
AcDbLine
 10
59.39636661184998
 20
14.8046802325804
 11
59.39636661184998
 21
11.20468023258039
  0
LINE
  5
3E9
100
AcDbEntity
  8
0
  6
ByLayer
 62
    7
370
   -1
100
AcDbLine
 10
59.39636661184998
 20
11.20468023258039
 11
59.19636661185007
 21
11.20468023258039
  0
LINE
  5
3EA
100
AcDbEntity
  8
0
  6
ByLayer
 62
    7
370
   -1
100
AcDbLine
 10
59.19636661185007
 20
12.40468023258039
 11
59.39636661184998
 21
12.40468023258039
  0
LINE
  5
3EB
100
AcDbEntity
  8
0
  6
ByLayer
 62
    7
370
   -1
100
AcDbLine
 10
59.19636661185007
 20
13.60468023258039
 11
59.39636661184998
 21
13.60468023258039
  0
LINE
  5
3EC
100
AcDbEntity
  8
0
  6
ByLayer
 62
    7
370
   -1
100
AcDbLine
 10
53.40130644191196
 20
12.16486417857582
 11
53.40130644191196
 21
12.36486417857582
  0
LINE
  5
3ED
100
AcDbEntity
  8
0
  6
ByLayer
 62
    5
370
   -1
100
AcDbLine
 10
52.20130644191195
 20
12.36486417857582
 11
51.00130644191194
 21
12.36486417857582
  0
LINE
  5
3EE
100
AcDbEntity
  8
0
  6
ByLayer
 62
    7
370
   -1
100
AcDbLine
 10
49.80130644191194
 20
12.16486417857582
 11
49.80130644191194
 21
12.36486417857582
  0
LINE
  5
3EF
100
AcDbEntity
  8
0
  6
ByLayer
 62
    7
370
   -1
100
AcDbLine
 10
52.20130644191195
 20
12.16486417857582
 11
52.20130644191195
 21
12.36486417857582
  0
LINE
  5
3F0
100
AcDbEntity
  8
0
  6
ByLayer
 62
    7
370
   -1
100
AcDbLine
 10
51.00130644191194
 20
12.16486417857582
 11
51.00130644191194
 21
12.36486417857582
  0
LINE
  5
3F1
100
AcDbEntity
  8
0
  6
ByLayer
 62
    7
370
   -1
100
AcDbLine
 10
52.20130644191195
 20
10.96486417857582
 11
51.00130644191194
 21
10.96486417857582
  0
LINE
  5
3F2
100
AcDbEntity
  8
0
  6
ByLayer
 62
    7
370
   -1
100
AcDbLine
 10
49.80130644191194
 20
12.36486417857582
 11
51.00130644191194
 21
12.36486417857582
  0
LINE
  5
3F3
100
AcDbEntity
  8
0
  6
ByLayer
 62
    7
370
   -1
100
AcDbLine
 10
52.20130644191195
 20
12.36486417857582
 11
53.40130644191196
 21
12.36486417857582
  0
LINE
  5
3F4
100
AcDbEntity
  8
0
  6
ByLayer
 62
    5
370
   -1
100
AcDbLine
 10
51.00130644191194
 20
12.16486417857582
 11
52.20130644191195
 21
12.16486417857582
  0
LINE
  5
3F5
100
AcDbEntity
  8
0
  6
ByLayer
 62
    7
370
   -1
100
AcDbLine
 10
51.09551126917512
 20
14.64258681227749
 11
51.09551126917512
 21
15.24258681227749
  0
LINE
  5
3F6
100
AcDbEntity
  8
0
  6
ByLayer
 62
    7
370
   -1
100
AcDbLine
 10
52.29551126917512
 20
15.24258681227749
 11
52.29551126917512
 21
14.64258681227749
  0
LINE
  5
3F7
100
AcDbEntity
  8
0
  6
ByLayer
 62
    7
370
   -1
100
AcDbLine
 10
52.29551126917512
 20
14.64258681227749
 11
51.09551126917512
 21
14.64258681227749
  0
LINE
  5
3F8
100
AcDbEntity
  8
0
  6
ByLayer
 62
    7
370
   -1
100
AcDbLine
 10
51.09551126917512
 20
15.24258681227749
 11
52.29551126917512
 21
15.24258681227749
  0
LINE
  5
3F9
100
AcDbEntity
  8
0
  6
ByLayer
 62
    7
370
   -1
100
AcDbLine
 10
50.33548185108798
 20
14.93216184295868
 11
49.5598027116411
 21
14.93216184295868
  0
LINE
  5
3FA
100
AcDbEntity
  8
0
  6
ByLayer
 62
    7
370
   -1
100
AcDbLine
 10
51.00130644191194
 20
12.16486417857582
 11
51.60130644191296
 21
12.16486417857582
  0
LINE
  5
3FB
100
AcDbEntity
  8
0
  6
ByLayer
 62
    7
370
   -1
100
AcDbLine
 10
51.60130644191296
 20
12.16486417857582
 11
51.60130644191296
 21
11.56486417857582
  0
LINE
  5
3FC
100
AcDbEntity
  8
0
  6
ByLayer
 62
    7
370
   -1
100
AcDbLine
 10
51.60130644191296
 20
11.56486417857582
 11
51.00130644191194
 21
11.56486417857582
  0
LINE
  5
3FD
100
AcDbEntity
  8
0
  6
ByLayer
 62
    7
370
   -1
100
AcDbLine
 10
51.60130644191296
 20
12.16486417857582
 11
52.20130644191195
 21
12.16486417857582
  0
LINE
  5
3FE
100
AcDbEntity
  8
0
  6
ByLayer
 62
    7
370
   -1
100
AcDbLine
 10
52.20130644191195
 20
11.56486417857582
 11
51.60130644191296
 21
11.56486417857582
  0
LINE
  5
3FF
100
AcDbEntity
  8
0
  6
ByLayer
 62
    7
370
   -1
100
AcDbLine
 10
52.20130644191195
 20
10.96486417857582
 11
51.60130644191296
 21
10.96486417857582
  0
LINE
  5
400
100
AcDbEntity
  8
0
  6
ByLayer
 62
    7
370
   -1
100
AcDbLine
 10
51.60130644191296
 20
10.96486417857582
 11
51.60130644191296
 21
11.56486417857582
  0
LINE
  5
401
100
AcDbEntity
  8
0
  6
ByLayer
 62
    7
370
   -1
100
AcDbLine
 10
51.60130644191296
 20
10.96486417857582
 11
51.00130644191194
 21
10.96486417857582
  0
LINE
  5
402
100
AcDbEntity
  8
0
  6
ByLayer
 62
    7
370
   -1
100
AcDbLine
 10
51.99551126917517
 20
15.24258681227749
 11
51.99551126917517
 21
14.64258681227749
  0
LINE
  5
403
100
AcDbEntity
  8
0
  6
ByLayer
 62
    7
370
   -1
100
AcDbLine
 10
51.39551126917507
 20
15.24258681227749
 11
51.39551126917507
 21
14.64258681227749
  0
LINE
  5
404
100
AcDbEntity
  8
0
  6
ByLayer
 62
    7
370
   -1
100
AcDbLine
 10
50.57020111735018
 20
15.16080242993618
 11
50.57020111735018
 21
15.56139595612452
  0
LINE
  5
405
100
AcDbEntity
  8
0
  6
ByLayer
 62
    7
370
   -1
100
AcDbLine
 10
50.57020111735018
 20
15.56139595612452
 11
51.27315446714212
 21
15.56139595612452
  0
LINE
  5
406
100
AcDbEntity
  8
0
  6
ByLayer
 62
    7
370
   -1
100
AcDbLine
 10
51.27315446714212
 20
15.56139595612452
 11
51.27315446714212
 21
15.24258681227749
  0
LINE
  5
407
100
AcDbEntity
  8
0
  6
ByLayer
 62
    7
370
   -1
100
AcDbLine
 10
49.80130644191194
 20
10.84256740306472
 11
50.27074497443596
 21
10.84256740306472
  0
LINE
  5
408
100
AcDbEntity
  8
0
  6
ByLayer
 62
    7
370
   -1
100
AcDbLine
 10
50.27074497443596
 20
10.84256740306472
 11
50.27074497443596
 21
10.38528622910981
  0
LINE
  5
409
100
AcDbEntity
  8
0
  6
ByLayer
 62
    7
370
   -1
100
AcDbLine
 10
50.27074497443596
 20
10.38528622910981
 11
49.80130644191194
 21
10.38528622910981
  0
LINE
  5
40A
100
AcDbEntity
  8
0
  6
ByLayer
 62
    7
370
   -1
100
AcDbLine
 10
49.80130644191194
 20
10.38528622910981
 11
49.80130644191194
 21
10.84256740306472
  0
LINE
  5
40B
100
AcDbEntity
  8
0
  6
ByLayer
 62
    7
370
   -1
100
AcDbLine
 10
59.00901330953413
 20
16.92766549968817
 11
59.06465107862695
 21
16.92766549968817
  0
LINE
  5
40C
100
AcDbEntity
  8
0
  6
ByLayer
 62
    7
370
   -1
100
AcDbLine
 10
59.00901330953413
 20
17.57072765855908
 11
59.06465107862695
 21
17.57072765855908
  0
LINE
  5
40D
100
AcDbEntity
  8
0
  6
ByLayer
 62
    7
370
   -1
100
AcDbLine
 10
49.22706221331702
 20
20.60410424627447
 11
48.1211700743681
 21
20.60410424627456
  0
LINE
  5
40E
100
AcDbEntity
  8
0
  6
ByLayer
 62
    7
370
   -1
100
AcDbLine
 10
55.66106694346615
 20
25.94197484390735
 11
55.66106694346615
 21
26.24112202704131
  0
LINE
  5
40F
100
AcDbEntity
  8
0
  6
ByLayer
 62
    7
370
   -1
100
AcDbLine
 10
55.66106694346615
 20
26.24112202704131
 11
58.66199730794909
 21
26.24112202704131
  0
LINE
  5
410
100
AcDbEntity
  8
0
  6
ByLayer
 62
    7
370
   -1
100
AcDbLine
 10
58.66199730794909
 20
26.24112202704131
 11
58.66199730794909
 21
24.56558453892304
  0
LINE
  5
411
100
AcDbEntity
  8
0
  6
ByLayer
 62
    7
370
   -1
100
AcDbLine
 10
58.66199730794909
 20
24.56558453892304
 11
67.39779071467306
 21
24.56558453892304
  0
LINE
  5
412
100
AcDbEntity
  8
0
  6
ByLayer
 62
    7
370
   -1
100
AcDbLine
 10
50.5264505447972
 20
10.84256740306472
 11
50.99588907732103
 21
10.84256740306472
  0
LINE
  5
413
100
AcDbEntity
  8
0
  6
ByLayer
 62
    7
370
   -1
100
AcDbLine
 10
50.99588907732103
 20
10.84256740306472
 11
50.99588907732103
 21
10.38528622910981
  0
LINE
  5
414
100
AcDbEntity
  8
0
  6
ByLayer
 62
    7
370
   -1
100
AcDbLine
 10
50.99588907732103
 20
10.38528622910981
 11
50.5264505447972
 21
10.38528622910981
  0
LINE
  5
415
100
AcDbEntity
  8
0
  6
ByLayer
 62
    7
370
   -1
100
AcDbLine
 10
50.5264505447972
 20
10.38528622910981
 11
50.5264505447972
 21
10.84256740306472
  0
LINE
  5
416
100
AcDbEntity
  8
0
  6
ByLayer
 62
    7
370
   -1
100
AcDbLine
 10
52.20432157411202
 20
10.84256740306472
 11
52.67376010663603
 21
10.84256740306472
  0
LINE
  5
417
100
AcDbEntity
  8
0
  6
ByLayer
 62
    7
370
   -1
100
AcDbLine
 10
52.67376010663603
 20
10.84256740306472
 11
52.67376010663603
 21
10.38528622910981
  0
LINE
  5
418
100
AcDbEntity
  8
0
  6
ByLayer
 62
    7
370
   -1
100
AcDbLine
 10
52.67376010663603
 20
10.38528622910981
 11
52.20432157411202
 21
10.38528622910981
  0
LINE
  5
419
100
AcDbEntity
  8
0
  6
ByLayer
 62
    7
370
   -1
100
AcDbLine
 10
52.20432157411202
 20
10.38528622910981
 11
52.20432157411202
 21
10.84256740306472
  0
LINE
  5
41A
100
AcDbEntity
  8
0
  6
ByLayer
 62
    7
370
   -1
100
AcDbLine
 10
52.91841354295703
 20
10.84256740306472
 11
53.38785207548123
 21
10.84256740306472
  0
LINE
  5
41B
100
AcDbEntity
  8
0
  6
ByLayer
 62
    7
370
   -1
100
AcDbLine
 10
53.38785207548123
 20
10.84256740306472
 11
53.38785207548123
 21
10.38528622910981
  0
LINE
  5
41C
100
AcDbEntity
  8
0
  6
ByLayer
 62
    7
370
   -1
100
AcDbLine
 10
53.38785207548123
 20
10.38528622910981
 11
52.91841354295703
 21
10.38528622910981
  0
LINE
  5
41D
100
AcDbEntity
  8
0
  6
ByLayer
 62
    7
370
   -1
100
AcDbLine
 10
52.91841354295703
 20
10.38528622910981
 11
52.91841354295703
 21
10.84256740306472
  0
LINE
  5
41E
100
AcDbEntity
  8
0
  6
ByLayer
 62
    7
370
   -1
100
AcDbLine
 10
49.51116523110917
 20
20.4408140150289
 11
49.51116523110917
 21
11.97158297433435
  0
LINE
  5
41F
100
AcDbEntity
  8
0
  6
ByLayer
 62
    7
370
   -1
100
AcDbLine
 10
49.68416314289813
 20
20.82042111451786
 11
49.68416314289813
 21
18.52285313668331
  0
LINE
  5
420
100
AcDbEntity
  8
0
  6
ByLayer
 62
    7
370
   -1
100
AcDbLine
 10
49.51116523110917
 20
11.97158297433435
 11
49.7071607558581
 21
11.97158297433435
  0
LINE
  5
421
100
AcDbEntity
  8
0
  6
ByLayer
 62
    7
370
   -1
100
AcDbLine
 10
49.7071607558581
 20
11.97158297433435
 11
49.7071607558581
 21
10.35956401583944
  0
LINE
  5
422
100
AcDbEntity
  8
0
  6
ByLayer
 62
    7
370
   -1
100
AcDbLine
 10
49.80130644191194
 20
10.61392681608731
 11
49.7071607558581
 21
10.61392681608731
  0
LINE
  5
423
100
AcDbEntity
  8
0
  6
ByLayer
 62
    7
370
   -1
100
AcDbLine
 10
49.7071607558581
 20
10.35956401583944
 11
53.15313280921904
 21
10.35956401583944
  0
LINE
  5
424
100
AcDbEntity
  8
0
  6
ByLayer
 62
    7
370
   -1
100
AcDbLine
 10
53.15313280921904
 20
10.38528622910981
 11
53.15313280921904
 21
10.35956401583944
  0
LINE
  5
425
100
AcDbEntity
  8
0
  6
ByLayer
 62
    7
370
   -1
100
AcDbLine
 10
50.76116981105903
 20
10.38528622910981
 11
50.76116981105903
 21
10.35956401583944
  0
LINE
  5
426
100
AcDbEntity
  8
0
  6
ByLayer
 62
    7
370
   -1
100
AcDbLine
 10
52.43904084037421
 20
10.38528622910981
 11
52.43904084037421
 21
10.35956401583944
  0
LINE
  5
427
100
AcDbEntity
  8
0
  6
ByLayer
 62
    7
370
   -1
100
AcDbLine
 10
60.92078281963928
 20
21.83051702240397
 11
60.92078281963928
 21
21.04568343439549
  0
LINE
  5
428
100
AcDbEntity
  8
0
  6
ByLayer
 62
    7
370
   -1
100
AcDbLine
 10
60.58105222665308
 20
23.68064194269236
 11
60.58105222665308
 21
24.01385705619684
  0
LINE
  5
429
100
AcDbEntity
  8
0
  6
ByLayer
 62
    7
370
   -1
100
AcDbLine
 10
59.47078300435719
 20
23.38655450349381
 11
59.47078300435719
 21
23.59452628598284
  0
LINE
  5
42A
100
AcDbEntity
  8
0
  6
ByLayer
 62
    7
370
   -1
100
AcDbLine
 10
59.47078300435719
 20
23.59452628598284
 11
60.42783199419114
 21
23.59452628598284
  0
LINE
  5
42B
100
AcDbEntity
  8
0
  6
ByLayer
 62
    7
370
   -1
100
AcDbLine
 10
60.28037660862702
 20
23.2504027820533
 11
60.476171092708
 21
23.2504027820533
  0
LINE
  5
42C
100
AcDbEntity
  8
0
  6
ByLayer
 62
    7
370
   -1
100
AcDbLine
 10
60.476171092708
 20
23.2504027820533
 11
60.476171092708
 21
23.58628534775407
  0
LINE
  5
42D
100
AcDbEntity
  8
0
  6
ByLayer
 62
    7
370
   -1
100
AcDbLine
 10
60.28037660862702
 20
22.25413749931383
 11
60.7037355939041
 21
22.25413749931383
  0
LINE
  5
42E
100
AcDbEntity
  8
0
  6
ByLayer
 62
    7
370
   -1
100
AcDbLine
 10
60.7037355939041
 20
22.25413749931383
 11
60.7037355939041
 21
23.58846867587481
  0
LINE
  5
42F
100
AcDbEntity
  8
0
  6
ByLayer
 62
    7
370
   -1
100
AcDbLine
 10
59.47078300435719
 20
22.39028922075415
 11
59.47078300435719
 21
22.58809811748706
  0
LINE
  5
430
100
AcDbEntity
  8
0
  6
ByLayer
 62
    7
370
   -1
100
AcDbLine
 10
59.47078300435719
 20
22.58809811748706
 11
60.6084455624582
 21
22.58809811748706
  0
LINE
  5
431
100
AcDbEntity
  8
0
  6
ByLayer
 62
    7
370
   -1
100
AcDbLine
 10
60.6084455624582
 20
22.58809811748706
 11
60.6084455624582
 21
23.58276135487877
  0
LINE
  5
432
100
AcDbEntity
  8
0
  6
ByLayer
 62
    7
370
   -1
100
AcDbLine
 10
61.07382139702906
 20
23.64140594210066
 11
61.90856141288916
 21
23.64140594210066
  0
LINE
  5
433
100
AcDbEntity
  8
0
  6
ByLayer
 62
    7
370
   -1
100
AcDbLine
 10
61.90856141288916
 20
23.64140594210066
 11
61.90856141288916
 21
23.27983723918149
  0
LINE
  5
434
100
AcDbEntity
  8
0
  6
ByLayer
 62
    7
370
   -1
100
AcDbLine
 10
61.90856141288916
 20
23.27983723918149
 11
61.07382139702906
 21
23.27983723918149
  0
LINE
  5
435
100
AcDbEntity
  8
0
  6
ByLayer
 62
    7
370
   -1
100
AcDbLine
 10
61.07382139702906
 20
23.27983723918149
 11
61.07382139702906
 21
23.64140594210066
  0
LINE
  5
436
100
AcDbEntity
  8
0
  6
ByLayer
 62
    7
370
   -1
100
AcDbLine
 10
61.25568856885908
 20
23.64140594210066
 11
61.25568856885908
 21
24.28746933306751
  0
LINE
  5
437
100
AcDbEntity
  8
0
  6
ByLayer
 62
    7
370
   -1
100
AcDbLine
 10
61.25568856885908
 20
24.28746933306751
 11
78.83978852577815
 21
24.28746933306751
  0
LINE
  5
438
100
AcDbEntity
  8
0
  6
ByLayer
 62
    7
370
   -1
100
AcDbLine
 10
78.83978852577815
 20
24.28746933306751
 11
78.83978852577815
 21
8.332047836712823
  0
LINE
  5
439
100
AcDbEntity
  8
0
  6
ByLayer
 62
    7
370
   -1
100
AcDbLine
 10
60.76791376401611
 20
23.60515734951919
 11
61.07382139702906
 21
23.60515734951919
  0
LINE
  5
43A
100
AcDbEntity
  8
0
  6
ByLayer
 62
    7
370
   -1
100
AcDbLine
 10
60.89642779437805
 20
21.05561416405714
 11
60.89642779437805
 21
21.81268069471263
  0
LINE
  5
43B
100
AcDbEntity
  8
0
  6
ByLayer
 62
    7
370
   -1
100
AcDbLine
 10
60.89642779437805
 20
21.81268069471263
 11
58.91368106255005
 21
21.81268069471263
  0
LINE
  5
43C
100
AcDbEntity
  8
0
  6
ByLayer
 62
    7
370
   -1
100
AcDbLine
 10
58.91368106255005
 20
21.81268069471263
 11
58.91368106255005
 21
24.0395383571242
  0
LINE
  5
43D
100
AcDbEntity
  8
0
  6
ByLayer
 62
    7
370
   -1
100
AcDbLine
 10
58.95981406945099
 20
24.08100780493858
 11
48.89227638077401
 21
24.08100780493858
  0
LINE
  5
43E
100
AcDbEntity
  8
0
  6
ByLayer
 62
    7
370
   -1
100
AcDbLine
 10
58.95981406945099
 20
21.84900750446135
 11
60.93643390016996
 21
21.84900750446135
  0
LINE
  5
43F
100
AcDbEntity
  8
0
  6
ByLayer
 62
    7
370
   -1
100
AcDbLine
 10
60.93643390016996
 20
21.84900750446135
 11
60.93643390016996
 21
21.04454787868728
  0
LINE
  5
440
100
AcDbEntity
  8
0
  6
ByLayer
 62
    7
370
   -1
100
AcDbLine
 10
58.95981406945099
 20
21.84900750446135
 11
58.95981406945099
 21
24.08100780493858
  0
LINE
  5
441
100
AcDbEntity
  8
0
  6
ByLayer
 62
    7
370
   -1
100
AcDbLine
 10
58.93821343992509
 20
24.06076784681748
 11
48.91642120266205
 21
24.06076784681748
  0
LINE
  5
442
100
AcDbEntity
  8
0
  6
ByLayer
 62
    7
370
   -1
100
AcDbLine
 10
48.91642120266205
 20
24.06076784681748
 11
48.91642120266205
 21
22.03626728075333
  0
LINE
  5
443
100
AcDbEntity
  8
0
  6
ByLayer
 62
    7
370
   -1
100
AcDbLine
 10
48.91642120266205
 20
22.03626728075333
 11
49.31926098555023
 21
22.03626728075333
  0
LINE
  5
444
100
AcDbEntity
  8
0
  6
ByLayer
 62
    7
370
   -1
100
AcDbLine
 10
58.91368106255005
 20
24.0395383571242
 11
48.95245678080912
 21
24.0395383571242
  0
LINE
  5
445
100
AcDbEntity
  8
0
  6
ByLayer
 62
    7
370
   -1
100
AcDbLine
 10
48.95245678080912
 20
24.0395383571242
 11
48.95245678080912
 21
22.06719007204654
  0
LINE
  5
446
100
AcDbEntity
  8
0
  6
ByLayer
 62
    7
370
   -1
100
AcDbLine
 10
48.95245678080912
 20
22.06719007204654
 11
49.30905274101109
 21
22.06719007204654
  0
LINE
  5
447
100
AcDbEntity
  8
0
  6
ByLayer
 62
    6
370
   -1
100
AcDbLine
 10
58.88821343992507
 20
23.68064194269236
 11
58.88821343992507
 21
23.80687359721091
  0
LINE
  5
448
100
AcDbEntity
  8
0
  6
ByLayer
 62
    6
370
   -1
100
AcDbLine
 10
55.72805574513711
 20
23.80687359721091
 11
58.88821343992507
 21
23.80687359721091
  0
LINE
  5
449
100
AcDbEntity
  8
0
  6
ByLayer
 62
    7
370
   -1
100
AcDbLine
 10
68.39624266416521
 20
24.63066394539786
 11
68.9631013515752
 21
24.63066394539786
  0
LINE
  5
44A
100
AcDbEntity
  8
0
  6
ByLayer
 62
    7
370
   -1
100
AcDbLine
 10
68.9631013515752
 20
24.63066394539786
 11
68.9631013515752
 21
24.42959180517538
  0
LINE
  5
44B
100
AcDbEntity
  8
0
  6
ByLayer
 62
    7
370
   -1
100
AcDbLine
 10
68.9631013515752
 20
24.42959180517538
 11
68.39624266416521
 21
24.42959180517538
  0
LINE
  5
44C
100
AcDbEntity
  8
0
  6
ByLayer
 62
    7
370
   -1
100
AcDbLine
 10
68.39624266416521
 20
24.42959180517538
 11
68.39624266416521
 21
24.63066394539786
  0
LINE
  5
44D
100
AcDbEntity
  8
0
  6
ByLayer
 62
    7
370
   -1
100
AcDbLine
 10
68.46675794705406
 20
24.48205057383836
 11
49.01993369936513
 21
24.48205057383836
  0
LINE
  5
44E
100
AcDbEntity
  8
0
  6
ByLayer
 62
    7
370
   -1
100
AcDbLine
 10
49.06491331765521
 20
24.14656757681425
 11
49.06491331765521
 21
22.20073171258567
  0
LINE
  5
44F
100
AcDbEntity
  8
0
  6
ByLayer
 62
    7
370
   -1
100
AcDbLine
 10
49.01993369936513
 20
24.48205057383836
 11
49.01993369936513
 21
22.15146034765847
  0
LINE
  5
450
100
AcDbEntity
  8
0
  6
ByLayer
 62
    7
370
   -1
100
AcDbLine
 10
49.01993369936513
 20
22.15146034765847
 11
49.31434683319706
 21
22.15146034765847
  0
LINE
  5
451
100
AcDbEntity
  8
0
  6
ByLayer
 62
    7
370
   -1
100
AcDbLine
 10
49.78315136091297
 20
22.06483831789375
 11
49.78315136091297
 21
18.15030061470292
  0
LINE
  5
452
100
AcDbEntity
  8
0
  6
ByLayer
 62
    7
370
   -1
100
AcDbLine
 10
49.90524067274588
 20
22.24040132385508
 11
49.90524067274588
 21
18.15030061470292
  0
LINE
  5
453
100
AcDbEntity
  8
0
  6
ByLayer
 62
    7
370
   -1
100
AcDbLine
 10
68.90178278938214
 20
24.58941038839707
 11
72.32873652235718
 21
24.58941038839707
  0
LINE
  5
454
100
AcDbEntity
  8
0
  6
ByLayer
 62
    7
370
   -1
100
AcDbLine
 10
68.90068353637609
 20
24.54519996344954
 11
76.29056473691107
 21
24.54519996344954
  0
LINE
  5
455
100
AcDbEntity
  8
0
  6
ByLayer
 62
    7
370
   -1
100
AcDbLine
 10
68.89915421258617
 20
24.49974003332366
 11
80.19765292215206
 21
24.49974003332366
  0
LINE
  5
456
100
AcDbEntity
  8
0
  6
ByLayer
 62
    7
370
   -1
100
AcDbLine
 10
68.67967200787011
 20
24.63066394539786
 11
68.67967200787011
 21
24.85584649396831
  0
LINE
  5
457
100
AcDbEntity
  8
0
  6
ByLayer
 62
    7
370
   -1
100
AcDbLine
 10
72.32873652235718
 20
24.58941038839707
 11
72.32873652235718
 21
24.91608213640134
  0
LINE
  5
458
100
AcDbEntity
  8
0
  6
ByLayer
 62
    7
370
   -1
100
AcDbLine
 10
76.29056473691107
 20
24.54519996344954
 11
76.29056473691107
 21
24.9315300269256
  0
LINE
  5
459
100
AcDbEntity
  8
0
  6
ByLayer
 62
    7
370
   -1
100
AcDbLine
 10
80.19765292215206
 20
24.49974003332366
 11
80.19765292215206
 21
24.93146700302106
  0
LINE
  5
45A
100
AcDbEntity
  8
0
  6
ByLayer
 62
    3
370
   -1
100
AcDbLine
 10
49.58586428494221
 20
11.08064194269218
 11
50.18586428494213
 21
11.08064194269218
  0
LINE
  5
45B
100
AcDbEntity
  8
0
  6
ByLayer
 62
    3
370
   -1
100
AcDbLine
 10
50.18586428494213
 20
11.08064194269218
 11
50.18586428494213
 21
10.48064194269203
  0
LINE
  5
45C
100
AcDbEntity
  8
0
  6
ByLayer
 62
    3
370
   -1
100
AcDbLine
 10
50.18586428494213
 20
10.48064194269203
 11
49.58586428494221
 21
10.48064194269203
  0
LINE
  5
45D
100
AcDbEntity
  8
0
  6
ByLayer
 62
    3
370
   -1
100
AcDbLine
 10
49.58586428494221
 20
10.48064194269203
 11
49.58586428494221
 21
11.08064194269218
  0
LINE
  5
45E
100
AcDbEntity
  8
0
  6
ByLayer
 62
    3
370
   -1
100
AcDbLine
 10
49.58586428494221
 20
11.68064194269204
 11
50.18586428494213
 21
11.68064194269204
  0
LINE
  5
45F
100
AcDbEntity
  8
0
  6
ByLayer
 62
    3
370
   -1
100
AcDbLine
 10
50.18586428494213
 20
11.68064194269204
 11
50.18586428494213
 21
11.08064194269218
  0
LINE
  5
460
100
AcDbEntity
  8
0
  6
ByLayer
 62
    3
370
   -1
100
AcDbLine
 10
49.58586428494221
 20
11.08064194269218
 11
49.58586428494221
 21
11.68064194269204
  0
LINE
  5
461
100
AcDbEntity
  8
0
  6
ByLayer
 62
    3
370
   -1
100
AcDbLine
 10
49.58586428494221
 20
12.28064194269218
 11
50.18586428494213
 21
12.28064194269218
  0
LINE
  5
462
100
AcDbEntity
  8
0
  6
ByLayer
 62
    3
370
   -1
100
AcDbLine
 10
50.18586428494213
 20
12.28064194269218
 11
50.18586428494213
 21
11.68064194269204
  0
LINE
  5
463
100
AcDbEntity
  8
0
  6
ByLayer
 62
    3
370
   -1
100
AcDbLine
 10
49.58586428494221
 20
11.68064194269204
 11
49.58586428494221
 21
12.28064194269218
  0
LINE
  5
464
100
AcDbEntity
  8
0
  6
ByLayer
 62
    3
370
   -1
100
AcDbLine
 10
49.58586428494221
 20
12.88064194269204
 11
50.18586428494213
 21
12.88064194269204
  0
LINE
  5
465
100
AcDbEntity
  8
0
  6
ByLayer
 62
    3
370
   -1
100
AcDbLine
 10
50.18586428494213
 20
12.88064194269204
 11
50.18586428494213
 21
12.28064194269218
  0
LINE
  5
466
100
AcDbEntity
  8
0
  6
ByLayer
 62
    3
370
   -1
100
AcDbLine
 10
49.58586428494221
 20
12.28064194269218
 11
49.58586428494221
 21
12.88064194269204
  0
LINE
  5
467
100
AcDbEntity
  8
0
  6
ByLayer
 62
    3
370
   -1
100
AcDbLine
 10
49.58586428494221
 20
13.48064194269219
 11
50.18586428494213
 21
13.48064194269219
  0
LINE
  5
468
100
AcDbEntity
  8
0
  6
ByLayer
 62
    3
370
   -1
100
AcDbLine
 10
50.18586428494213
 20
13.48064194269219
 11
50.18586428494213
 21
12.88064194269204
  0
LINE
  5
469
100
AcDbEntity
  8
0
  6
ByLayer
 62
    3
370
   -1
100
AcDbLine
 10
49.58586428494221
 20
12.88064194269204
 11
49.58586428494221
 21
13.48064194269219
  0
LINE
  5
46A
100
AcDbEntity
  8
0
  6
ByLayer
 62
    3
370
   -1
100
AcDbLine
 10
49.58586428494221
 20
14.08064194269205
 11
50.18586428494213
 21
14.08064194269205
  0
LINE
  5
46B
100
AcDbEntity
  8
0
  6
ByLayer
 62
    3
370
   -1
100
AcDbLine
 10
50.18586428494213
 20
14.08064194269205
 11
50.18586428494213
 21
13.48064194269219
  0
LINE
  5
46C
100
AcDbEntity
  8
0
  6
ByLayer
 62
    3
370
   -1
100
AcDbLine
 10
49.58586428494221
 20
13.48064194269219
 11
49.58586428494221
 21
14.08064194269205
  0
LINE
  5
46D
100
AcDbEntity
  8
0
  6
ByLayer
 62
    3
370
   -1
100
AcDbLine
 10
49.58586428494221
 20
14.68064194269219
 11
50.18586428494213
 21
14.68064194269219
  0
LINE
  5
46E
100
AcDbEntity
  8
0
  6
ByLayer
 62
    3
370
   -1
100
AcDbLine
 10
50.18586428494213
 20
14.68064194269219
 11
50.18586428494213
 21
14.08064194269205
  0
LINE
  5
46F
100
AcDbEntity
  8
0
  6
ByLayer
 62
    3
370
   -1
100
AcDbLine
 10
49.58586428494221
 20
14.08064194269205
 11
49.58586428494221
 21
14.68064194269219
  0
LINE
  5
470
100
AcDbEntity
  8
0
  6
ByLayer
 62
    3
370
   -1
100
AcDbLine
 10
49.58586428494221
 20
15.28064194269205
 11
50.18586428494213
 21
15.28064194269205
  0
LINE
  5
471
100
AcDbEntity
  8
0
  6
ByLayer
 62
    3
370
   -1
100
AcDbLine
 10
50.18586428494213
 20
15.28064194269205
 11
50.18586428494213
 21
14.68064194269219
  0
LINE
  5
472
100
AcDbEntity
  8
0
  6
ByLayer
 62
    3
370
   -1
100
AcDbLine
 10
49.58586428494221
 20
14.68064194269219
 11
49.58586428494221
 21
15.28064194269205
  0
LINE
  5
473
100
AcDbEntity
  8
0
  6
ByLayer
 62
    3
370
   -1
100
AcDbLine
 10
49.58586428494221
 20
15.88064194269219
 11
50.18586428494213
 21
15.88064194269219
  0
LINE
  5
474
100
AcDbEntity
  8
0
  6
ByLayer
 62
    3
370
   -1
100
AcDbLine
 10
50.18586428494213
 20
15.88064194269219
 11
50.18586428494213
 21
15.28064194269205
  0
LINE
  5
475
100
AcDbEntity
  8
0
  6
ByLayer
 62
    3
370
   -1
100
AcDbLine
 10
49.58586428494221
 20
15.28064194269205
 11
49.58586428494221
 21
15.88064194269219
  0
LINE
  5
476
100
AcDbEntity
  8
0
  6
ByLayer
 62
    3
370
   -1
100
AcDbLine
 10
50.18586428494213
 20
11.08064194269218
 11
50.78586428494222
 21
11.08064194269218
  0
LINE
  5
477
100
AcDbEntity
  8
0
  6
ByLayer
 62
    3
370
   -1
100
AcDbLine
 10
50.78586428494222
 20
11.08064194269218
 11
50.78586428494222
 21
10.48064194269203
  0
LINE
  5
478
100
AcDbEntity
  8
0
  6
ByLayer
 62
    3
370
   -1
100
AcDbLine
 10
50.78586428494222
 20
10.48064194269203
 11
50.18586428494213
 21
10.48064194269203
  0
LINE
  5
479
100
AcDbEntity
  8
0
  6
ByLayer
 62
    3
370
   -1
100
AcDbLine
 10
50.18586428494213
 20
11.68064194269204
 11
50.78586428494222
 21
11.68064194269204
  0
LINE
  5
47A
100
AcDbEntity
  8
0
  6
ByLayer
 62
    3
370
   -1
100
AcDbLine
 10
50.78586428494222
 20
11.68064194269204
 11
50.78586428494222
 21
11.08064194269218
  0
LINE
  5
47B
100
AcDbEntity
  8
0
  6
ByLayer
 62
    3
370
   -1
100
AcDbLine
 10
50.18586428494213
 20
12.28064194269218
 11
50.78586428494222
 21
12.28064194269218
  0
LINE
  5
47C
100
AcDbEntity
  8
0
  6
ByLayer
 62
    3
370
   -1
100
AcDbLine
 10
50.78586428494222
 20
12.28064194269218
 11
50.78586428494222
 21
11.68064194269204
  0
LINE
  5
47D
100
AcDbEntity
  8
0
  6
ByLayer
 62
    3
370
   -1
100
AcDbLine
 10
50.18586428494213
 20
12.88064194269204
 11
50.78586428494222
 21
12.88064194269204
  0
LINE
  5
47E
100
AcDbEntity
  8
0
  6
ByLayer
 62
    3
370
   -1
100
AcDbLine
 10
50.78586428494222
 20
12.88064194269204
 11
50.78586428494222
 21
12.28064194269218
  0
LINE
  5
47F
100
AcDbEntity
  8
0
  6
ByLayer
 62
    3
370
   -1
100
AcDbLine
 10
50.18586428494213
 20
13.48064194269219
 11
50.78586428494222
 21
13.48064194269219
  0
LINE
  5
480
100
AcDbEntity
  8
0
  6
ByLayer
 62
    3
370
   -1
100
AcDbLine
 10
50.78586428494222
 20
13.48064194269219
 11
50.78586428494222
 21
12.88064194269204
  0
LINE
  5
481
100
AcDbEntity
  8
0
  6
ByLayer
 62
    3
370
   -1
100
AcDbLine
 10
50.18586428494213
 20
14.08064194269205
 11
50.78586428494222
 21
14.08064194269205
  0
LINE
  5
482
100
AcDbEntity
  8
0
  6
ByLayer
 62
    3
370
   -1
100
AcDbLine
 10
50.78586428494222
 20
14.08064194269205
 11
50.78586428494222
 21
13.48064194269219
  0
LINE
  5
483
100
AcDbEntity
  8
0
  6
ByLayer
 62
    3
370
   -1
100
AcDbLine
 10
50.18586428494213
 20
14.68064194269219
 11
50.78586428494222
 21
14.68064194269219
  0
LINE
  5
484
100
AcDbEntity
  8
0
  6
ByLayer
 62
    3
370
   -1
100
AcDbLine
 10
50.78586428494222
 20
14.68064194269219
 11
50.78586428494222
 21
14.08064194269205
  0
LINE
  5
485
100
AcDbEntity
  8
0
  6
ByLayer
 62
    3
370
   -1
100
AcDbLine
 10
50.18586428494213
 20
15.28064194269205
 11
50.78586428494222
 21
15.28064194269205
  0
LINE
  5
486
100
AcDbEntity
  8
0
  6
ByLayer
 62
    3
370
   -1
100
AcDbLine
 10
50.78586428494222
 20
15.28064194269205
 11
50.78586428494222
 21
14.68064194269219
  0
LINE
  5
487
100
AcDbEntity
  8
0
  6
ByLayer
 62
    3
370
   -1
100
AcDbLine
 10
50.18586428494213
 20
15.88064194269219
 11
50.78586428494222
 21
15.88064194269219
  0
LINE
  5
488
100
AcDbEntity
  8
0
  6
ByLayer
 62
    3
370
   -1
100
AcDbLine
 10
50.78586428494222
 20
15.88064194269219
 11
50.78586428494222
 21
15.28064194269205
  0
LINE
  5
489
100
AcDbEntity
  8
0
  6
ByLayer
 62
    3
370
   -1
100
AcDbLine
 10
50.78586428494222
 20
11.08064194269218
 11
51.38586428494213
 21
11.08064194269218
  0
LINE
  5
48A
100
AcDbEntity
  8
0
  6
ByLayer
 62
    3
370
   -1
100
AcDbLine
 10
51.38586428494213
 20
11.08064194269218
 11
51.38586428494213
 21
10.48064194269203
  0
LINE
  5
48B
100
AcDbEntity
  8
0
  6
ByLayer
 62
    3
370
   -1
100
AcDbLine
 10
51.38586428494213
 20
10.48064194269203
 11
50.78586428494222
 21
10.48064194269203
  0
LINE
  5
48C
100
AcDbEntity
  8
0
  6
ByLayer
 62
    3
370
   -1
100
AcDbLine
 10
50.78586428494222
 20
11.68064194269204
 11
51.38586428494213
 21
11.68064194269204
  0
LINE
  5
48D
100
AcDbEntity
  8
0
  6
ByLayer
 62
    3
370
   -1
100
AcDbLine
 10
51.38586428494213
 20
11.68064194269204
 11
51.38586428494213
 21
11.08064194269218
  0
LINE
  5
48E
100
AcDbEntity
  8
0
  6
ByLayer
 62
    3
370
   -1
100
AcDbLine
 10
50.78586428494222
 20
12.28064194269218
 11
51.38586428494213
 21
12.28064194269218
  0
LINE
  5
48F
100
AcDbEntity
  8
0
  6
ByLayer
 62
    3
370
   -1
100
AcDbLine
 10
51.38586428494213
 20
12.28064194269218
 11
51.38586428494213
 21
11.68064194269204
  0
LINE
  5
490
100
AcDbEntity
  8
0
  6
ByLayer
 62
    3
370
   -1
100
AcDbLine
 10
50.78586428494222
 20
12.88064194269204
 11
51.38586428494213
 21
12.88064194269204
  0
LINE
  5
491
100
AcDbEntity
  8
0
  6
ByLayer
 62
    3
370
   -1
100
AcDbLine
 10
51.38586428494213
 20
12.88064194269204
 11
51.38586428494213
 21
12.28064194269218
  0
LINE
  5
492
100
AcDbEntity
  8
0
  6
ByLayer
 62
    3
370
   -1
100
AcDbLine
 10
50.78586428494222
 20
13.48064194269219
 11
51.38586428494213
 21
13.48064194269219
  0
LINE
  5
493
100
AcDbEntity
  8
0
  6
ByLayer
 62
    3
370
   -1
100
AcDbLine
 10
51.38586428494213
 20
13.48064194269219
 11
51.38586428494213
 21
12.88064194269204
  0
LINE
  5
494
100
AcDbEntity
  8
0
  6
ByLayer
 62
    3
370
   -1
100
AcDbLine
 10
50.78586428494222
 20
14.08064194269205
 11
51.38586428494213
 21
14.08064194269205
  0
LINE
  5
495
100
AcDbEntity
  8
0
  6
ByLayer
 62
    3
370
   -1
100
AcDbLine
 10
51.38586428494213
 20
14.08064194269205
 11
51.38586428494213
 21
13.48064194269219
  0
LINE
  5
496
100
AcDbEntity
  8
0
  6
ByLayer
 62
    3
370
   -1
100
AcDbLine
 10
50.78586428494222
 20
14.68064194269219
 11
51.38586428494213
 21
14.68064194269219
  0
LINE
  5
497
100
AcDbEntity
  8
0
  6
ByLayer
 62
    3
370
   -1
100
AcDbLine
 10
51.38586428494213
 20
14.68064194269219
 11
51.38586428494213
 21
14.08064194269205
  0
LINE
  5
498
100
AcDbEntity
  8
0
  6
ByLayer
 62
    3
370
   -1
100
AcDbLine
 10
50.78586428494222
 20
15.28064194269205
 11
51.38586428494213
 21
15.28064194269205
  0
LINE
  5
499
100
AcDbEntity
  8
0
  6
ByLayer
 62
    3
370
   -1
100
AcDbLine
 10
51.38586428494213
 20
15.28064194269205
 11
51.38586428494213
 21
14.68064194269219
  0
LINE
  5
49A
100
AcDbEntity
  8
0
  6
ByLayer
 62
    3
370
   -1
100
AcDbLine
 10
50.78586428494222
 20
15.88064194269219
 11
51.38586428494213
 21
15.88064194269219
  0
LINE
  5
49B
100
AcDbEntity
  8
0
  6
ByLayer
 62
    3
370
   -1
100
AcDbLine
 10
51.38586428494213
 20
15.88064194269219
 11
51.38586428494213
 21
15.28064194269205
  0
LINE
  5
49C
100
AcDbEntity
  8
0
  6
ByLayer
 62
    3
370
   -1
100
AcDbLine
 10
51.38586428494213
 20
11.08064194269218
 11
51.98586428494222
 21
11.08064194269218
  0
LINE
  5
49D
100
AcDbEntity
  8
0
  6
ByLayer
 62
    3
370
   -1
100
AcDbLine
 10
51.98586428494222
 20
11.08064194269218
 11
51.98586428494222
 21
10.48064194269203
  0
LINE
  5
49E
100
AcDbEntity
  8
0
  6
ByLayer
 62
    3
370
   -1
100
AcDbLine
 10
51.98586428494222
 20
10.48064194269203
 11
51.38586428494213
 21
10.48064194269203
  0
LINE
  5
49F
100
AcDbEntity
  8
0
  6
ByLayer
 62
    3
370
   -1
100
AcDbLine
 10
51.38586428494213
 20
11.68064194269204
 11
51.98586428494222
 21
11.68064194269204
  0
LINE
  5
4A0
100
AcDbEntity
  8
0
  6
ByLayer
 62
    3
370
   -1
100
AcDbLine
 10
51.98586428494222
 20
11.68064194269204
 11
51.98586428494222
 21
11.08064194269218
  0
LINE
  5
4A1
100
AcDbEntity
  8
0
  6
ByLayer
 62
    3
370
   -1
100
AcDbLine
 10
51.38586428494213
 20
12.28064194269218
 11
51.98586428494222
 21
12.28064194269218
  0
LINE
  5
4A2
100
AcDbEntity
  8
0
  6
ByLayer
 62
    3
370
   -1
100
AcDbLine
 10
51.98586428494222
 20
12.28064194269218
 11
51.98586428494222
 21
11.68064194269204
  0
LINE
  5
4A3
100
AcDbEntity
  8
0
  6
ByLayer
 62
    3
370
   -1
100
AcDbLine
 10
51.38586428494213
 20
12.88064194269204
 11
51.98586428494222
 21
12.88064194269204
  0
LINE
  5
4A4
100
AcDbEntity
  8
0
  6
ByLayer
 62
    3
370
   -1
100
AcDbLine
 10
51.98586428494222
 20
12.88064194269204
 11
51.98586428494222
 21
12.28064194269218
  0
LINE
  5
4A5
100
AcDbEntity
  8
0
  6
ByLayer
 62
    3
370
   -1
100
AcDbLine
 10
51.38586428494213
 20
13.48064194269219
 11
51.98586428494222
 21
13.48064194269219
  0
LINE
  5
4A6
100
AcDbEntity
  8
0
  6
ByLayer
 62
    3
370
   -1
100
AcDbLine
 10
51.98586428494222
 20
13.48064194269219
 11
51.98586428494222
 21
12.88064194269204
  0
LINE
  5
4A7
100
AcDbEntity
  8
0
  6
ByLayer
 62
    3
370
   -1
100
AcDbLine
 10
51.38586428494213
 20
14.08064194269205
 11
51.98586428494222
 21
14.08064194269205
  0
LINE
  5
4A8
100
AcDbEntity
  8
0
  6
ByLayer
 62
    3
370
   -1
100
AcDbLine
 10
51.98586428494222
 20
14.08064194269205
 11
51.98586428494222
 21
13.48064194269219
  0
LINE
  5
4A9
100
AcDbEntity
  8
0
  6
ByLayer
 62
    3
370
   -1
100
AcDbLine
 10
51.38586428494213
 20
14.68064194269219
 11
51.98586428494222
 21
14.68064194269219
  0
LINE
  5
4AA
100
AcDbEntity
  8
0
  6
ByLayer
 62
    3
370
   -1
100
AcDbLine
 10
51.98586428494222
 20
14.68064194269219
 11
51.98586428494222
 21
14.08064194269205
  0
LINE
  5
4AB
100
AcDbEntity
  8
0
  6
ByLayer
 62
    3
370
   -1
100
AcDbLine
 10
51.38586428494213
 20
15.28064194269205
 11
51.98586428494222
 21
15.28064194269205
  0
LINE
  5
4AC
100
AcDbEntity
  8
0
  6
ByLayer
 62
    3
370
   -1
100
AcDbLine
 10
51.98586428494222
 20
15.28064194269205
 11
51.98586428494222
 21
14.68064194269219
  0
LINE
  5
4AD
100
AcDbEntity
  8
0
  6
ByLayer
 62
    3
370
   -1
100
AcDbLine
 10
51.38586428494213
 20
15.88064194269219
 11
51.98586428494222
 21
15.88064194269219
  0
LINE
  5
4AE
100
AcDbEntity
  8
0
  6
ByLayer
 62
    3
370
   -1
100
AcDbLine
 10
51.98586428494222
 20
15.88064194269219
 11
51.98586428494222
 21
15.28064194269205
  0
LINE
  5
4AF
100
AcDbEntity
  8
0
  6
ByLayer
 62
    3
370
   -1
100
AcDbLine
 10
51.98586428494222
 20
11.08064194269218
 11
52.58586428494213
 21
11.08064194269218
  0
LINE
  5
4B0
100
AcDbEntity
  8
0
  6
ByLayer
 62
    3
370
   -1
100
AcDbLine
 10
52.58586428494213
 20
11.08064194269218
 11
52.58586428494213
 21
10.48064194269203
  0
LINE
  5
4B1
100
AcDbEntity
  8
0
  6
ByLayer
 62
    3
370
   -1
100
AcDbLine
 10
52.58586428494213
 20
10.48064194269203
 11
51.98586428494222
 21
10.48064194269203
  0
LINE
  5
4B2
100
AcDbEntity
  8
0
  6
ByLayer
 62
    3
370
   -1
100
AcDbLine
 10
51.98586428494222
 20
11.68064194269204
 11
52.58586428494213
 21
11.68064194269204
  0
LINE
  5
4B3
100
AcDbEntity
  8
0
  6
ByLayer
 62
    3
370
   -1
100
AcDbLine
 10
52.58586428494213
 20
11.68064194269204
 11
52.58586428494213
 21
11.08064194269218
  0
LINE
  5
4B4
100
AcDbEntity
  8
0
  6
ByLayer
 62
    3
370
   -1
100
AcDbLine
 10
51.98586428494222
 20
12.28064194269218
 11
52.58586428494213
 21
12.28064194269218
  0
LINE
  5
4B5
100
AcDbEntity
  8
0
  6
ByLayer
 62
    3
370
   -1
100
AcDbLine
 10
52.58586428494213
 20
12.28064194269218
 11
52.58586428494213
 21
11.68064194269204
  0
LINE
  5
4B6
100
AcDbEntity
  8
0
  6
ByLayer
 62
    3
370
   -1
100
AcDbLine
 10
51.98586428494222
 20
12.88064194269204
 11
52.58586428494213
 21
12.88064194269204
  0
LINE
  5
4B7
100
AcDbEntity
  8
0
  6
ByLayer
 62
    3
370
   -1
100
AcDbLine
 10
52.58586428494213
 20
12.88064194269204
 11
52.58586428494213
 21
12.28064194269218
  0
LINE
  5
4B8
100
AcDbEntity
  8
0
  6
ByLayer
 62
    3
370
   -1
100
AcDbLine
 10
51.98586428494222
 20
13.48064194269219
 11
52.58586428494213
 21
13.48064194269219
  0
LINE
  5
4B9
100
AcDbEntity
  8
0
  6
ByLayer
 62
    3
370
   -1
100
AcDbLine
 10
52.58586428494213
 20
13.48064194269219
 11
52.58586428494213
 21
12.88064194269204
  0
LINE
  5
4BA
100
AcDbEntity
  8
0
  6
ByLayer
 62
    3
370
   -1
100
AcDbLine
 10
51.98586428494222
 20
14.08064194269205
 11
52.58586428494213
 21
14.08064194269205
  0
LINE
  5
4BB
100
AcDbEntity
  8
0
  6
ByLayer
 62
    3
370
   -1
100
AcDbLine
 10
52.58586428494213
 20
14.08064194269205
 11
52.58586428494213
 21
13.48064194269219
  0
LINE
  5
4BC
100
AcDbEntity
  8
0
  6
ByLayer
 62
    3
370
   -1
100
AcDbLine
 10
51.98586428494222
 20
14.68064194269219
 11
52.58586428494213
 21
14.68064194269219
  0
LINE
  5
4BD
100
AcDbEntity
  8
0
  6
ByLayer
 62
    3
370
   -1
100
AcDbLine
 10
52.58586428494213
 20
14.68064194269219
 11
52.58586428494213
 21
14.08064194269205
  0
LINE
  5
4BE
100
AcDbEntity
  8
0
  6
ByLayer
 62
    3
370
   -1
100
AcDbLine
 10
51.98586428494222
 20
15.28064194269205
 11
52.58586428494213
 21
15.28064194269205
  0
LINE
  5
4BF
100
AcDbEntity
  8
0
  6
ByLayer
 62
    3
370
   -1
100
AcDbLine
 10
52.58586428494213
 20
15.28064194269205
 11
52.58586428494213
 21
14.68064194269219
  0
LINE
  5
4C0
100
AcDbEntity
  8
0
  6
ByLayer
 62
    3
370
   -1
100
AcDbLine
 10
51.98586428494222
 20
15.88064194269219
 11
52.58586428494213
 21
15.88064194269219
  0
LINE
  5
4C1
100
AcDbEntity
  8
0
  6
ByLayer
 62
    3
370
   -1
100
AcDbLine
 10
52.58586428494213
 20
15.88064194269219
 11
52.58586428494213
 21
15.28064194269205
  0
LINE
  5
4C2
100
AcDbEntity
  8
0
  6
ByLayer
 62
    3
370
   -1
100
AcDbLine
 10
52.58586428494213
 20
11.08064194269218
 11
53.18586428494297
 21
11.08064194269218
  0
LINE
  5
4C3
100
AcDbEntity
  8
0
  6
ByLayer
 62
    3
370
   -1
100
AcDbLine
 10
53.18586428494297
 20
11.08064194269218
 11
53.18586428494297
 21
10.48064194269203
  0
LINE
  5
4C4
100
AcDbEntity
  8
0
  6
ByLayer
 62
    3
370
   -1
100
AcDbLine
 10
53.18586428494297
 20
10.48064194269203
 11
52.58586428494213
 21
10.48064194269203
  0
LINE
  5
4C5
100
AcDbEntity
  8
0
  6
ByLayer
 62
    3
370
   -1
100
AcDbLine
 10
52.58586428494213
 20
11.68064194269204
 11
53.18586428494297
 21
11.68064194269204
  0
LINE
  5
4C6
100
AcDbEntity
  8
0
  6
ByLayer
 62
    3
370
   -1
100
AcDbLine
 10
53.18586428494297
 20
11.68064194269204
 11
53.18586428494297
 21
11.08064194269218
  0
LINE
  5
4C7
100
AcDbEntity
  8
0
  6
ByLayer
 62
    3
370
   -1
100
AcDbLine
 10
52.58586428494213
 20
12.28064194269218
 11
53.18586428494297
 21
12.28064194269218
  0
LINE
  5
4C8
100
AcDbEntity
  8
0
  6
ByLayer
 62
    3
370
   -1
100
AcDbLine
 10
53.18586428494297
 20
12.28064194269218
 11
53.18586428494297
 21
11.68064194269204
  0
LINE
  5
4C9
100
AcDbEntity
  8
0
  6
ByLayer
 62
    3
370
   -1
100
AcDbLine
 10
52.58586428494213
 20
12.88064194269204
 11
53.18586428494297
 21
12.88064194269204
  0
LINE
  5
4CA
100
AcDbEntity
  8
0
  6
ByLayer
 62
    3
370
   -1
100
AcDbLine
 10
53.18586428494297
 20
12.88064194269204
 11
53.18586428494297
 21
12.28064194269218
  0
LINE
  5
4CB
100
AcDbEntity
  8
0
  6
ByLayer
 62
    3
370
   -1
100
AcDbLine
 10
52.58586428494213
 20
13.48064194269219
 11
53.18586428494297
 21
13.48064194269219
  0
LINE
  5
4CC
100
AcDbEntity
  8
0
  6
ByLayer
 62
    3
370
   -1
100
AcDbLine
 10
53.18586428494297
 20
13.48064194269219
 11
53.18586428494297
 21
12.88064194269204
  0
LINE
  5
4CD
100
AcDbEntity
  8
0
  6
ByLayer
 62
    3
370
   -1
100
AcDbLine
 10
52.58586428494213
 20
14.08064194269205
 11
53.18586428494297
 21
14.08064194269205
  0
LINE
  5
4CE
100
AcDbEntity
  8
0
  6
ByLayer
 62
    3
370
   -1
100
AcDbLine
 10
53.18586428494297
 20
14.08064194269205
 11
53.18586428494297
 21
13.48064194269219
  0
LINE
  5
4CF
100
AcDbEntity
  8
0
  6
ByLayer
 62
    3
370
   -1
100
AcDbLine
 10
52.58586428494213
 20
14.68064194269219
 11
53.18586428494297
 21
14.68064194269219
  0
LINE
  5
4D0
100
AcDbEntity
  8
0
  6
ByLayer
 62
    3
370
   -1
100
AcDbLine
 10
53.18586428494297
 20
14.68064194269219
 11
53.18586428494297
 21
14.08064194269205
  0
LINE
  5
4D1
100
AcDbEntity
  8
0
  6
ByLayer
 62
    3
370
   -1
100
AcDbLine
 10
52.58586428494213
 20
15.28064194269205
 11
53.18586428494297
 21
15.28064194269205
  0
LINE
  5
4D2
100
AcDbEntity
  8
0
  6
ByLayer
 62
    3
370
   -1
100
AcDbLine
 10
53.18586428494297
 20
15.28064194269205
 11
53.18586428494297
 21
14.68064194269219
  0
LINE
  5
4D3
100
AcDbEntity
  8
0
  6
ByLayer
 62
    3
370
   -1
100
AcDbLine
 10
52.58586428494213
 20
15.88064194269219
 11
53.18586428494297
 21
15.88064194269219
  0
LINE
  5
4D4
100
AcDbEntity
  8
0
  6
ByLayer
 62
    3
370
   -1
100
AcDbLine
 10
53.18586428494297
 20
15.88064194269219
 11
53.18586428494297
 21
15.28064194269205
  0
LINE
  5
4D5
100
AcDbEntity
  8
0
  6
ByLayer
 62
    3
370
   -1
100
AcDbLine
 10
53.18586428494297
 20
11.08064194269218
 11
53.78586428494306
 21
11.08064194269218
  0
LINE
  5
4D6
100
AcDbEntity
  8
0
  6
ByLayer
 62
    3
370
   -1
100
AcDbLine
 10
53.78586428494306
 20
11.08064194269218
 11
53.78586428494306
 21
10.48064194269203
  0
LINE
  5
4D7
100
AcDbEntity
  8
0
  6
ByLayer
 62
    3
370
   -1
100
AcDbLine
 10
53.78586428494306
 20
10.48064194269203
 11
53.18586428494297
 21
10.48064194269203
  0
LINE
  5
4D8
100
AcDbEntity
  8
0
  6
ByLayer
 62
    3
370
   -1
100
AcDbLine
 10
53.18586428494297
 20
11.68064194269204
 11
53.78586428494306
 21
11.68064194269204
  0
LINE
  5
4D9
100
AcDbEntity
  8
0
  6
ByLayer
 62
    3
370
   -1
100
AcDbLine
 10
53.78586428494306
 20
11.68064194269204
 11
53.78586428494306
 21
11.08064194269218
  0
LINE
  5
4DA
100
AcDbEntity
  8
0
  6
ByLayer
 62
    3
370
   -1
100
AcDbLine
 10
53.18586428494297
 20
12.28064194269218
 11
53.78586428494306
 21
12.28064194269218
  0
LINE
  5
4DB
100
AcDbEntity
  8
0
  6
ByLayer
 62
    3
370
   -1
100
AcDbLine
 10
53.78586428494306
 20
12.28064194269218
 11
53.78586428494306
 21
11.68064194269204
  0
LINE
  5
4DC
100
AcDbEntity
  8
0
  6
ByLayer
 62
    3
370
   -1
100
AcDbLine
 10
53.18586428494297
 20
12.88064194269204
 11
53.78586428494306
 21
12.88064194269204
  0
LINE
  5
4DD
100
AcDbEntity
  8
0
  6
ByLayer
 62
    3
370
   -1
100
AcDbLine
 10
53.78586428494306
 20
12.88064194269204
 11
53.78586428494306
 21
12.28064194269218
  0
LINE
  5
4DE
100
AcDbEntity
  8
0
  6
ByLayer
 62
    3
370
   -1
100
AcDbLine
 10
53.18586428494297
 20
13.48064194269219
 11
53.78586428494306
 21
13.48064194269219
  0
LINE
  5
4DF
100
AcDbEntity
  8
0
  6
ByLayer
 62
    3
370
   -1
100
AcDbLine
 10
53.78586428494306
 20
13.48064194269219
 11
53.78586428494306
 21
12.88064194269204
  0
LINE
  5
4E0
100
AcDbEntity
  8
0
  6
ByLayer
 62
    3
370
   -1
100
AcDbLine
 10
53.18586428494297
 20
14.08064194269205
 11
53.78586428494306
 21
14.08064194269205
  0
LINE
  5
4E1
100
AcDbEntity
  8
0
  6
ByLayer
 62
    3
370
   -1
100
AcDbLine
 10
53.78586428494306
 20
14.08064194269205
 11
53.78586428494306
 21
13.48064194269219
  0
LINE
  5
4E2
100
AcDbEntity
  8
0
  6
ByLayer
 62
    3
370
   -1
100
AcDbLine
 10
53.18586428494297
 20
14.68064194269219
 11
53.78586428494306
 21
14.68064194269219
  0
LINE
  5
4E3
100
AcDbEntity
  8
0
  6
ByLayer
 62
    3
370
   -1
100
AcDbLine
 10
53.78586428494306
 20
14.68064194269219
 11
53.78586428494306
 21
14.08064194269205
  0
LINE
  5
4E4
100
AcDbEntity
  8
0
  6
ByLayer
 62
    3
370
   -1
100
AcDbLine
 10
53.18586428494297
 20
15.28064194269205
 11
53.78586428494306
 21
15.28064194269205
  0
LINE
  5
4E5
100
AcDbEntity
  8
0
  6
ByLayer
 62
    3
370
   -1
100
AcDbLine
 10
53.78586428494306
 20
15.28064194269205
 11
53.78586428494306
 21
14.68064194269219
  0
LINE
  5
4E6
100
AcDbEntity
  8
0
  6
ByLayer
 62
    3
370
   -1
100
AcDbLine
 10
53.18586428494297
 20
15.88064194269219
 11
53.78586428494306
 21
15.88064194269219
  0
LINE
  5
4E7
100
AcDbEntity
  8
0
  6
ByLayer
 62
    3
370
   -1
100
AcDbLine
 10
53.78586428494306
 20
15.88064194269219
 11
53.78586428494306
 21
15.28064194269205
  0
LINE
  5
4E8
100
AcDbEntity
  8
0
  6
ByLayer
 62
    3
370
   -1
100
AcDbLine
 10
53.78586428494306
 20
11.08064194269218
 11
54.38586428494297
 21
11.08064194269218
  0
LINE
  5
4E9
100
AcDbEntity
  8
0
  6
ByLayer
 62
    3
370
   -1
100
AcDbLine
 10
54.38586428494297
 20
11.08064194269218
 11
54.38586428494297
 21
10.48064194269203
  0
LINE
  5
4EA
100
AcDbEntity
  8
0
  6
ByLayer
 62
    3
370
   -1
100
AcDbLine
 10
54.38586428494297
 20
10.48064194269203
 11
53.78586428494306
 21
10.48064194269203
  0
LINE
  5
4EB
100
AcDbEntity
  8
0
  6
ByLayer
 62
    3
370
   -1
100
AcDbLine
 10
53.78586428494306
 20
11.68064194269204
 11
54.38586428494297
 21
11.68064194269204
  0
LINE
  5
4EC
100
AcDbEntity
  8
0
  6
ByLayer
 62
    3
370
   -1
100
AcDbLine
 10
54.38586428494297
 20
11.68064194269204
 11
54.38586428494297
 21
11.08064194269218
  0
LINE
  5
4ED
100
AcDbEntity
  8
0
  6
ByLayer
 62
    3
370
   -1
100
AcDbLine
 10
53.78586428494306
 20
12.28064194269218
 11
54.38586428494297
 21
12.28064194269218
  0
LINE
  5
4EE
100
AcDbEntity
  8
0
  6
ByLayer
 62
    3
370
   -1
100
AcDbLine
 10
54.38586428494297
 20
12.28064194269218
 11
54.38586428494297
 21
11.68064194269204
  0
LINE
  5
4EF
100
AcDbEntity
  8
0
  6
ByLayer
 62
    3
370
   -1
100
AcDbLine
 10
53.78586428494306
 20
12.88064194269204
 11
54.38586428494297
 21
12.88064194269204
  0
LINE
  5
4F0
100
AcDbEntity
  8
0
  6
ByLayer
 62
    3
370
   -1
100
AcDbLine
 10
54.38586428494297
 20
12.88064194269204
 11
54.38586428494297
 21
12.28064194269218
  0
LINE
  5
4F1
100
AcDbEntity
  8
0
  6
ByLayer
 62
    3
370
   -1
100
AcDbLine
 10
53.78586428494306
 20
13.48064194269219
 11
54.38586428494297
 21
13.48064194269219
  0
LINE
  5
4F2
100
AcDbEntity
  8
0
  6
ByLayer
 62
    3
370
   -1
100
AcDbLine
 10
54.38586428494297
 20
13.48064194269219
 11
54.38586428494297
 21
12.88064194269204
  0
LINE
  5
4F3
100
AcDbEntity
  8
0
  6
ByLayer
 62
    3
370
   -1
100
AcDbLine
 10
53.78586428494306
 20
14.08064194269205
 11
54.38586428494297
 21
14.08064194269205
  0
LINE
  5
4F4
100
AcDbEntity
  8
0
  6
ByLayer
 62
    3
370
   -1
100
AcDbLine
 10
54.38586428494297
 20
14.08064194269205
 11
54.38586428494297
 21
13.48064194269219
  0
LINE
  5
4F5
100
AcDbEntity
  8
0
  6
ByLayer
 62
    3
370
   -1
100
AcDbLine
 10
53.78586428494306
 20
14.68064194269219
 11
54.38586428494297
 21
14.68064194269219
  0
LINE
  5
4F6
100
AcDbEntity
  8
0
  6
ByLayer
 62
    3
370
   -1
100
AcDbLine
 10
54.38586428494297
 20
14.68064194269219
 11
54.38586428494297
 21
14.08064194269205
  0
LINE
  5
4F7
100
AcDbEntity
  8
0
  6
ByLayer
 62
    3
370
   -1
100
AcDbLine
 10
53.78586428494306
 20
15.28064194269205
 11
54.38586428494297
 21
15.28064194269205
  0
LINE
  5
4F8
100
AcDbEntity
  8
0
  6
ByLayer
 62
    3
370
   -1
100
AcDbLine
 10
54.38586428494297
 20
15.28064194269205
 11
54.38586428494297
 21
14.68064194269219
  0
LINE
  5
4F9
100
AcDbEntity
  8
0
  6
ByLayer
 62
    3
370
   -1
100
AcDbLine
 10
53.78586428494306
 20
15.88064194269219
 11
54.38586428494297
 21
15.88064194269219
  0
LINE
  5
4FA
100
AcDbEntity
  8
0
  6
ByLayer
 62
    3
370
   -1
100
AcDbLine
 10
54.38586428494297
 20
15.88064194269219
 11
54.38586428494297
 21
15.28064194269205
  0
ARC
  5
4FB
100
AcDbEntity
  8
0
  6
ByLayer
 62
    7
370
   -1
100
AcDbCircle
 10
49.48586428494217
 20
23.30064194269233
 40
0.9000000000000032
100
AcDbArc
 50
270
 51
0
  0
CIRCLE
  5
4FC
100
AcDbEntity
  8
0
  6
ByLayer
 62
    7
370
   -1
100
AcDbCircle
 10
51.15653681879119
 20
25.56603271200396
 40
0.2942615005638217
  0
ARC
  5
4FD
100
AcDbEntity
  8
0
  6
ByLayer
 62
    3
370
   -1
100
AcDbCircle
 10
53.47313052630913
 20
21.59014194269231
 40
0.0049999999998545
100
AcDbArc
 50
0
 51
90
  0
ARC
  5
4FE
100
AcDbEntity
  8
0
  6
ByLayer
 62
    3
370
   -1
100
AcDbCircle
 10
51.49513052630811
 20
21.59014194269231
 40
0.0049999999999931
100
AcDbArc
 50
90
 51
180
  0
ARC
  5
4FF
100
AcDbEntity
  8
0
  6
ByLayer
 62
    3
370
   -1
100
AcDbCircle
 10
51.4731305263082
 20
21.41614194269238
 40
0.0049999999999931
100
AcDbArc
 50
270
 51
0
  0
ARC
  5
500
100
AcDbEntity
  8
0
  6
ByLayer
 62
    3
370
   -1
100
AcDbCircle
 10
53.47313052630913
 20
21.41614194269238
 40
0.0049999999999931
100
AcDbArc
 50
270
 51
0
  0
CIRCLE
  5
501
100
AcDbEntity
  8
0
  6
ByLayer
 62
    7
370
   -1
100
AcDbCircle
 10
61.99053148308209
 20
24.89946306820547
 40
0.0548211276124173
  0
ARC
  5
502
100
AcDbEntity
  8
0
  6
ByLayer
 62
    3
370
   -1
100
AcDbCircle
 10
55.47313052630821
 20
21.59014194269231
 40
0.0050000000000393
100
AcDbArc
 50
0
 51
90
  0
ARC
  5
503
100
AcDbEntity
  8
0
  6
ByLayer
 62
    3
370
   -1
100
AcDbCircle
 10
51.49513052630811
 20
18.01614194269237
 40
0.0050000000000393
100
AcDbArc
 50
180
 51
270
  0
ARC
  5
504
100
AcDbEntity
  8
0
  6
ByLayer
 62
    3
370
   -1
100
AcDbCircle
 10
55.47313052630821
 20
21.41614194269238
 40
0.0049999999999931
100
AcDbArc
 50
270
 51
0
  0
ARC
  5
505
100
AcDbEntity
  8
0
  6
ByLayer
 62
    3
370
   -1
100
AcDbCircle
 10
51.4731305263082
 20
18.01614194269237
 40
0.0049999999999931
100
AcDbArc
 50
270
 51
0
  0
ARC
  5
506
100
AcDbEntity
  8
0
  6
ByLayer
 62
    3
370
   -1
100
AcDbCircle
 10
51.49513052630811
 20
18.1901419426923
 40
0.0050000000000393
100
AcDbArc
 50
90
 51
180
  0
ARC
  5
507
100
AcDbEntity
  8
0
  6
ByLayer
 62
    3
370
   -1
100
AcDbCircle
 10
53.47313052630913
 20
18.1901419426923
 40
0.0049999999998545
100
AcDbArc
 50
0
 51
90
  0
CIRCLE
  5
508
100
AcDbEntity
  8
0
  6
ByLayer
 62
    1
370
   -1
100
AcDbCircle
 10
57.83259344683206
 20
25.55372696786881
 40
0.0567022131842503
  0
ARC
  5
509
100
AcDbEntity
  8
0
  6
ByLayer
 62
    3
370
   -1
100
AcDbCircle
 10
53.49513052630812
 20
21.41614194269238
 40
0.0050000000000393
100
AcDbArc
 50
180
 51
270
  0
ARC
  5
50A
100
AcDbEntity
  8
0
  6
ByLayer
 62
    3
370
   -1
100
AcDbCircle
 10
51.4731305263082
 20
21.59014194269231
 40
0.0050000000000393
100
AcDbArc
 50
0
 51
90
  0
ARC
  5
50B
100
AcDbEntity
  8
0
  6
ByLayer
 62
    3
370
   -1
100
AcDbCircle
 10
55.49513052630812
 20
21.41614194269238
 40
0.0050000000000393
100
AcDbArc
 50
180
 51
270
  0
ARC
  5
50C
100
AcDbEntity
  8
0
  6
ByLayer
 62
    3
370
   -1
100
AcDbCircle
 10
51.49513052630811
 20
21.41614194269238
 40
0.0050000000000393
100
AcDbArc
 50
180
 51
270
  0
ARC
  5
50D
100
AcDbEntity
  8
0
  6
ByLayer
 62
    3
370
   -1
100
AcDbCircle
 10
53.49513052630812
 20
21.59014194269231
 40
0.0049999999999931
100
AcDbArc
 50
90
 51
180
  0
CIRCLE
  5
50E
100
AcDbEntity
  8
0
  6
ByLayer
 62
    7
370
   -1
100
AcDbCircle
 10
51.45079831935519
 20
25.56603271200396
 40
0.1999999999999083
  0
ARC
  5
50F
100
AcDbEntity
  8
0
  6
ByLayer
 62
    3
370
   -1
100
AcDbCircle
 10
55.49513052630812
 20
21.59014194269231
 40
0.0049999999999931
100
AcDbArc
 50
90
 51
180
  0
ARC
  5
510
100
AcDbEntity
  8
0
  6
ByLayer
 62
    3
370
   -1
100
AcDbCircle
 10
51.4731305263082
 20
18.1901419426923
 40
0.0050000000000393
100
AcDbArc
 50
0
 51
90
  0
ARC
  5
511
100
AcDbEntity
  8
0
  6
ByLayer
 62
    7
370
   -1
100
AcDbCircle
 10
49.2231291270629
 20
23.80687359721091
 40
1.136084890666599
100
AcDbArc
 50
90
 51
173.6206297914547
  0
CIRCLE
  5
512
100
AcDbEntity
  8
0
  6
ByLayer
 62
    7
370
   -1
100
AcDbCircle
 10
61.69053148308213
 20
24.89946306820547
 40
0.0548211276124173
  0
ARC
  5
513
100
AcDbEntity
  8
0
  6
ByLayer
 62
    7
370
   -1
100
AcDbCircle
 10
60.84821343992402
 20
19.43064194269232
 40
0.9000000000000494
100
AcDbArc
 50
0
 51
96.3793702091797
  0
ARC
  5
514
100
AcDbEntity
  8
0
  6
ByLayer
 62
    3
370
   -1
100
AcDbCircle
 10
53.47313052630913
 20
20.5901419426924
 40
0.0049999999998545
100
AcDbArc
 50
0
 51
90
  0
ARC
  5
515
100
AcDbEntity
  8
0
  6
ByLayer
 62
    3
370
   -1
100
AcDbCircle
 10
55.49513052630812
 20
19.1901419426923
 40
0.0049999999999931
100
AcDbArc
 50
90
 51
180
  0
ARC
  5
516
100
AcDbEntity
  8
0
  6
ByLayer
 62
    3
370
   -1
100
AcDbCircle
 10
53.49513052630812
 20
19.01614194269237
 40
0.0050000000000393
100
AcDbArc
 50
180
 51
270
  0
ARC
  5
517
100
AcDbEntity
  8
0
  6
ByLayer
 62
    7
370
   -1
100
AcDbCircle
 10
47.33737282068111
 20
22.9768735972109
 40
0.7515085357392738
100
AcDbArc
 50
90
 51
180
  0
ARC
  5
518
100
AcDbEntity
  8
0
  6
ByLayer
 62
    3
370
   -1
100
AcDbCircle
 10
55.47313052630821
 20
18.01614194269237
 40
0.0049999999999931
100
AcDbArc
 50
270
 51
0
  0
ARC
  5
519
100
AcDbEntity
  8
0
  6
ByLayer
 62
    3
370
   -1
100
AcDbCircle
 10
51.4731305263082
 20
19.1901419426923
 40
0.0050000000000393
100
AcDbArc
 50
0
 51
90
  0
ARC
  5
51A
100
AcDbEntity
  8
0
  6
ByLayer
 62
    3
370
   -1
100
AcDbCircle
 10
53.49513052630812
 20
20.41614194269238
 40
0.0050000000000393
100
AcDbArc
 50
180
 51
270
  0
ARC
  5
51B
100
AcDbEntity
  8
0
  6
ByLayer
 62
    3
370
   -1
100
AcDbCircle
 10
51.49513052630811
 20
20.5901419426924
 40
0.0049999999999931
100
AcDbArc
 50
90
 51
180
  0
ARC
  5
51C
100
AcDbEntity
  8
0
  6
ByLayer
 62
    3
370
   -1
100
AcDbCircle
 10
53.47313052630913
 20
20.41614194269238
 40
0.0049999999999931
100
AcDbArc
 50
270
 51
0
  0
ARC
  5
51D
100
AcDbEntity
  8
0
  6
ByLayer
 62
    3
370
   -1
100
AcDbCircle
 10
55.47313052630821
 20
20.41614194269238
 40
0.0049999999999931
100
AcDbArc
 50
270
 51
0
  0
ARC
  5
51E
100
AcDbEntity
  8
0
  6
ByLayer
 62
    3
370
   -1
100
AcDbCircle
 10
55.47313052630821
 20
20.5901419426924
 40
0.0050000000000393
100
AcDbArc
 50
0
 51
90
  0
ARC
  5
51F
100
AcDbEntity
  8
0
  6
ByLayer
 62
    3
370
   -1
100
AcDbCircle
 10
53.49513052630812
 20
20.5901419426924
 40
0.0049999999999931
100
AcDbArc
 50
90
 51
180
  0
ARC
  5
520
100
AcDbEntity
  8
0
  6
ByLayer
 62
    3
370
   -1
100
AcDbCircle
 10
55.49513052630812
 20
18.1901419426923
 40
0.0050000000000393
100
AcDbArc
 50
90
 51
180
  0
ARC
  5
521
100
AcDbEntity
  8
0
  6
ByLayer
 62
    3
370
   -1
100
AcDbCircle
 10
53.47313052630913
 20
18.01614194269237
 40
0.0049999999999931
100
AcDbArc
 50
270
 51
0
  0
ARC
  5
522
100
AcDbEntity
  8
0
  6
ByLayer
 62
    3
370
   -1
100
AcDbCircle
 10
55.49513052630812
 20
19.01614194269237
 40
0.0050000000000393
100
AcDbArc
 50
180
 51
270
  0
ARC
  5
523
100
AcDbEntity
  8
0
  6
ByLayer
 62
    7
370
   -1
100
AcDbCircle
 10
70.1032093503601
 20
7.951211078171381
 40
0.9000000000000494
100
AcDbArc
 50
0
 51
90
  0
ARC
  5
524
100
AcDbEntity
  8
0
  6
ByLayer
 62
    7
370
   -1
100
AcDbCircle
 10
43.54568873092705
 20
21.19310525172941
 40
0.7515085357391813
100
AcDbArc
 50
0
 51
90
  0
ARC
  5
525
100
AcDbEntity
  8
0
  6
ByLayer
 62
    7
370
   -1
100
AcDbCircle
 10
43.54568873092705
 20
22.9768735972109
 40
0.7515085357391813
100
AcDbArc
 50
0
 51
90
  0
ARC
  5
526
100
AcDbEntity
  8
0
  6
ByLayer
 62
    3
370
   -1
100
AcDbCircle
 10
53.47313052630913
 20
19.1901419426923
 40
0.0049999999998545
100
AcDbArc
 50
0
 51
90
  0
ARC
  5
527
100
AcDbEntity
  8
0
  6
ByLayer
 62
    7
370
   -1
100
AcDbCircle
 10
77.30572953671191
 20
5.403800000000001
 40
1.000000000000096
100
AcDbArc
 50
0
 51
90
  0
ARC
  5
528
100
AcDbEntity
  8
0
  6
ByLayer
 62
    3
370
   -1
100
AcDbCircle
 10
55.49513052630812
 20
20.41614194269238
 40
0.0050000000000393
100
AcDbArc
 50
180
 51
270
  0
ARC
  5
529
100
AcDbEntity
  8
0
  6
ByLayer
 62
    3
370
   -1
100
AcDbCircle
 10
51.49513052630811
 20
19.1901419426923
 40
0.0049999999999931
100
AcDbArc
 50
90
 51
180
  0
ARC
  5
52A
100
AcDbEntity
  8
0
  6
ByLayer
 62
    3
370
   -1
100
AcDbCircle
 10
51.4731305263082
 20
19.01614194269237
 40
0.0049999999999931
100
AcDbArc
 50
270
 51
0
  0
ARC
  5
52B
100
AcDbEntity
  8
0
  6
ByLayer
 62
    3
370
   -1
100
AcDbCircle
 10
53.47313052630913
 20
19.01614194269237
 40
0.0049999999999931
100
AcDbArc
 50
270
 51
0
  0
ARC
  5
52C
100
AcDbEntity
  8
0
  6
ByLayer
 62
    7
370
   -1
100
AcDbCircle
 10
70.1032093503601
 20
9.751211078171526
 40
0.9000000000000032
100
AcDbArc
 50
270
 51
0
  0
ARC
  5
52D
100
AcDbEntity
  8
0
  6
ByLayer
 62
    7
370
   -1
100
AcDbCircle
 10
59.36821343992403
 20
15.98064194269219
 40
0.9000000000000032
100
AcDbArc
 50
270
 51
0
  0
ARC
  5
52E
100
AcDbEntity
  8
0
  6
ByLayer
 62
    3
370
   -1
100
AcDbCircle
 10
51.4731305263082
 20
20.41614194269238
 40
0.0049999999999931
100
AcDbArc
 50
270
 51
0
  0
ARC
  5
52F
100
AcDbEntity
  8
0
  6
ByLayer
 62
    3
370
   -1
100
AcDbCircle
 10
51.49513052630811
 20
19.01614194269237
 40
0.0050000000000393
100
AcDbArc
 50
180
 51
270
  0
ARC
  5
530
100
AcDbEntity
  8
0
  6
ByLayer
 62
    3
370
   -1
100
AcDbCircle
 10
53.49513052630812
 20
18.1901419426923
 40
0.0050000000000393
100
AcDbArc
 50
90
 51
180
  0
ARC
  5
531
100
AcDbEntity
  8
0
  6
ByLayer
 62
    3
370
   -1
100
AcDbCircle
 10
55.47313052630821
 20
19.01614194269237
 40
0.0049999999999931
100
AcDbArc
 50
270
 51
0
  0
ARC
  5
532
100
AcDbEntity
  8
0
  6
ByLayer
 62
    3
370
   -1
100
AcDbCircle
 10
55.49513052630812
 20
18.01614194269237
 40
0.0050000000000393
100
AcDbArc
 50
180
 51
270
  0
ARC
  5
533
100
AcDbEntity
  8
0
  6
ByLayer
 62
    3
370
   -1
100
AcDbCircle
 10
51.4731305263082
 20
20.5901419426924
 40
0.0050000000000393
100
AcDbArc
 50
0
 51
90
  0
ARC
  5
534
100
AcDbEntity
  8
0
  6
ByLayer
 62
    3
370
   -1
100
AcDbCircle
 10
53.49513052630812
 20
18.01614194269237
 40
0.0050000000000393
100
AcDbArc
 50
180
 51
270
  0
ARC
  5
535
100
AcDbEntity
  8
0
  6
ByLayer
 62
    3
370
   -1
100
AcDbCircle
 10
55.47313052630821
 20
18.1901419426923
 40
0.0050000000000393
100
AcDbArc
 50
0
 51
90
  0
ARC
  5
536
100
AcDbEntity
  8
0
  6
ByLayer
 62
    3
370
   -1
100
AcDbCircle
 10
55.49513052630812
 20
20.5901419426924
 40
0.0049999999999931
100
AcDbArc
 50
90
 51
180
  0
ARC
  5
537
100
AcDbEntity
  8
0
  6
ByLayer
 62
    7
370
   -1
100
AcDbCircle
 10
77.30572953671191
 20
7.403800000000008
 40
1.000000000000004
100
AcDbArc
 50
270
 51
0
  0
ARC
  5
538
100
AcDbEntity
  8
0
  6
ByLayer
 62
    3
370
   -1
100
AcDbCircle
 10
53.49513052630812
 20
19.1901419426923
 40
0.0049999999999931
100
AcDbArc
 50
90
 51
180
  0
ARC
  5
539
100
AcDbEntity
  8
0
  6
ByLayer
 62
    3
370
   -1
100
AcDbCircle
 10
55.47313052630821
 20
19.1901419426923
 40
0.0050000000000393
100
AcDbArc
 50
0
 51
90
  0
ARC
  5
53A
100
AcDbEntity
  8
0
  6
ByLayer
 62
    7
370
   -1
100
AcDbCircle
 10
47.33737282068111
 20
21.19310525172945
 40
0.7515085357392738
100
AcDbArc
 50
90
 51
180
  0
ARC
  5
53B
100
AcDbEntity
  8
0
  6
ByLayer
 62
    3
370
   -1
100
AcDbCircle
 10
51.49513052630811
 20
20.41614194269238
 40
0.0050000000000393
100
AcDbArc
 50
180
 51
270
  0
ENDBLK
  5
54
330
52
100
AcDbEntity
  8
0
100
AcDbBlockEnd
  0
BLOCK
  5
56
330
55
100
AcDbEntity
  8
0
100
AcDbBlockBegin
  2
BLOCK_1
 70
    0
 10
0
 20
0
  3
BLOCK_1
  1

  0
ENDBLK
  5
57
330
55
100
AcDbEntity
  8
0
100
AcDbBlockEnd
  0
BLOCK
  5
59
330
58
100
AcDbEntity
  8
0
100
AcDbBlockBegin
  2
B18D_DXF
 70
    0
 10
0
 20
0
  3
B18D_DXF
  1

  0
LINE
  5
53C
100
AcDbEntity
  8
0
  6
ByLayer
 62
    7
370
   -1
100
AcDbLine
 10
49.34936078158214
 20
24.05933690624786
 11
49.72805574513801
 21
24.05933690624786
  0
LINE
  5
53D
100
AcDbEntity
  8
0
  6
ByLayer
 62
    7
370
   -1
100
AcDbLine
 10
49.72805574513801
 20
24.05933690624786
 11
49.72805574513801
 21
23.68064194269241
  0
LINE
  5
53E
100
AcDbEntity
  8
0
  6
ByLayer
 62
    7
370
   -1
100
AcDbLine
 10
49.72805574513801
 20
23.68064194269241
 11
49.34936078158214
 21
23.68064194269241
  0
LINE
  5
53F
100
AcDbEntity
  8
0
  6
ByLayer
 62
    7
370
   -1
100
AcDbLine
 10
49.34936078158214
 20
23.68064194269241
 11
49.34936078158214
 21
24.05933690624786
  0
LINE
  5
540
100
AcDbEntity
  8
0
  6
ByLayer
 62
    7
370
   -1
100
AcDbLine
 10
61.34936078158218
 20
24.05933690624786
 11
61.72805574513713
 21
24.05933690624786
  0
LINE
  5
541
100
AcDbEntity
  8
0
  6
ByLayer
 62
    7
370
   -1
100
AcDbLine
 10
61.72805574513713
 20
24.05933690624786
 11
61.72805574513713
 21
23.68064194269241
  0
LINE
  5
542
100
AcDbEntity
  8
0
  6
ByLayer
 62
    7
370
   -1
100
AcDbLine
 10
61.72805574513713
 20
23.68064194269241
 11
61.34936078158218
 21
23.68064194269241
  0
LINE
  5
543
100
AcDbEntity
  8
0
  6
ByLayer
 62
    7
370
   -1
100
AcDbLine
 10
61.34936078158218
 20
23.68064194269241
 11
61.34936078158218
 21
24.05933690624786
  0
LINE
  5
544
100
AcDbEntity
  8
0
  6
ByLayer
 62
    7
370
   -1
100
AcDbLine
 10
49.22312912706309
 20
23.80687359721091
 11
49.34936078158214
 21
23.80687359721091
  0
LINE
  5
545
100
AcDbEntity
  8
0
  6
ByLayer
 62
    6
370
   -1
100
AcDbLine
 10
49.72805574513801
 20
23.80687359721091
 11
55.34936078158216
 21
23.80687359721091
  0
LINE
  5
546
100
AcDbEntity
  8
0
  6
ByLayer
 62
    7
370
   -1
100
AcDbLine
 10
58.88821343992507
 20
23.80687359721091
 11
61.34936078158218
 21
23.80687359721091
  0
LINE
  5
547
100
AcDbEntity
  8
0
  6
ByLayer
 62
    7
370
   -1
100
AcDbLine
 10
61.72805574513713
 20
23.80687359721091
 11
64.87585428735902
 21
23.80687359721091
  0
LINE
  5
548
100
AcDbEntity
  8
0
  6
ByLayer
 62
    7
370
   -1
100
AcDbLine
 10
64.87585428735902
 20
23.80687359721091
 11
67.34936078158221
 21
23.80687359721091
  0
LINE
  5
549
100
AcDbEntity
  8
0
  6
ByLayer
 62
    7
370
   -1
100
AcDbLine
 10
49.22312912706309
 20
23.93310525172941
 11
49.34936078158214
 21
23.93310525172941
  0
LINE
  5
54A
100
AcDbEntity
  8
0
  6
ByLayer
 62
    7
370
   -1
100
AcDbLine
 10
49.72805574513801
 20
23.93310525172941
 11
53.14936078158225
 21
23.93310525172941
  0
LINE
  5
54B
100
AcDbEntity
  8
0
  6
ByLayer
 62
    7
370
   -1
100
AcDbLine
 10
57.32805574513712
 20
23.93310525172941
 11
59.43821343992514
 21
23.93310525172932
  0
LINE
  5
54C
100
AcDbEntity
  8
0
  6
ByLayer
 62
    7
370
   -1
100
AcDbLine
 10
60.33821343992518
 20
23.93310525172941
 11
61.34936078158218
 21
23.93310525172941
  0
LINE
  5
54D
100
AcDbEntity
  8
0
  6
ByLayer
 62
    7
370
   -1
100
AcDbLine
 10
61.72805574513713
 20
23.93310525172941
 11
64.87585428735902
 21
23.93310525172941
  0
LINE
  5
54E
100
AcDbEntity
  8
0
  6
ByLayer
 62
    7
370
   -1
100
AcDbLine
 10
64.87585428735902
 20
23.93310525172941
 11
67.34936078158221
 21
23.93310525172941
  0
LINE
  5
54F
100
AcDbEntity
  8
0
  6
ByLayer
 62
    7
370
   -1
100
AcDbLine
 10
49.22312912706309
 20
23.80687359721091
 11
49.22312912706309
 21
24.9429584878776
  0
LINE
  5
550
100
AcDbEntity
  8
0
  6
ByLayer
 62
    7
370
   -1
100
AcDbLine
 10
48.08704423639713
 20
23.80687359721091
 11
48.08704423639713
 21
23.93310525172941
  0
LINE
  5
551
100
AcDbEntity
  8
0
  6
ByLayer
 62
    7
370
   -1
100
AcDbLine
 10
48.09407888540065
 20
23.93310525173144
 11
46.82472769121102
 21
23.93310525172941
  0
LINE
  5
552
100
AcDbEntity
  8
0
  6
ByLayer
 62
    7
370
   -1
100
AcDbLine
 10
46.82472769121102
 20
23.93310525172941
 11
48.08704423639713
 21
23.93310525172941
  0
LINE
  5
553
100
AcDbEntity
  8
0
  6
ByLayer
 62
    7
370
   -1
100
AcDbLine
 10
48.08704423639713
 20
23.93310525172941
 11
48.09407888540065
 21
23.93310525173144
  0
LINE
  5
554
100
AcDbEntity
  8
0
  6
ByLayer
 62
    7
370
   -1
100
AcDbLine
 10
48.09407888540065
 20
23.93310525173144
 11
46.71318336271005
 21
23.93310525172941
  0
LINE
  5
555
100
AcDbEntity
  8
0
  6
ByLayer
 62
    7
370
   -1
100
AcDbLine
 10
49.34936078158214
 20
24.69049517884046
 11
49.34936078158214
 21
23.93310525172941
  0
LINE
  5
556
100
AcDbEntity
  8
0
  6
ByLayer
 62
    7
370
   -1
100
AcDbLine
 10
46.75500152990222
 20
23.93310525172941
 11
43.62971613052703
 21
23.93310525172941
  0
LINE
  5
557
100
AcDbEntity
  8
0
  6
ByLayer
 62
    7
370
   -1
100
AcDbLine
 10
46.74796688089815
 20
23.93310525172941
 11
46.75500152990222
 21
23.93310525172941
  0
LINE
  5
558
100
AcDbEntity
  8
0
  6
ByLayer
 62
    7
370
   -1
100
AcDbLine
 10
46.516492217924
 20
23.93310525172941
 11
46.516492217924
 21
24.9349052517294
  0
LINE
  5
559
100
AcDbEntity
  8
0
  6
ByLayer
 62
    7
370
   -1
100
AcDbLine
 10
47.27388214503408
 20
23.93310525172941
 11
47.27388214503519
 21
25.03310525172941
  0
LINE
  5
55A
100
AcDbEntity
  8
0
  6
ByLayer
 62
    7
370
   -1
100
AcDbLine
 10
46.89518718147913
 20
23.93310525172941
 11
46.89518718147913
 21
25.03310525172932
  0
LINE
  5
55B
100
AcDbEntity
  8
0
  6
ByLayer
 62
    7
370
   -1
100
AcDbLine
 10
47.65257710859014
 20
23.93310525172941
 11
47.65257710859014
 21
25.03310525172932
  0
LINE
  5
55C
100
AcDbEntity
  8
0
  6
ByLayer
 62
    7
370
   -1
100
AcDbLine
 10
48.02338908392115
 20
23.93310525172941
 11
48.02338908392115
 21
25.03310525172932
  0
LINE
  5
55D
100
AcDbEntity
  8
0
  6
ByLayer
 62
    7
370
   -1
100
AcDbLine
 10
49.34936078158214
 20
23.93310525172941
 11
49.34936078158214
 21
25.03310525172941
  0
LINE
  5
55E
100
AcDbEntity
  8
0
  6
ByLayer
 62
    1
370
   -1
100
AcDbLine
 10
57.63409177734822
 20
25.77472343451164
 11
57.63409177734822
 21
25.34625526920539
  0
LINE
  5
55F
100
AcDbEntity
  8
0
  6
ByLayer
 62
    1
370
   -1
100
AcDbLine
 10
57.63409177734822
 20
25.34625526920539
 11
56.99184730460405
 21
25.34625526920539
  0
LINE
  5
560
100
AcDbEntity
  8
0
  6
ByLayer
 62
    1
370
   -1
100
AcDbLine
 10
56.99184730460405
 20
25.34625526920539
 11
56.99184730460405
 21
25.77472343451164
  0
LINE
  5
561
100
AcDbEntity
  8
0
  6
ByLayer
 62
    1
370
   -1
100
AcDbLine
 10
56.99184730460405
 20
25.77472343451164
 11
57.63409177734822
 21
25.77472343451164
  0
LINE
  5
562
100
AcDbEntity
  8
0
  6
ByLayer
 62
    1
370
   -1
100
AcDbLine
 10
55.07707455325117
 20
26.00454004321627
 11
55.07707455325117
 21
25.04612465964835
  0
LINE
  5
563
100
AcDbEntity
  8
0
  6
ByLayer
 62
    1
370
   -1
100
AcDbLine
 10
55.07707455325117
 20
25.04612465964835
 11
54.66017904482696
 21
25.04612465964835
  0
LINE
  5
564
100
AcDbEntity
  8
0
  6
ByLayer
 62
    1
370
   -1
100
AcDbLine
 10
54.66017904482696
 20
25.04612465964835
 11
54.66017904482696
 21
26.00454004321627
  0
LINE
  5
565
100
AcDbEntity
  8
0
  6
ByLayer
 62
    1
370
   -1
100
AcDbLine
 10
54.66017904482696
 20
26.00454004321627
 11
55.07707455325117
 21
26.00454004321627
  0
LINE
  5
566
100
AcDbEntity
  8
0
  6
ByLayer
 62
    1
370
   -1
100
AcDbLine
 10
57.63409177734822
 20
25.61042918105306
 11
57.83259344683206
 21
25.61042918105306
  0
LINE
  5
567
100
AcDbEntity
  8
0
  6
ByLayer
 62
    1
370
   -1
100
AcDbLine
 10
57.83259344683206
 20
25.49702475468479
 11
57.63409177734822
 21
25.49702475468479
  0
LINE
  5
568
100
AcDbEntity
  8
0
  6
ByLayer
 62
    7
370
   -1
100
AcDbLine
 10
46.516492217924
 20
23.93310525172941
 11
46.516492217924
 21
25.03310525172941
  0
LINE
  5
569
100
AcDbEntity
  8
0
  6
ByLayer
 62
    7
370
   -1
100
AcDbLine
 10
46.516492217924
 20
25.03310525172941
 11
49.34936078158214
 21
25.03310525172941
  0
LINE
  5
56A
100
AcDbEntity
  8
0
  6
ByLayer
 62
    1
370
   -1
100
AcDbLine
 10
54.22727434665317
 20
24.93270919104189
 11
54.22727434665317
 21
26.13270919104189
  0
LINE
  5
56B
100
AcDbEntity
  8
0
  6
ByLayer
 62
    1
370
   -1
100
AcDbLine
 10
54.22727434665317
 20
26.13270919104189
 11
57.22727434665308
 21
26.13270919104189
  0
LINE
  5
56C
100
AcDbEntity
  8
0
  6
ByLayer
 62
    1
370
   -1
100
AcDbLine
 10
58.47727434665311
 20
24.93270919104189
 11
54.22727434665317
 21
24.93270919104189
  0
LINE
  5
56D
100
AcDbEntity
  8
0
  6
ByLayer
 62
    1
370
   -1
100
AcDbLine
 10
54.22727434665317
 20
26.13270919104189
 11
58.47727434665311
 21
26.13270919104189
  0
LINE
  5
56E
100
AcDbEntity
  8
0
  6
ByLayer
 62
    1
370
   -1
100
AcDbLine
 10
58.47727434665311
 20
26.13270919104189
 11
58.47727434665311
 21
24.93270919104189
  0
LINE
  5
56F
100
AcDbEntity
  8
0
  6
ByLayer
 62
    7
370
   -1
100
AcDbLine
 10
43.91649221792408
 20
25.63310525172941
 11
44.91649221792399
 21
25.63310525172941
  0
LINE
  5
570
100
AcDbEntity
  8
0
  6
ByLayer
 62
    7
370
   -1
100
AcDbLine
 10
44.91649221792399
 20
25.63310525172941
 11
44.91649221792399
 21
25.03310525172941
  0
LINE
  5
571
100
AcDbEntity
  8
0
  6
ByLayer
 62
    7
370
   -1
100
AcDbLine
 10
44.91649221792399
 20
25.03310525172941
 11
43.91649221792408
 21
25.03310525172941
  0
LINE
  5
572
100
AcDbEntity
  8
0
  6
ByLayer
 62
    7
370
   -1
100
AcDbLine
 10
43.91649221792408
 20
25.03310525172941
 11
43.91649221792408
 21
25.63310525172941
  0
LINE
  5
573
100
AcDbEntity
  8
0
  6
ByLayer
 62
    7
370
   -1
100
AcDbLine
 10
49.72805574513801
 20
23.93310525172941
 11
55.34936078158216
 21
23.93310525172941
  0
LINE
  5
574
100
AcDbEntity
  8
0
  6
ByLayer
 62
    7
370
   -1
100
AcDbLine
 10
55.72805574513711
 20
23.93310525172941
 11
59.43821343992514
 21
23.93310525172932
  0
LINE
  5
575
100
AcDbEntity
  8
0
  6
ByLayer
 62
    7
370
   -1
100
AcDbLine
 10
60.33821343992518
 20
23.93310525172941
 11
60.91260753447106
 21
23.93310525172941
  0
LINE
  5
576
100
AcDbEntity
  8
0
  6
ByLayer
 62
    3
370
   -1
100
AcDbLine
 10
57.51695332295705
 20
26.33270919104189
 11
57.51695332295705
 21
24.73473790631864
  0
LINE
  5
577
100
AcDbEntity
  8
0
  6
ByLayer
 62
    3
370
   -1
100
AcDbLine
 10
57.51695332295705
 20
24.73473790631864
 11
52.84830471062119
 21
24.73473790631864
  0
LINE
  5
578
100
AcDbEntity
  8
0
  6
ByLayer
 62
    3
370
   -1
100
AcDbLine
 10
52.84830471062119
 20
24.73473790631864
 11
52.84830471062119
 21
26.33270919104189
  0
LINE
  5
579
100
AcDbEntity
  8
0
  6
ByLayer
 62
    1
370
   -1
100
AcDbLine
 10
64.62053148308317
 20
24.89946306820547
 11
60.92053148308218
 21
24.89946306820547
  0
LINE
  5
57A
100
AcDbEntity
  8
0
  6
ByLayer
 62
    1
370
   -1
100
AcDbLine
 10
60.92053148308218
 20
24.89946306820547
 11
60.92053148308218
 21
26.12946306820548
  0
LINE
  5
57B
100
AcDbEntity
  8
0
  6
ByLayer
 62
    3
370
   -1
100
AcDbLine
 10
60.72053148308319
 20
24.7347379063185
 11
60.72053148308319
 21
26.33270919104175
  0
LINE
  5
57C
100
AcDbEntity
  8
0
  6
ByLayer
 62
    1
370
   -1
100
AcDbLine
 10
60.92053148308218
 20
26.12946306820548
 11
64.62053148308317
 21
26.12946306820548
  0
LINE
  5
57D
100
AcDbEntity
  8
0
  6
ByLayer
 62
    1
370
   -1
100
AcDbLine
 10
64.62053148308317
 20
26.12946306820548
 11
64.62053148308317
 21
24.89946306820547
  0
LINE
  5
57E
100
AcDbEntity
  8
0
  6
ByLayer
 62
    3
370
   -1
100
AcDbLine
 10
64.82053148308307
 20
26.33270919104175
 11
64.82053148308307
 21
24.7347379063185
  0
LINE
  5
57F
100
AcDbEntity
  8
0
  6
ByLayer
 62
    3
370
   -1
100
AcDbLine
 10
52.84830471062119
 20
26.33270919104189
 11
57.51695332295705
 21
26.33270919104189
  0
LINE
  5
580
100
AcDbEntity
  8
0
  6
ByLayer
 62
    7
370
   -1
100
AcDbLine
 10
45.78456846410616
 20
26.9331052517296
 11
45.78456846410616
 21
23.93310525172941
  0
LINE
  5
581
100
AcDbEntity
  8
0
  6
ByLayer
 62
    1
370
   -1
100
AcDbLine
 10
50.5540186182981
 20
26.36854479319316
 11
51.90401861829817
 21
26.36854479319339
  0
LINE
  5
582
100
AcDbEntity
  8
0
  6
ByLayer
 62
    1
370
   -1
100
AcDbLine
 10
50.5540186182981
 20
24.92854479319316
 11
51.90401861829817
 21
24.92854479319339
  0
LINE
  5
583
100
AcDbEntity
  8
0
  6
ByLayer
 62
    1
370
   -1
100
AcDbLine
 10
51.90401861829817
 20
26.36854479319339
 11
51.90401861829817
 21
24.92854479319339
  0
LINE
  5
584
100
AcDbEntity
  8
0
  6
ByLayer
 62
    1
370
   -1
100
AcDbLine
 10
50.5540186182981
 20
26.36854479319316
 11
50.5540186182981
 21
24.92854479319316
  0
LINE
  5
585
100
AcDbEntity
  8
0
  6
ByLayer
 62
    1
370
   -1
100
AcDbLine
 10
51.22901861829805
 20
26.36854479319316
 11
52.22901861829814
 21
26.36854479319316
  0
LINE
  5
586
100
AcDbEntity
  8
0
  6
ByLayer
 62
    1
370
   -1
100
AcDbLine
 10
50.22901861829813
 20
26.36854479319316
 11
50.22901861829813
 21
24.92854479319298
  0
LINE
  5
587
100
AcDbEntity
  8
0
  6
ByLayer
 62
    1
370
   -1
100
AcDbLine
 10
52.22901861829814
 20
26.36854479319316
 11
52.22901861829814
 21
24.92854479319316
  0
LINE
  5
588
100
AcDbEntity
  8
0
  6
ByLayer
 62
    1
370
   -1
100
AcDbLine
 10
52.22901861829814
 20
24.92854479319316
 11
50.22901861829813
 21
24.92854479319298
  0
LINE
  5
589
100
AcDbEntity
  8
0
  6
ByLayer
 62
    1
370
   -1
100
AcDbLine
 10
50.22901861829813
 20
26.36854479319316
 11
51.22901861829805
 21
26.36854479319316
  0
LINE
  5
58A
100
AcDbEntity
  8
0
  6
ByLayer
 62
    3
370
   -1
100
AcDbLine
 10
50.35401861829801
 20
24.72854479319325
 11
52.10401861829808
 21
24.72854479319325
  0
LINE
  5
58B
100
AcDbEntity
  8
0
  6
ByLayer
 62
    3
370
   -1
100
AcDbLine
 10
52.10401861829808
 20
26.56854479319325
 11
50.35401861829801
 21
26.56854479319325
  0
LINE
  5
58C
100
AcDbEntity
  8
0
  6
ByLayer
 62
    3
370
   -1
100
AcDbLine
 10
50.35401861829801
 20
24.72854479319325
 11
50.35401861829801
 21
26.56854479319325
  0
LINE
  5
58D
100
AcDbEntity
  8
0
  6
ByLayer
 62
    3
370
   -1
100
AcDbLine
 10
52.10401861829808
 20
26.56854479319325
 11
52.10401861829808
 21
24.72854479319325
  0
LINE
  5
58E
100
AcDbEntity
  8
0
  6
ByLayer
 62
    3
370
   -1
100
AcDbLine
 10
57.51695332295705
 20
26.33270919104189
 11
58.91695332295715
 21
26.33270919104189
  0
LINE
  5
58F
100
AcDbEntity
  8
0
  6
ByLayer
 62
    3
370
   -1
100
AcDbLine
 10
58.91695332295715
 20
26.33270919104189
 11
58.91695332295715
 21
24.73473790631864
  0
LINE
  5
590
100
AcDbEntity
  8
0
  6
ByLayer
 62
    3
370
   -1
100
AcDbLine
 10
57.51695332295705
 20
24.73473790631864
 11
58.91695332295715
 21
24.73473790631864
  0
LINE
  5
591
100
AcDbEntity
  8
0
  6
ByLayer
 62
    7
370
   -1
100
AcDbLine
 10
55.34936078158216
 20
24.05933690624786
 11
55.72805574513711
 21
24.05933690624786
  0
LINE
  5
592
100
AcDbEntity
  8
0
  6
ByLayer
 62
    7
370
   -1
100
AcDbLine
 10
55.72805574513711
 20
24.05933690624786
 11
55.72805574513711
 21
23.68064194269241
  0
LINE
  5
593
100
AcDbEntity
  8
0
  6
ByLayer
 62
    7
370
   -1
100
AcDbLine
 10
55.72805574513711
 20
23.68064194269241
 11
55.34936078158216
 21
23.68064194269241
  0
LINE
  5
594
100
AcDbEntity
  8
0
  6
ByLayer
 62
    7
370
   -1
100
AcDbLine
 10
55.34936078158216
 20
23.68064194269241
 11
55.34936078158216
 21
24.05933690624786
  0
LINE
  5
595
100
AcDbEntity
  8
0
  6
ByLayer
 62
    3
370
   -1
100
AcDbLine
 10
64.82053148308307
 20
24.7347379063185
 11
60.72053148308319
 21
24.7347379063185
  0
LINE
  5
596
100
AcDbEntity
  8
0
  6
ByLayer
 62
    3
370
   -1
100
AcDbLine
 10
64.82053148308307
 20
26.33270919104175
 11
60.72053148308319
 21
26.33270919104175
  0
LINE
  5
597
100
AcDbEntity
  8
0
  6
ByLayer
 62
    1
370
   -1
100
AcDbLine
 10
61.22053148308213
 20
24.89946306820547
 11
61.22053148308213
 21
26.12946306820548
  0
LINE
  5
598
100
AcDbEntity
  8
0
  6
ByLayer
 62
    1
370
   -1
100
AcDbLine
 10
61.69053148308213
 20
24.89946306820547
 11
61.69053148308306
 21
24.68885415307831
  0
LINE
  5
599
100
AcDbEntity
  8
0
  6
ByLayer
 62
    5
370
   -1
100
AcDbLine
 10
61.99053148308209
 20
24.89946306820547
 11
61.99053148308209
 21
24.66342031948096
  0
LINE
  5
59A
100
AcDbEntity
  8
0
  6
ByLayer
 62
   60
370
   -1
100
AcDbLine
 10
45.78456846410616
 20
26.9331052517296
 11
83.94948350106922
 21
26.9331052517296
  0
LINE
  5
59B
100
AcDbEntity
  8
0
  6
ByLayer
 62
    7
370
   -1
100
AcDbLine
 10
67.4887082633591
 20
23.68064194269241
 11
67.4887082633591
 21
13.26564194269221
  0
LINE
  5
59C
100
AcDbEntity
  8
0
  6
ByLayer
 62
    7
370
   -1
100
AcDbLine
 10
67.4887082633591
 20
12.36115313679135
 11
67.4887082633591
 21
12.35013074859313
  0
LINE
  5
59D
100
AcDbEntity
  8
0
  6
ByLayer
 62
    7
370
   -1
100
AcDbLine
 10
67.4887082633591
 20
11.44564194269218
 11
67.4887082633591
 21
8.218694963555798
  0
LINE
  5
59E
100
AcDbEntity
  8
0
  6
ByLayer
 62
    7
370
   -1
100
AcDbLine
 10
67.48870826336002
 20
7.839999999999972
 11
67.4887082633591
 21
5.890000000000128
  0
LINE
  5
59F
100
AcDbEntity
  8
0
  6
ByLayer
 62
    7
370
   -1
100
AcDbLine
 10
67.58870826335915
 20
23.68064194269241
 11
67.58870826335915
 21
13.26564194269221
  0
LINE
  5
5A0
100
AcDbEntity
  8
0
  6
ByLayer
 62
    7
370
   -1
100
AcDbLine
 10
67.58870826335915
 20
11.44564194269218
 11
67.58870826335915
 21
8.218694963555798
  0
LINE
  5
5A1
100
AcDbEntity
  8
0
  6
ByLayer
 62
    7
370
   -1
100
AcDbLine
 10
67.58870826336008
 20
7.839999999999972
 11
67.58870826335915
 21
5.889999999999943
  0
LINE
  5
5A2
100
AcDbEntity
  8
0
  6
ByLayer
 62
    7
370
   -1
100
AcDbLine
 10
67.34936078158221
 20
24.05933690624786
 11
67.72805574513697
 21
24.05933690624786
  0
LINE
  5
5A3
100
AcDbEntity
  8
0
  6
ByLayer
 62
    7
370
   -1
100
AcDbLine
 10
67.72805574513697
 20
24.05933690624786
 11
67.72805574513697
 21
23.68064194269241
  0
LINE
  5
5A4
100
AcDbEntity
  8
0
  6
ByLayer
 62
    7
370
   -1
100
AcDbLine
 10
67.72805574513697
 20
23.68064194269241
 11
67.34936078158221
 21
23.68064194269241
  0
LINE
  5
5A5
100
AcDbEntity
  8
0
  6
ByLayer
 62
    7
370
   -1
100
AcDbLine
 10
67.34936078158221
 20
23.68064194269241
 11
67.34936078158221
 21
24.05933690624786
  0
LINE
  5
5A6
100
AcDbEntity
  8
0
  6
ByLayer
 62
    7
370
   -1
100
AcDbLine
 10
58.93821343992509
 20
21.83064194269242
 11
58.93821343992509
 21
24.06076784681748
  0
LINE
  5
5A7
100
AcDbEntity
  8
0
  6
ByLayer
 62
    6
370
   -1
100
AcDbLine
 10
58.88821343992507
 20
23.68064194269241
 11
58.88821343992507
 21
21.68064194269222
  0
LINE
  5
5A8
100
AcDbEntity
  8
0
  6
ByLayer
 62
    6
370
   -1
100
AcDbLine
 10
60.83821343992505
 20
21.7806419426924
 11
60.83821343992505
 21
20.3305863854221
  0
LINE
  5
5A9
100
AcDbEntity
  8
0
  6
ByLayer
 62
    6
370
   -1
100
AcDbLine
 10
60.83821343992505
 20
19.43064194269241
 11
60.83821343992505
 21
15.88064194269205
  0
LINE
  5
5AA
100
AcDbEntity
  8
0
  6
ByLayer
 62
    7
370
   -1
100
AcDbLine
 10
67.39779071467306
 20
24.56558453892309
 11
67.39779071467214
 21
20.82068670699098
  0
LINE
  5
5AB
100
AcDbEntity
  8
0
  6
ByLayer
 62
    6
370
   -1
100
AcDbLine
 10
49.48586428494217
 20
23.68064194269241
 11
49.48586428494217
 21
23.35492012957936
  0
LINE
  5
5AC
100
AcDbEntity
  8
0
  6
ByLayer
 62
    6
370
   -1
100
AcDbLine
 10
49.72805574513801
 20
23.68064194269241
 11
55.34936078158216
 21
23.68064194269241
  0
LINE
  5
5AD
100
AcDbEntity
  8
0
  6
ByLayer
 62
    6
370
   -1
100
AcDbLine
 10
55.72805574513711
 20
23.68064194269241
 11
58.88821343992507
 21
23.68064194269241
  0
LINE
  5
5AE
100
AcDbEntity
  8
0
  6
ByLayer
 62
   60
370
   -1
100
AcDbLine
 10
45.78456846410616
 20
26.9331052517296
 11
45.78456846410616
 21
29.93310525172966
  0
LINE
  5
5AF
100
AcDbEntity
  8
0
  6
ByLayer
 62
   60
370
   -1
100
AcDbLine
 10
45.78456846410616
 20
29.93310525172966
 11
85.15513220890112
 21
29.93310525172966
  0
LINE
  5
5B0
100
AcDbEntity
  8
0
  6
ByLayer
 62
    6
370
   -1
100
AcDbLine
 10
49.48586428494217
 20
23.68064194269241
 11
49.48586428494217
 21
23.30064194269242
  0
LINE
  5
5B1
100
AcDbEntity
  8
0
  6
ByLayer
 62
    6
370
   -1
100
AcDbLine
 10
49.48586428494217
 20
23.30064194269242
 11
49.61586428494208
 21
23.30064194269242
  0
LINE
  5
5B2
100
AcDbEntity
  8
0
  6
ByLayer
 62
    7
370
   -1
100
AcDbLine
 10
49.48586428494217
 20
23.30064194269242
 11
50.38586428494222
 21
23.30064194269242
  0
LINE
  5
5B3
100
AcDbEntity
  8
0
  6
ByLayer
 62
    6
370
   -1
100
AcDbLine
 10
49.48586428494217
 20
22.40064194269242
 11
49.48586428494217
 21
17.9706419426924
  0
LINE
  5
5B4
100
AcDbEntity
  8
0
  6
ByLayer
 62
    5
370
   -1
100
AcDbLine
 10
49.48586428494217
 20
17.9706419426924
 11
49.48586428494217
 21
15.92564194269241
  0
LINE
  5
5B5
100
AcDbEntity
  8
0
  6
ByLayer
 62
    7
370
   -1
100
AcDbLine
 10
49.48586428494217
 20
15.98064194269219
 11
49.58586428494221
 21
15.98064194269219
  0
LINE
  5
5B6
100
AcDbEntity
  8
0
  6
ByLayer
 62
    6
370
   -1
100
AcDbLine
 10
49.58586428494221
 20
17.9706419426924
 11
49.58586428494221
 21
22.40621475169235
  0
LINE
  5
5B7
100
AcDbEntity
  8
0
  6
ByLayer
 62
    6
370
   -1
100
AcDbLine
 10
49.58586428494221
 20
23.30064194269242
 11
49.58586428494221
 21
23.68064194269241
  0
LINE
  5
5B8
100
AcDbEntity
  8
0
  6
ByLayer
 62
    6
370
   -1
100
AcDbLine
 10
58.88821343992507
 20
23.68064194269241
 11
58.7882134399252
 21
23.68064194269241
  0
LINE
  5
5B9
100
AcDbEntity
  8
0
  6
ByLayer
 62
    5
370
   -1
100
AcDbLine
 10
49.58586428494221
 20
17.9706419426924
 11
49.58586428494221
 21
15.92564194269241
  0
LINE
  5
5BA
100
AcDbEntity
  8
0
  6
ByLayer
 62
    7
370
   -1
100
AcDbLine
 10
49.58586428494221
 20
15.98064194269219
 11
49.58586428494221
 21
15.88064194269219
  0
LINE
  5
5BB
100
AcDbEntity
  8
0
  6
ByLayer
 62
    7
370
   -1
100
AcDbLine
 10
49.58586428494221
 20
15.88064194269219
 11
49.48586428494217
 21
15.88064194269219
  0
LINE
  5
5BC
100
AcDbEntity
  8
0
  6
ByLayer
 62
    7
370
   -1
100
AcDbLine
 10
49.48586428494217
 20
15.88064194269219
 11
49.48586428494217
 21
15.98064194269219
  0
LINE
  5
5BD
100
AcDbEntity
  8
0
  6
ByLayer
 62
    5
370
   -1
100
AcDbLine
 10
49.58586428494221
 20
15.98064194269219
 11
53.34805574513707
 21
15.98064194269219
  0
LINE
  5
5BE
100
AcDbEntity
  8
0
  6
ByLayer
 62
    7
370
   -1
100
AcDbLine
 10
53.34805574513707
 20
15.98064194269219
 11
53.34805574513707
 21
15.88064194269219
  0
LINE
  5
5BF
100
AcDbEntity
  8
0
  6
ByLayer
 62
    5
370
   -1
100
AcDbLine
 10
53.34805574513707
 20
15.88064194269219
 11
49.58586428494221
 21
15.88064194269219
  0
LINE
  5
5C0
100
AcDbEntity
  8
0
  6
ByLayer
 62
    7
370
   -1
100
AcDbLine
 10
53.34805574513707
 20
15.98064194269219
 11
53.44805574513713
 21
15.98064194269219
  0
LINE
  5
5C1
100
AcDbEntity
  8
0
  6
ByLayer
 62
    7
370
   -1
100
AcDbLine
 10
53.44805574513713
 20
15.98064194269219
 11
53.44805574513713
 21
15.88064194269219
  0
LINE
  5
5C2
100
AcDbEntity
  8
0
  6
ByLayer
 62
    7
370
   -1
100
AcDbLine
 10
53.44805574513713
 20
15.88064194269219
 11
53.34805574513707
 21
15.88064194269219
  0
LINE
  5
5C3
100
AcDbEntity
  8
0
  6
ByLayer
 62
    5
370
   -1
100
AcDbLine
 10
56.38805574513712
 20
15.98064194269219
 11
58.78821343992409
 21
15.98064194269219
  0
LINE
  5
5C4
100
AcDbEntity
  8
0
  6
ByLayer
 62
    5
370
   -1
100
AcDbLine
 10
58.78821343992409
 20
15.88064194269219
 11
56.38805574513712
 21
15.88064194269219
  0
LINE
  5
5C5
100
AcDbEntity
  8
0
  6
ByLayer
 62
    7
370
   -1
100
AcDbLine
 10
58.78821343992409
 20
15.98064194269219
 11
59.36821343992403
 21
15.98064194269219
  0
LINE
  5
5C6
100
AcDbEntity
  8
0
  6
ByLayer
 62
    7
370
   -1
100
AcDbLine
 10
60.26821343992408
 20
15.98064194269219
 11
60.83821343992505
 21
15.98064194269219
  0
LINE
  5
5C7
100
AcDbEntity
  8
0
  6
ByLayer
 62
    7
370
   -1
100
AcDbLine
 10
58.78821343992409
 20
15.98064194269219
 11
58.78821343992409
 21
15.88064194269219
  0
LINE
  5
5C8
100
AcDbEntity
  8
0
  6
ByLayer
 62
    6
370
   -1
100
AcDbLine
 10
58.78821343992409
 20
15.88064194269219
 11
59.36821343992403
 21
15.88064194269219
  0
LINE
  5
5C9
100
AcDbEntity
  8
0
  6
ByLayer
 62
    6
370
   -1
100
AcDbLine
 10
60.26264063092406
 20
15.88064194269219
 11
60.83821343992505
 21
15.88064194269205
  0
LINE
  5
5CA
100
AcDbEntity
  8
0
  6
ByLayer
 62
    7
370
   -1
100
AcDbLine
 10
58.78821343992409
 20
16.95314194269221
 11
58.78821343992409
 21
15.98064194269219
  0
LINE
  5
5CB
100
AcDbEntity
  8
0
  6
ByLayer
 62
    6
370
   -1
100
AcDbLine
 10
58.88821343992414
 20
18.08064194269206
 11
58.88821343992414
 21
15.98064194269219
  0
LINE
  5
5CC
100
AcDbEntity
  8
0
  6
ByLayer
 62
    6
370
   -1
100
AcDbLine
 10
60.74821343992416
 20
21.6806419426924
 11
60.74821343992416
 21
20.3250691336924
  0
LINE
  5
5CD
100
AcDbEntity
  8
0
  6
ByLayer
 62
    6
370
   -1
100
AcDbLine
 10
60.74821343992416
 20
19.43064194269218
 11
60.74821343992508
 21
15.98064194269219
  0
LINE
  5
5CE
100
AcDbEntity
  8
0
  6
ByLayer
 62
    6
370
   -1
100
AcDbLine
 10
58.88821343992414
 20
15.98064194269219
 11
59.36821343992403
 21
15.98064194269219
  0
LINE
  5
5CF
100
AcDbEntity
  8
0
  6
ByLayer
 62
    6
370
   -1
100
AcDbLine
 10
60.26821343992408
 20
15.98064194269219
 11
60.74821343992508
 21
15.98064194269219
  0
LINE
  5
5D0
100
AcDbEntity
  8
0
  6
ByLayer
 62
    7
370
   -1
100
AcDbLine
 10
59.36821343992403
 20
15.98064194269219
 11
59.36821343992403
 21
15.88064194269219
  0
LINE
  5
5D1
100
AcDbEntity
  8
0
  6
ByLayer
 62
    7
370
   -1
100
AcDbLine
 10
58.78821343992409
 20
18.0806419426922
 11
58.78821343992409
 21
15.92564194269241
  0
LINE
  5
5D2
100
AcDbEntity
  8
0
  6
ByLayer
 62
    4
370
   -1
100
AcDbLine
 10
58.88821343992414
 20
19.88064194269221
 11
58.63821343992402
 21
19.88064194269221
  0
LINE
  5
5D3
100
AcDbEntity
  8
0
  6
ByLayer
 62
    4
370
   -1
100
AcDbLine
 10
58.63821343992402
 20
21.68064194269222
 11
58.88821343992507
 21
21.68064194269222
  0
LINE
  5
5D4
100
AcDbEntity
  8
0
  6
ByLayer
 62
    4
370
   -1
100
AcDbLine
 10
58.78821343992409
 20
18.0806419426922
 11
58.88821343992414
 21
18.08064194269206
  0
LINE
  5
5D5
100
AcDbEntity
  8
0
  6
ByLayer
 62
    7
370
   -1
100
AcDbLine
 10
58.88821343992507
 20
21.5806419426924
 11
58.88821343992507
 21
20.4981419426924
  0
LINE
  5
5D6
100
AcDbEntity
  8
0
  6
ByLayer
 62
    4
370
   -1
100
AcDbLine
 10
58.88821343992507
 20
21.68064194269222
 11
58.88821343992414
 21
18.08064194269206
  0
LINE
  5
5D7
100
AcDbEntity
  8
0
  6
ByLayer
 62
    7
370
   -1
100
AcDbLine
 10
58.88821343992414
 20
18.08064194269206
 11
58.63821343992402
 21
18.08064194269206
  0
LINE
  5
5D8
100
AcDbEntity
  8
0
  6
ByLayer
 62
    4
370
   -1
100
AcDbLine
 10
58.63821343992402
 20
18.08064194269206
 11
58.63821343992402
 21
21.68064194269222
  0
LINE
  5
5D9
100
AcDbEntity
  8
0
  6
ByLayer
 62
    4
370
   -1
100
AcDbLine
 10
58.63821343992402
 20
20.78064194269221
 11
58.88821343992507
 21
20.78064194269221
  0
LINE
  5
5DA
100
AcDbEntity
  8
0
  6
ByLayer
 62
    4
370
   -1
100
AcDbLine
 10
58.63821343992402
 20
18.98064194269207
 11
58.88821343992414
 21
18.98064194269207
  0
LINE
  5
5DB
100
AcDbEntity
  8
0
  6
ByLayer
 62
    6
370
   -1
100
AcDbLine
 10
58.7882134399252
 20
23.68064194269241
 11
58.7882134399252
 21
21.6806419426924
  0
LINE
  5
5DC
100
AcDbEntity
  8
0
  6
ByLayer
 62
    7
370
   -1
100
AcDbLine
 10
58.7882134399252
 20
21.6806419426924
 11
58.93821343992509
 21
21.6806419426924
  0
LINE
  5
5DD
100
AcDbEntity
  8
0
  6
ByLayer
 62
    6
370
   -1
100
AcDbLine
 10
58.93821343992509
 20
21.6806419426924
 11
60.83821343992505
 21
21.6806419426924
  0
LINE
  5
5DE
100
AcDbEntity
  8
0
  6
ByLayer
 62
    6
370
   -1
100
AcDbLine
 10
58.88821343992507
 20
21.7806419426924
 11
60.83821343992505
 21
21.7806419426924
  0
LINE
  5
5DF
100
AcDbEntity
  8
0
  6
ByLayer
 62
    7
370
   -1
100
AcDbLine
 10
58.93821343992509
 20
21.83064194269242
 11
60.92078281963909
 21
21.83051702240397
  0
LINE
  5
5E0
100
AcDbEntity
  8
0
  6
ByLayer
 62
    7
370
   -1
100
AcDbLine
 10
54.78413052630904
 20
21.60314194269244
 11
54.78413052630904
 21
20.40314194269243
  0
LINE
  5
5E1
100
AcDbEntity
  8
0
  6
ByLayer
 62
    7
370
   -1
100
AcDbLine
 10
54.78413052630904
 20
20.40314194269243
 11
55.38413052630914
 21
20.40314194269243
  0
LINE
  5
5E2
100
AcDbEntity
  8
0
  6
ByLayer
 62
    7
370
   -1
100
AcDbLine
 10
55.58413052630905
 20
20.40314194269243
 11
55.58413052630905
 21
21.60314194269244
  0
LINE
  5
5E3
100
AcDbEntity
  8
0
  6
ByLayer
 62
    7
370
   -1
100
AcDbLine
 10
55.38413052630914
 20
21.60314194269244
 11
54.78413052630904
 21
21.60314194269244
  0
LINE
  5
5E4
100
AcDbEntity
  8
0
  6
ByLayer
 62
    1
370
   -1
100
AcDbLine
 10
54.78413052630904
 20
20.40314194269243
 11
54.78413052630904
 21
19.20314194269243
  0
LINE
  5
5E5
100
AcDbEntity
  8
0
  6
ByLayer
 62
    7
370
   -1
100
AcDbLine
 10
54.78413052630904
 20
19.20314194269243
 11
55.38413052630914
 21
19.20314194269243
  0
LINE
  5
5E6
100
AcDbEntity
  8
0
  6
ByLayer
 62
    7
370
   -1
100
AcDbLine
 10
55.58413052630905
 20
19.20314194269243
 11
55.58413052630905
 21
18.00314194269242
  0
LINE
  5
5E7
100
AcDbEntity
  8
0
  6
ByLayer
 62
    7
370
   -1
100
AcDbLine
 10
55.38413052630914
 20
18.00314194269242
 11
54.78413052630904
 21
18.00314194269242
  0
LINE
  5
5E8
100
AcDbEntity
  8
0
  6
ByLayer
 62
    7
370
   -1
100
AcDbLine
 10
54.78413052630904
 20
18.00314194269242
 11
54.78413052630904
 21
19.20314194269243
  0
LINE
  5
5E9
100
AcDbEntity
  8
0
  6
ByLayer
 62
    7
370
   -1
100
AcDbLine
 10
55.58413052630905
 20
20.40314194269243
 11
55.58413052630905
 21
19.20314194269243
  0
LINE
  5
5EA
100
AcDbEntity
  8
0
  6
ByLayer
 62
    7
370
   -1
100
AcDbLine
 10
54.18413052630802
 20
21.60314194269244
 11
54.18413052630802
 21
20.40314194269243
  0
LINE
  5
5EB
100
AcDbEntity
  8
0
  6
ByLayer
 62
    7
370
   -1
100
AcDbLine
 10
54.18413052630802
 20
20.40314194269243
 11
54.78413052630904
 21
20.40314194269243
  0
LINE
  5
5EC
100
AcDbEntity
  8
0
  6
ByLayer
 62
    7
370
   -1
100
AcDbLine
 10
54.78413052630904
 20
21.60314194269244
 11
54.18413052630802
 21
21.60314194269244
  0
LINE
  5
5ED
100
AcDbEntity
  8
0
  6
ByLayer
 62
    1
370
   -1
100
AcDbLine
 10
54.18413052630802
 20
20.40314194269243
 11
54.18413052630802
 21
19.20314194269243
  0
LINE
  5
5EE
100
AcDbEntity
  8
0
  6
ByLayer
 62
    7
370
   -1
100
AcDbLine
 10
54.18413052630802
 20
19.20314194269243
 11
54.78413052630904
 21
19.20314194269243
  0
LINE
  5
5EF
100
AcDbEntity
  8
0
  6
ByLayer
 62
    7
370
   -1
100
AcDbLine
 10
54.78413052630904
 20
18.00314194269242
 11
54.18413052630802
 21
18.00314194269242
  0
LINE
  5
5F0
100
AcDbEntity
  8
0
  6
ByLayer
 62
    7
370
   -1
100
AcDbLine
 10
54.18413052630802
 20
18.00314194269242
 11
54.18413052630802
 21
19.20314194269243
  0
LINE
  5
5F1
100
AcDbEntity
  8
0
  6
ByLayer
 62
    7
370
   -1
100
AcDbLine
 10
53.38413052630913
 20
21.60314194269244
 11
53.38413052630913
 21
20.40314194269243
  0
LINE
  5
5F2
100
AcDbEntity
  8
0
  6
ByLayer
 62
    7
370
   -1
100
AcDbLine
 10
53.58413052630812
 20
20.40314194269243
 11
54.18413052630802
 21
20.40314194269243
  0
LINE
  5
5F3
100
AcDbEntity
  8
0
  6
ByLayer
 62
    7
370
   -1
100
AcDbLine
 10
54.18413052630802
 20
21.60314194269244
 11
53.58413052630812
 21
21.60314194269244
  0
LINE
  5
5F4
100
AcDbEntity
  8
0
  6
ByLayer
 62
    1
370
   -1
100
AcDbLine
 10
53.38413052630913
 20
20.40314194269243
 11
53.38413052630913
 21
19.20314194269243
  0
LINE
  5
5F5
100
AcDbEntity
  8
0
  6
ByLayer
 62
    7
370
   -1
100
AcDbLine
 10
53.58413052630812
 20
19.20314194269243
 11
54.18413052630802
 21
19.20314194269243
  0
LINE
  5
5F6
100
AcDbEntity
  8
0
  6
ByLayer
 62
    7
370
   -1
100
AcDbLine
 10
54.18413052630802
 20
18.00314194269242
 11
53.58413052630812
 21
18.00314194269242
  0
LINE
  5
5F7
100
AcDbEntity
  8
0
  6
ByLayer
 62
    7
370
   -1
100
AcDbLine
 10
53.38413052630913
 20
18.00314194269242
 11
53.38413052630913
 21
19.20314194269243
  0
LINE
  5
5F8
100
AcDbEntity
  8
0
  6
ByLayer
 62
    7
370
   -1
100
AcDbLine
 10
52.78413052630903
 20
21.60314194269244
 11
52.78413052630903
 21
20.40314194269243
  0
LINE
  5
5F9
100
AcDbEntity
  8
0
  6
ByLayer
 62
    7
370
   -1
100
AcDbLine
 10
52.78413052630903
 20
20.40314194269243
 11
53.38413052630913
 21
20.40314194269243
  0
LINE
  5
5FA
100
AcDbEntity
  8
0
  6
ByLayer
 62
    7
370
   -1
100
AcDbLine
 10
53.38413052630913
 20
21.60314194269244
 11
52.78413052630903
 21
21.60314194269244
  0
LINE
  5
5FB
100
AcDbEntity
  8
0
  6
ByLayer
 62
    1
370
   -1
100
AcDbLine
 10
52.78413052630903
 20
20.40314194269243
 11
52.78413052630903
 21
19.20314194269243
  0
LINE
  5
5FC
100
AcDbEntity
  8
0
  6
ByLayer
 62
    7
370
   -1
100
AcDbLine
 10
52.78413052630903
 20
19.20314194269243
 11
53.38413052630913
 21
19.20314194269243
  0
LINE
  5
5FD
100
AcDbEntity
  8
0
  6
ByLayer
 62
    7
370
   -1
100
AcDbLine
 10
53.38413052630913
 20
18.00314194269242
 11
52.78413052630903
 21
18.00314194269242
  0
LINE
  5
5FE
100
AcDbEntity
  8
0
  6
ByLayer
 62
    7
370
   -1
100
AcDbLine
 10
52.78413052630903
 20
18.00314194269242
 11
52.78413052630903
 21
19.20314194269243
  0
LINE
  5
5FF
100
AcDbEntity
  8
0
  6
ByLayer
 62
    7
370
   -1
100
AcDbLine
 10
52.18413052630913
 20
21.60314194269244
 11
52.18413052630913
 21
20.40314194269243
  0
LINE
  5
600
100
AcDbEntity
  8
0
  6
ByLayer
 62
    7
370
   -1
100
AcDbLine
 10
52.18413052630913
 20
20.40314194269243
 11
52.78413052630903
 21
20.40314194269243
  0
LINE
  5
601
100
AcDbEntity
  8
0
  6
ByLayer
 62
    7
370
   -1
100
AcDbLine
 10
52.78413052630903
 20
21.60314194269244
 11
52.18413052630913
 21
21.60314194269244
  0
LINE
  5
602
100
AcDbEntity
  8
0
  6
ByLayer
 62
    1
370
   -1
100
AcDbLine
 10
52.18413052630913
 20
20.40314194269243
 11
52.18413052630913
 21
19.20314194269243
  0
LINE
  5
603
100
AcDbEntity
  8
0
  6
ByLayer
 62
    7
370
   -1
100
AcDbLine
 10
52.18413052630913
 20
19.20314194269243
 11
52.78413052630903
 21
19.20314194269243
  0
LINE
  5
604
100
AcDbEntity
  8
0
  6
ByLayer
 62
    7
370
   -1
100
AcDbLine
 10
52.78413052630903
 20
18.00314194269242
 11
52.18413052630913
 21
18.00314194269242
  0
LINE
  5
605
100
AcDbEntity
  8
0
  6
ByLayer
 62
    7
370
   -1
100
AcDbLine
 10
52.18413052630913
 20
18.00314194269242
 11
52.18413052630913
 21
19.20314194269243
  0
LINE
  5
606
100
AcDbEntity
  8
0
  6
ByLayer
 62
    7
370
   -1
100
AcDbLine
 10
51.38413052630912
 20
21.60314194269244
 11
51.38413052630912
 21
20.40314194269243
  0
LINE
  5
607
100
AcDbEntity
  8
0
  6
ByLayer
 62
    7
370
   -1
100
AcDbLine
 10
51.58413052630811
 20
20.40314194269243
 11
52.18413052630913
 21
20.40314194269243
  0
LINE
  5
608
100
AcDbEntity
  8
0
  6
ByLayer
 62
    7
370
   -1
100
AcDbLine
 10
52.18413052630913
 20
21.60314194269244
 11
51.58413052630811
 21
21.60314194269244
  0
LINE
  5
609
100
AcDbEntity
  8
0
  6
ByLayer
 62
    7
370
   -1
100
AcDbLine
 10
51.38413052630912
 20
20.40314194269243
 11
51.38413052630912
 21
19.20314194269243
  0
LINE
  5
60A
100
AcDbEntity
  8
0
  6
ByLayer
 62
    7
370
   -1
100
AcDbLine
 10
51.58413052630811
 20
19.20314194269243
 11
52.18413052630913
 21
19.20314194269243
  0
LINE
  5
60B
100
AcDbEntity
  8
0
  6
ByLayer
 62
    7
370
   -1
100
AcDbLine
 10
52.18413052630913
 20
18.00314194269242
 11
51.58413052630811
 21
18.00314194269242
  0
LINE
  5
60C
100
AcDbEntity
  8
0
  6
ByLayer
 62
    7
370
   -1
100
AcDbLine
 10
51.38413052630912
 20
18.00314194269242
 11
51.38413052630912
 21
19.20314194269243
  0
LINE
  5
60D
100
AcDbEntity
  8
0
  6
ByLayer
 62
    5
370
   -1
100
AcDbLine
 10
49.48586428494217
 20
15.82564194269241
 11
49.48586428494217
 21
10.3256419426922
  0
LINE
  5
60E
100
AcDbEntity
  8
0
  6
ByLayer
 62
    7
370
   -1
100
AcDbLine
 10
49.48586428494217
 20
12.9556419426924
 11
49.58586428494221
 21
12.9556419426924
  0
LINE
  5
60F
100
AcDbEntity
  8
0
  6
ByLayer
 62
    7
370
   -1
100
AcDbLine
 10
49.58586428494221
 20
12.9556419426924
 11
49.58586428494221
 21
12.8556419426924
  0
LINE
  5
610
100
AcDbEntity
  8
0
  6
ByLayer
 62
    7
370
   -1
100
AcDbLine
 10
49.58586428494221
 20
12.8556419426924
 11
49.48586428494217
 21
12.8556419426924
  0
LINE
  5
611
100
AcDbEntity
  8
0
  6
ByLayer
 62
    7
370
   -1
100
AcDbLine
 10
49.48586428494217
 20
12.8556419426924
 11
49.48586428494217
 21
12.9556419426924
  0
LINE
  5
612
100
AcDbEntity
  8
0
  6
ByLayer
 62
    7
370
   -1
100
AcDbLine
 10
49.48586428494217
 20
10.3256419426922
 11
49.58586428494221
 21
10.3256419426922
  0
LINE
  5
613
100
AcDbEntity
  8
0
  6
ByLayer
 62
    7
370
   -1
100
AcDbLine
 10
49.58586428494221
 20
10.3256419426922
 11
49.58586428494221
 21
10.2256419426922
  0
LINE
  5
614
100
AcDbEntity
  8
0
  6
ByLayer
 62
    7
370
   -1
100
AcDbLine
 10
49.58586428494221
 20
10.2256419426922
 11
49.48586428494217
 21
10.2256419426922
  0
LINE
  5
615
100
AcDbEntity
  8
0
  6
ByLayer
 62
    7
370
   -1
100
AcDbLine
 10
49.48586428494217
 20
10.2256419426922
 11
49.48586428494217
 21
10.3256419426922
  0
LINE
  5
616
100
AcDbEntity
  8
0
  6
ByLayer
 62
    5
370
   -1
100
AcDbLine
 10
49.58586428494221
 20
15.82564194269241
 11
49.58586428494221
 21
12.9556419426924
  0
LINE
  5
617
100
AcDbEntity
  8
0
  6
ByLayer
 62
    5
370
   -1
100
AcDbLine
 10
49.58586428494221
 20
12.8556419426924
 11
49.58586428494221
 21
10.3256419426922
  0
LINE
  5
618
100
AcDbEntity
  8
0
  6
ByLayer
 62
    7
370
   -1
100
AcDbLine
 10
53.65805574513804
 20
10.3256419426922
 11
53.75805574513808
 21
10.3256419426922
  0
LINE
  5
619
100
AcDbEntity
  8
0
  6
ByLayer
 62
    7
370
   -1
100
AcDbLine
 10
53.75805574513808
 20
10.3256419426922
 11
53.75805574513808
 21
10.2256419426922
  0
LINE
  5
61A
100
AcDbEntity
  8
0
  6
ByLayer
 62
    7
370
   -1
100
AcDbLine
 10
53.75805574513808
 20
10.2256419426922
 11
53.65805574513804
 21
10.2256419426922
  0
LINE
  5
61B
100
AcDbEntity
  8
0
  6
ByLayer
 62
    7
370
   -1
100
AcDbLine
 10
53.65805574513804
 20
10.2256419426922
 11
53.65805574513804
 21
10.3256419426922
  0
LINE
  5
61C
100
AcDbEntity
  8
0
  6
ByLayer
 62
    7
370
   -1
100
AcDbLine
 10
56.65805574513703
 20
10.3256419426922
 11
56.75805574513708
 21
10.3256419426922
  0
LINE
  5
61D
100
AcDbEntity
  8
0
  6
ByLayer
 62
    7
370
   -1
100
AcDbLine
 10
56.75805574513708
 20
10.3256419426922
 11
56.75805574513708
 21
10.2256419426922
  0
LINE
  5
61E
100
AcDbEntity
  8
0
  6
ByLayer
 62
    7
370
   -1
100
AcDbLine
 10
56.75805574513708
 20
10.2256419426922
 11
56.65805574513703
 21
10.2256419426922
  0
LINE
  5
61F
100
AcDbEntity
  8
0
  6
ByLayer
 62
    7
370
   -1
100
AcDbLine
 10
56.65805574513703
 20
10.2256419426922
 11
56.65805574513703
 21
10.3256419426922
  0
LINE
  5
620
100
AcDbEntity
  8
0
  6
ByLayer
 62
    7
370
   -1
100
AcDbLine
 10
58.51805574513704
 20
10.3256419426922
 11
58.61805574513709
 21
10.32564194269207
  0
LINE
  5
621
100
AcDbEntity
  8
0
  6
ByLayer
 62
    7
370
   -1
100
AcDbLine
 10
58.61805574513709
 20
10.32564194269207
 11
58.61805574513802
 21
10.2256419426922
  0
LINE
  5
622
100
AcDbEntity
  8
0
  6
ByLayer
 62
    7
370
   -1
100
AcDbLine
 10
58.61805574513802
 20
10.2256419426922
 11
58.51805574513704
 21
10.2256419426922
  0
LINE
  5
623
100
AcDbEntity
  8
0
  6
ByLayer
 62
    7
370
   -1
100
AcDbLine
 10
58.51805574513704
 20
10.2256419426922
 11
58.51805574513704
 21
10.3256419426922
  0
LINE
  5
624
100
AcDbEntity
  8
0
  6
ByLayer
 62
    6
370
   -1
100
AcDbLine
 10
58.61805574513802
 20
10.2256419426922
 11
60.83821343992505
 21
10.2256419426922
  0
LINE
  5
625
100
AcDbEntity
  8
0
  6
ByLayer
 62
    6
370
   -1
100
AcDbLine
 10
58.61805574513709
 20
10.32564194269207
 11
60.83821343992505
 21
10.32564194269207
  0
LINE
  5
626
100
AcDbEntity
  8
0
  6
ByLayer
 62
    7
370
   -1
100
AcDbLine
 10
49.72521176672004
 20
7.971936403606551
 11
55.34936078158216
 21
7.971936403606551
  0
LINE
  5
627
100
AcDbEntity
  8
0
  6
ByLayer
 62
    7
370
   -1
100
AcDbLine
 10
55.72805574513711
 20
7.971936403606551
 11
61.34936078158218
 21
7.971936403606551
  0
LINE
  5
628
100
AcDbEntity
  8
0
  6
ByLayer
 62
    7
370
   -1
100
AcDbLine
 10
70.1032093503601
 20
7.823800000000029
 11
71.81274667263119
 21
7.823800000000029
  0
LINE
  5
629
100
AcDbEntity
  8
0
  6
ByLayer
 62
    7
370
   -1
100
AcDbLine
 10
49.72521176672004
 20
8.079347481777932
 11
55.34936078158216
 21
8.079347481777932
  0
LINE
  5
62A
100
AcDbEntity
  8
0
  6
ByLayer
 62
    7
370
   -1
100
AcDbLine
 10
55.72805574513711
 20
8.079347481777932
 11
61.34936078158218
 21
8.079347481777932
  0
LINE
  5
62B
100
AcDbEntity
  8
0
  6
ByLayer
 62
    7
370
   -1
100
AcDbLine
 10
61.34936078158218
 20
8.218694963555798
 11
61.72805574513713
 21
8.218694963555798
  0
LINE
  5
62C
100
AcDbEntity
  8
0
  6
ByLayer
 62
    7
370
   -1
100
AcDbLine
 10
61.72805574513713
 20
8.218694963555798
 11
61.72805574513713
 21
7.839999999999972
  0
LINE
  5
62D
100
AcDbEntity
  8
0
  6
ByLayer
 62
    7
370
   -1
100
AcDbLine
 10
61.72805574513713
 20
7.839999999999972
 11
61.34936078158218
 21
7.839999999999972
  0
LINE
  5
62E
100
AcDbEntity
  8
0
  6
ByLayer
 62
    7
370
   -1
100
AcDbLine
 10
61.34936078158218
 20
7.839999999999972
 11
61.34936078158218
 21
8.218694963555798
  0
LINE
  5
62F
100
AcDbEntity
  8
0
  6
ByLayer
 62
    7
370
   -1
100
AcDbLine
 10
55.34936078158216
 20
8.218694963555798
 11
55.72805574513711
 21
8.218694963555798
  0
LINE
  5
630
100
AcDbEntity
  8
0
  6
ByLayer
 62
    7
370
   -1
100
AcDbLine
 10
55.72805574513711
 20
8.218694963555798
 11
55.72805574513711
 21
7.839999999999972
  0
LINE
  5
631
100
AcDbEntity
  8
0
  6
ByLayer
 62
    7
370
   -1
100
AcDbLine
 10
55.72805574513711
 20
7.839999999999972
 11
55.34936078158216
 21
7.839999999999972
  0
LINE
  5
632
100
AcDbEntity
  8
0
  6
ByLayer
 62
    7
370
   -1
100
AcDbLine
 10
55.34936078158216
 20
7.839999999999972
 11
55.34936078158216
 21
8.218694963555798
  0
LINE
  5
633
100
AcDbEntity
  8
0
  6
ByLayer
 62
    7
370
   -1
100
AcDbLine
 10
56.38805574513712
 20
15.98064194269219
 11
56.38805574513712
 21
15.88064194269219
  0
LINE
  5
634
100
AcDbEntity
  8
0
  6
ByLayer
 62
    7
370
   -1
100
AcDbLine
 10
56.38805574513712
 20
15.98064194269219
 11
56.48805574513698
 21
15.98064194269219
  0
LINE
  5
635
100
AcDbEntity
  8
0
  6
ByLayer
 62
    7
370
   -1
100
AcDbLine
 10
56.48805574513698
 20
15.98064194269219
 11
56.48805574513698
 21
15.88064194269219
  0
LINE
  5
636
100
AcDbEntity
  8
0
  6
ByLayer
 62
    7
370
   -1
100
AcDbLine
 10
56.48805574513698
 20
15.88064194269219
 11
56.38805574513712
 21
15.88064194269219
  0
LINE
  5
637
100
AcDbEntity
  8
0
  6
ByLayer
 62
    6
370
   -1
100
AcDbLine
 10
49.48586428494217
 20
17.9706419426924
 11
49.58586428494221
 21
17.9706419426924
  0
LINE
  5
638
100
AcDbEntity
  8
0
  6
ByLayer
 62
    6
370
   -1
100
AcDbLine
 10
49.58586428494221
 20
23.68064194269241
 11
55.34936078158216
 21
23.68064194269241
  0
LINE
  5
639
100
AcDbEntity
  8
0
  6
ByLayer
 62
    6
370
   -1
100
AcDbLine
 10
55.72805574513711
 20
23.68064194269241
 11
58.7882134399252
 21
23.68064194269241
  0
LINE
  5
63A
100
AcDbEntity
  8
0
  6
ByLayer
 62
    6
370
   -1
100
AcDbLine
 10
49.58586428494221
 20
23.68064194269241
 11
54.18586428494214
 21
23.68064194269241
  0
LINE
  5
63B
100
AcDbEntity
  8
0
  6
ByLayer
 62
    7
370
   -1
100
AcDbLine
 10
51.38413052630912
 20
21.60314194269244
 11
51.18413052630903
 21
21.60314194269244
  0
LINE
  5
63C
100
AcDbEntity
  8
0
  6
ByLayer
 62
    7
370
   -1
100
AcDbLine
 10
51.18413052630903
 20
21.60314194269244
 11
51.18413052630903
 21
18.00314194269242
  0
LINE
  5
63D
100
AcDbEntity
  8
0
  6
ByLayer
 62
    7
370
   -1
100
AcDbLine
 10
51.38413052630912
 20
18.00314194269242
 11
51.18413052630903
 21
18.00314194269242
  0
LINE
  5
63E
100
AcDbEntity
  8
0
  6
ByLayer
 62
    7
370
   -1
100
AcDbLine
 10
51.38413052630912
 20
20.40314194269243
 11
51.18413052630903
 21
20.40314194269243
  0
LINE
  5
63F
100
AcDbEntity
  8
0
  6
ByLayer
 62
    7
370
   -1
100
AcDbLine
 10
51.38413052630912
 20
19.20314194269243
 11
51.18413052630903
 21
19.20314194269243
  0
LINE
  5
640
100
AcDbEntity
  8
0
  6
ByLayer
 62
    7
370
   -1
100
AcDbLine
 10
55.58413052630905
 20
21.60314194269244
 11
55.78413052630803
 21
21.60314194269244
  0
LINE
  5
641
100
AcDbEntity
  8
0
  6
ByLayer
 62
    7
370
   -1
100
AcDbLine
 10
55.78413052630803
 20
21.60314194269244
 11
55.78413052630803
 21
18.00314194269242
  0
LINE
  5
642
100
AcDbEntity
  8
0
  6
ByLayer
 62
    7
370
   -1
100
AcDbLine
 10
55.78413052630803
 20
18.00314194269242
 11
55.58413052630905
 21
18.00314194269242
  0
LINE
  5
643
100
AcDbEntity
  8
0
  6
ByLayer
 62
    7
370
   -1
100
AcDbLine
 10
55.58413052630905
 20
19.20314194269243
 11
55.78413052630803
 21
19.20314194269243
  0
LINE
  5
644
100
AcDbEntity
  8
0
  6
ByLayer
 62
    7
370
   -1
100
AcDbLine
 10
55.58413052630905
 20
20.40314194269243
 11
55.78413052630913
 21
20.40314194269248
  0
LINE
  5
645
100
AcDbEntity
  8
0
  6
ByLayer
 62
    3
370
   -1
100
AcDbLine
 10
51.38413052630912
 20
21.60314194269244
 11
51.58413052630811
 21
21.60314194269244
  0
LINE
  5
646
100
AcDbEntity
  8
0
  6
ByLayer
 62
    3
370
   -1
100
AcDbLine
 10
51.38413052630912
 20
21.59514194269239
 11
51.47313052630801
 21
21.59514194269239
  0
LINE
  5
647
100
AcDbEntity
  8
0
  6
ByLayer
 62
    3
370
   -1
100
AcDbLine
 10
51.49513052630811
 20
21.59514194269239
 11
51.58413052630811
 21
21.59514194269239
  0
LINE
  5
648
100
AcDbEntity
  8
0
  6
ByLayer
 62
    3
370
   -1
100
AcDbLine
 10
51.58413052630811
 20
21.60314194269244
 11
51.58413052630811
 21
21.59514194269239
  0
LINE
  5
649
100
AcDbEntity
  8
0
  6
ByLayer
 62
    3
370
   -1
100
AcDbLine
 10
51.58413052630811
 20
21.41114194269239
 11
51.58413052630811
 21
21.40314194269244
  0
LINE
  5
64A
100
AcDbEntity
  8
0
  6
ByLayer
 62
    3
370
   -1
100
AcDbLine
 10
51.58413052630811
 20
21.40314194269244
 11
51.38413052630912
 21
21.40314194269244
  0
LINE
  5
64B
100
AcDbEntity
  8
0
  6
ByLayer
 62
    3
370
   -1
100
AcDbLine
 10
51.58413052630811
 20
21.41114194269239
 11
51.49513052630811
 21
21.41114194269239
  0
LINE
  5
64C
100
AcDbEntity
  8
0
  6
ByLayer
 62
    3
370
   -1
100
AcDbLine
 10
51.47313052630801
 20
21.41114194269239
 11
51.38413052630912
 21
21.41114194269239
  0
LINE
  5
64D
100
AcDbEntity
  8
0
  6
ByLayer
 62
    3
370
   -1
100
AcDbLine
 10
51.38413052630912
 20
21.40314194269244
 11
51.38413052630912
 21
21.41114194269239
  0
LINE
  5
64E
100
AcDbEntity
  8
0
  6
ByLayer
 62
    3
370
   -1
100
AcDbLine
 10
51.38413052630912
 20
21.59514194269239
 11
51.38413052630912
 21
21.60314194269244
  0
LINE
  5
64F
100
AcDbEntity
  8
0
  6
ByLayer
 62
    3
370
   -1
100
AcDbLine
 10
51.47813052630805
 20
21.59014194269231
 11
51.47813052630805
 21
21.41614194269238
  0
LINE
  5
650
100
AcDbEntity
  8
0
  6
ByLayer
 62
    3
370
   -1
100
AcDbLine
 10
51.49013052630807
 20
21.59014194269231
 11
51.49013052630807
 21
21.41614194269238
  0
LINE
  5
651
100
AcDbEntity
  8
0
  6
ByLayer
 62
    3
370
   -1
100
AcDbLine
 10
53.38413052630913
 20
21.60314194269244
 11
53.58413052630812
 21
21.60314194269244
  0
LINE
  5
652
100
AcDbEntity
  8
0
  6
ByLayer
 62
    3
370
   -1
100
AcDbLine
 10
53.38413052630913
 20
21.59514194269239
 11
53.47313052630913
 21
21.59514194269239
  0
LINE
  5
653
100
AcDbEntity
  8
0
  6
ByLayer
 62
    3
370
   -1
100
AcDbLine
 10
53.49513052630812
 20
21.59514194269239
 11
53.58413052630812
 21
21.59514194269239
  0
LINE
  5
654
100
AcDbEntity
  8
0
  6
ByLayer
 62
    3
370
   -1
100
AcDbLine
 10
53.58413052630812
 20
21.60314194269244
 11
53.58413052630812
 21
21.59514194269239
  0
LINE
  5
655
100
AcDbEntity
  8
0
  6
ByLayer
 62
    3
370
   -1
100
AcDbLine
 10
53.58413052630812
 20
21.41114194269239
 11
53.58413052630812
 21
21.40314194269244
  0
LINE
  5
656
100
AcDbEntity
  8
0
  6
ByLayer
 62
    3
370
   -1
100
AcDbLine
 10
53.58413052630812
 20
21.40314194269244
 11
53.38413052630913
 21
21.40314194269244
  0
LINE
  5
657
100
AcDbEntity
  8
0
  6
ByLayer
 62
    3
370
   -1
100
AcDbLine
 10
53.58413052630812
 20
21.41114194269239
 11
53.49513052630812
 21
21.41114194269239
  0
LINE
  5
658
100
AcDbEntity
  8
0
  6
ByLayer
 62
    3
370
   -1
100
AcDbLine
 10
53.47313052630913
 20
21.41114194269239
 11
53.38413052630913
 21
21.41114194269239
  0
LINE
  5
659
100
AcDbEntity
  8
0
  6
ByLayer
 62
    3
370
   -1
100
AcDbLine
 10
53.38413052630913
 20
21.40314194269244
 11
53.38413052630913
 21
21.41114194269239
  0
LINE
  5
65A
100
AcDbEntity
  8
0
  6
ByLayer
 62
    3
370
   -1
100
AcDbLine
 10
53.38413052630913
 20
21.59514194269239
 11
53.38413052630913
 21
21.60314194269244
  0
LINE
  5
65B
100
AcDbEntity
  8
0
  6
ByLayer
 62
    3
370
   -1
100
AcDbLine
 10
53.47813052630898
 20
21.59014194269231
 11
53.47813052630806
 21
21.41614194269238
  0
LINE
  5
65C
100
AcDbEntity
  8
0
  6
ByLayer
 62
    3
370
   -1
100
AcDbLine
 10
53.49013052630808
 20
21.59014194269231
 11
53.49013052630808
 21
21.41614194269238
  0
LINE
  5
65D
100
AcDbEntity
  8
0
  6
ByLayer
 62
    3
370
   -1
100
AcDbLine
 10
55.38413052630914
 20
21.60314194269244
 11
55.58413052630905
 21
21.60314194269244
  0
LINE
  5
65E
100
AcDbEntity
  8
0
  6
ByLayer
 62
    3
370
   -1
100
AcDbLine
 10
55.38413052630914
 20
21.59514194269239
 11
55.47313052630803
 21
21.59514194269239
  0
LINE
  5
65F
100
AcDbEntity
  8
0
  6
ByLayer
 62
    3
370
   -1
100
AcDbLine
 10
55.49513052630812
 20
21.59514194269239
 11
55.58413052630905
 21
21.59514194269239
  0
LINE
  5
660
100
AcDbEntity
  8
0
  6
ByLayer
 62
    3
370
   -1
100
AcDbLine
 10
55.58413052630905
 20
21.60314194269244
 11
55.58413052630905
 21
21.59514194269239
  0
LINE
  5
661
100
AcDbEntity
  8
0
  6
ByLayer
 62
    3
370
   -1
100
AcDbLine
 10
55.58413052630905
 20
21.41114194269239
 11
55.58413052630905
 21
21.40314194269244
  0
LINE
  5
662
100
AcDbEntity
  8
0
  6
ByLayer
 62
    3
370
   -1
100
AcDbLine
 10
55.58413052630905
 20
21.40314194269244
 11
55.38413052630914
 21
21.40314194269244
  0
LINE
  5
663
100
AcDbEntity
  8
0
  6
ByLayer
 62
    3
370
   -1
100
AcDbLine
 10
55.58413052630905
 20
21.41114194269239
 11
55.49513052630812
 21
21.41114194269239
  0
LINE
  5
664
100
AcDbEntity
  8
0
  6
ByLayer
 62
    3
370
   -1
100
AcDbLine
 10
55.47313052630803
 20
21.41114194269239
 11
55.38413052630914
 21
21.41114194269239
  0
LINE
  5
665
100
AcDbEntity
  8
0
  6
ByLayer
 62
    3
370
   -1
100
AcDbLine
 10
55.38413052630914
 20
21.40314194269244
 11
55.38413052630914
 21
21.41114194269239
  0
LINE
  5
666
100
AcDbEntity
  8
0
  6
ByLayer
 62
    3
370
   -1
100
AcDbLine
 10
55.38413052630914
 20
21.59514194269239
 11
55.38413052630914
 21
21.60314194269244
  0
LINE
  5
667
100
AcDbEntity
  8
0
  6
ByLayer
 62
    3
370
   -1
100
AcDbLine
 10
55.47813052630806
 20
21.59014194269231
 11
55.47813052630806
 21
21.41614194269238
  0
LINE
  5
668
100
AcDbEntity
  8
0
  6
ByLayer
 62
    3
370
   -1
100
AcDbLine
 10
55.49013052630809
 20
21.59014194269231
 11
55.49013052630809
 21
21.41614194269238
  0
LINE
  5
669
100
AcDbEntity
  8
0
  6
ByLayer
 62
    3
370
   -1
100
AcDbLine
 10
51.38413052630912
 20
18.20314194269243
 11
51.58413052630811
 21
18.20314194269243
  0
LINE
  5
66A
100
AcDbEntity
  8
0
  6
ByLayer
 62
    3
370
   -1
100
AcDbLine
 10
51.38413052630912
 20
18.19514194269233
 11
51.47313052630801
 21
18.19514194269233
  0
LINE
  5
66B
100
AcDbEntity
  8
0
  6
ByLayer
 62
    3
370
   -1
100
AcDbLine
 10
51.49513052630811
 20
18.19514194269233
 11
51.58413052630811
 21
18.19514194269233
  0
LINE
  5
66C
100
AcDbEntity
  8
0
  6
ByLayer
 62
    3
370
   -1
100
AcDbLine
 10
51.58413052630811
 20
18.20314194269243
 11
51.58413052630811
 21
18.19514194269233
  0
LINE
  5
66D
100
AcDbEntity
  8
0
  6
ByLayer
 62
    3
370
   -1
100
AcDbLine
 10
51.58413052630811
 20
18.01114194269238
 11
51.58413052630811
 21
18.00314194269242
  0
LINE
  5
66E
100
AcDbEntity
  8
0
  6
ByLayer
 62
    3
370
   -1
100
AcDbLine
 10
51.58413052630811
 20
18.00314194269242
 11
51.38413052630912
 21
18.00314194269242
  0
LINE
  5
66F
100
AcDbEntity
  8
0
  6
ByLayer
 62
    3
370
   -1
100
AcDbLine
 10
51.58413052630811
 20
18.01114194269238
 11
51.49513052630811
 21
18.01114194269238
  0
LINE
  5
670
100
AcDbEntity
  8
0
  6
ByLayer
 62
    3
370
   -1
100
AcDbLine
 10
51.47313052630801
 20
18.01114194269238
 11
51.38413052630912
 21
18.01114194269238
  0
LINE
  5
671
100
AcDbEntity
  8
0
  6
ByLayer
 62
    3
370
   -1
100
AcDbLine
 10
51.38413052630912
 20
18.00314194269242
 11
51.38413052630912
 21
18.01114194269238
  0
LINE
  5
672
100
AcDbEntity
  8
0
  6
ByLayer
 62
    3
370
   -1
100
AcDbLine
 10
51.38413052630912
 20
18.19514194269233
 11
51.38413052630912
 21
18.20314194269243
  0
LINE
  5
673
100
AcDbEntity
  8
0
  6
ByLayer
 62
    3
370
   -1
100
AcDbLine
 10
51.47813052630805
 20
18.1901419426923
 11
51.47813052630805
 21
18.01614194269237
  0
LINE
  5
674
100
AcDbEntity
  8
0
  6
ByLayer
 62
    3
370
   -1
100
AcDbLine
 10
51.49013052630807
 20
18.1901419426923
 11
51.49013052630807
 21
18.01614194269237
  0
LINE
  5
675
100
AcDbEntity
  8
0
  6
ByLayer
 62
    3
370
   -1
100
AcDbLine
 10
53.38413052630913
 20
18.20314194269243
 11
53.58413052630812
 21
18.20314194269243
  0
LINE
  5
676
100
AcDbEntity
  8
0
  6
ByLayer
 62
    3
370
   -1
100
AcDbLine
 10
53.38413052630913
 20
18.19514194269233
 11
53.47313052630913
 21
18.19514194269233
  0
LINE
  5
677
100
AcDbEntity
  8
0
  6
ByLayer
 62
    3
370
   -1
100
AcDbLine
 10
53.49513052630812
 20
18.19514194269233
 11
53.58413052630812
 21
18.19514194269233
  0
LINE
  5
678
100
AcDbEntity
  8
0
  6
ByLayer
 62
    3
370
   -1
100
AcDbLine
 10
53.58413052630812
 20
18.20314194269243
 11
53.58413052630812
 21
18.19514194269233
  0
LINE
  5
679
100
AcDbEntity
  8
0
  6
ByLayer
 62
    3
370
   -1
100
AcDbLine
 10
53.58413052630812
 20
18.01114194269238
 11
53.58413052630812
 21
18.00314194269242
  0
LINE
  5
67A
100
AcDbEntity
  8
0
  6
ByLayer
 62
    3
370
   -1
100
AcDbLine
 10
53.58413052630812
 20
18.00314194269242
 11
53.38413052630913
 21
18.00314194269242
  0
LINE
  5
67B
100
AcDbEntity
  8
0
  6
ByLayer
 62
    3
370
   -1
100
AcDbLine
 10
53.58413052630812
 20
18.01114194269238
 11
53.49513052630812
 21
18.01114194269238
  0
LINE
  5
67C
100
AcDbEntity
  8
0
  6
ByLayer
 62
    3
370
   -1
100
AcDbLine
 10
53.47313052630913
 20
18.01114194269238
 11
53.38413052630913
 21
18.01114194269238
  0
LINE
  5
67D
100
AcDbEntity
  8
0
  6
ByLayer
 62
    3
370
   -1
100
AcDbLine
 10
53.38413052630913
 20
18.00314194269242
 11
53.38413052630913
 21
18.01114194269238
  0
LINE
  5
67E
100
AcDbEntity
  8
0
  6
ByLayer
 62
    3
370
   -1
100
AcDbLine
 10
53.38413052630913
 20
18.19514194269233
 11
53.38413052630913
 21
18.20314194269243
  0
LINE
  5
67F
100
AcDbEntity
  8
0
  6
ByLayer
 62
    3
370
   -1
100
AcDbLine
 10
53.47813052630898
 20
18.1901419426923
 11
53.47813052630806
 21
18.01614194269237
  0
LINE
  5
680
100
AcDbEntity
  8
0
  6
ByLayer
 62
    3
370
   -1
100
AcDbLine
 10
53.49013052630808
 20
18.1901419426923
 11
53.49013052630808
 21
18.01614194269237
  0
LINE
  5
681
100
AcDbEntity
  8
0
  6
ByLayer
 62
    3
370
   -1
100
AcDbLine
 10
55.38413052630914
 20
18.20314194269243
 11
55.58413052630905
 21
18.20314194269243
  0
LINE
  5
682
100
AcDbEntity
  8
0
  6
ByLayer
 62
    3
370
   -1
100
AcDbLine
 10
55.38413052630914
 20
18.19514194269233
 11
55.47313052630803
 21
18.19514194269233
  0
LINE
  5
683
100
AcDbEntity
  8
0
  6
ByLayer
 62
    3
370
   -1
100
AcDbLine
 10
55.49513052630812
 20
18.19514194269233
 11
55.58413052630905
 21
18.19514194269233
  0
LINE
  5
684
100
AcDbEntity
  8
0
  6
ByLayer
 62
    3
370
   -1
100
AcDbLine
 10
55.58413052630905
 20
18.20314194269243
 11
55.58413052630905
 21
18.19514194269233
  0
LINE
  5
685
100
AcDbEntity
  8
0
  6
ByLayer
 62
    3
370
   -1
100
AcDbLine
 10
55.58413052630905
 20
18.01114194269238
 11
55.58413052630905
 21
18.00314194269242
  0
LINE
  5
686
100
AcDbEntity
  8
0
  6
ByLayer
 62
    3
370
   -1
100
AcDbLine
 10
55.58413052630905
 20
18.00314194269242
 11
55.38413052630914
 21
18.00314194269242
  0
LINE
  5
687
100
AcDbEntity
  8
0
  6
ByLayer
 62
    3
370
   -1
100
AcDbLine
 10
55.58413052630905
 20
18.01114194269238
 11
55.49513052630812
 21
18.01114194269238
  0
LINE
  5
688
100
AcDbEntity
  8
0
  6
ByLayer
 62
    3
370
   -1
100
AcDbLine
 10
55.47313052630803
 20
18.01114194269238
 11
55.38413052630914
 21
18.01114194269238
  0
LINE
  5
689
100
AcDbEntity
  8
0
  6
ByLayer
 62
    3
370
   -1
100
AcDbLine
 10
55.38413052630914
 20
18.00314194269242
 11
55.38413052630914
 21
18.01114194269238
  0
LINE
  5
68A
100
AcDbEntity
  8
0
  6
ByLayer
 62
    3
370
   -1
100
AcDbLine
 10
55.38413052630914
 20
18.19514194269233
 11
55.38413052630914
 21
18.20314194269243
  0
LINE
  5
68B
100
AcDbEntity
  8
0
  6
ByLayer
 62
    3
370
   -1
100
AcDbLine
 10
55.47813052630806
 20
18.1901419426923
 11
55.47813052630806
 21
18.01614194269237
  0
LINE
  5
68C
100
AcDbEntity
  8
0
  6
ByLayer
 62
    3
370
   -1
100
AcDbLine
 10
55.49013052630809
 20
18.1901419426923
 11
55.49013052630809
 21
18.01614194269237
  0
LINE
  5
68D
100
AcDbEntity
  8
0
  6
ByLayer
 62
    7
370
   -1
100
AcDbLine
 10
51.58413052630811
 20
21.60314194269244
 11
51.58413052630811
 21
20.40314194269243
  0
LINE
  5
68E
100
AcDbEntity
  8
0
  6
ByLayer
 62
    7
370
   -1
100
AcDbLine
 10
55.38413052630914
 20
21.60314194269244
 11
55.38413052630914
 21
20.40314194269243
  0
LINE
  5
68F
100
AcDbEntity
  8
0
  6
ByLayer
 62
    7
370
   -1
100
AcDbLine
 10
55.38413052630914
 20
19.20314194269243
 11
55.38413052630914
 21
18.00314194269242
  0
LINE
  5
690
100
AcDbEntity
  8
0
  6
ByLayer
 62
    1
370
   -1
100
AcDbLine
 10
55.38413052630914
 20
20.40314194269243
 11
55.38413052630914
 21
19.20314194269243
  0
LINE
  5
691
100
AcDbEntity
  8
0
  6
ByLayer
 62
    7
370
   -1
100
AcDbLine
 10
51.58413052630811
 20
19.20314194269243
 11
51.58413052630811
 21
18.00314194269242
  0
LINE
  5
692
100
AcDbEntity
  8
0
  6
ByLayer
 62
    1
370
   -1
100
AcDbLine
 10
51.58413052630811
 20
20.40314194269243
 11
51.58413052630811
 21
19.20314194269243
  0
LINE
  5
693
100
AcDbEntity
  8
0
  6
ByLayer
 62
    6
370
   -1
100
AcDbLine
 10
47.48586428494216
 20
23.93310525172941
 11
47.48586428494216
 21
21.09310525172945
  0
LINE
  5
694
100
AcDbEntity
  8
0
  6
ByLayer
 62
    6
370
   -1
100
AcDbLine
 10
47.38586428494212
 20
23.93310525172941
 11
47.38586428494212
 21
21.09310525172945
  0
LINE
  5
695
100
AcDbEntity
  8
0
  6
ByLayer
 62
    6
370
   -1
100
AcDbLine
 10
47.48586428494216
 20
20.23310525172939
 11
49.48586428494217
 21
20.23310525172939
  0
LINE
  5
696
100
AcDbEntity
  8
0
  6
ByLayer
 62
    6
370
   -1
100
AcDbLine
 10
47.38586428494212
 20
20.13310525172939
 11
49.48586428494217
 21
20.13310525172939
  0
LINE
  5
697
100
AcDbEntity
  8
0
  6
ByLayer
 62
    3
370
   -1
100
AcDbLine
 10
51.38413052630912
 20
19.20314194269243
 11
51.58413052630811
 21
19.20314194269243
  0
LINE
  5
698
100
AcDbEntity
  8
0
  6
ByLayer
 62
    3
370
   -1
100
AcDbLine
 10
51.38413052630912
 20
19.19514194269238
 11
51.47313052630801
 21
19.19514194269238
  0
LINE
  5
699
100
AcDbEntity
  8
0
  6
ByLayer
 62
    3
370
   -1
100
AcDbLine
 10
51.49513052630811
 20
19.19514194269238
 11
51.58413052630811
 21
19.19514194269238
  0
LINE
  5
69A
100
AcDbEntity
  8
0
  6
ByLayer
 62
    3
370
   -1
100
AcDbLine
 10
51.58413052630811
 20
19.20314194269243
 11
51.58413052630811
 21
19.19514194269238
  0
LINE
  5
69B
100
AcDbEntity
  8
0
  6
ByLayer
 62
    3
370
   -1
100
AcDbLine
 10
51.58413052630811
 20
19.01114194269238
 11
51.58413052630811
 21
19.00314194269243
  0
LINE
  5
69C
100
AcDbEntity
  8
0
  6
ByLayer
 62
    3
370
   -1
100
AcDbLine
 10
51.58413052630811
 20
19.00314194269243
 11
51.38413052630912
 21
19.00314194269243
  0
LINE
  5
69D
100
AcDbEntity
  8
0
  6
ByLayer
 62
    3
370
   -1
100
AcDbLine
 10
51.58413052630811
 20
19.01114194269238
 11
51.49513052630811
 21
19.01114194269238
  0
LINE
  5
69E
100
AcDbEntity
  8
0
  6
ByLayer
 62
    3
370
   -1
100
AcDbLine
 10
51.47313052630801
 20
19.01114194269238
 11
51.38413052630912
 21
19.01114194269238
  0
LINE
  5
69F
100
AcDbEntity
  8
0
  6
ByLayer
 62
    3
370
   -1
100
AcDbLine
 10
51.38413052630912
 20
19.00314194269243
 11
51.38413052630912
 21
19.01114194269238
  0
LINE
  5
6A0
100
AcDbEntity
  8
0
  6
ByLayer
 62
    3
370
   -1
100
AcDbLine
 10
51.38413052630912
 20
19.19514194269238
 11
51.38413052630912
 21
19.20314194269243
  0
LINE
  5
6A1
100
AcDbEntity
  8
0
  6
ByLayer
 62
    3
370
   -1
100
AcDbLine
 10
51.47813052630805
 20
19.1901419426923
 11
51.47813052630805
 21
19.01614194269237
  0
LINE
  5
6A2
100
AcDbEntity
  8
0
  6
ByLayer
 62
    3
370
   -1
100
AcDbLine
 10
51.49013052630807
 20
19.1901419426923
 11
51.49013052630807
 21
19.01614194269237
  0
LINE
  5
6A3
100
AcDbEntity
  8
0
  6
ByLayer
 62
    3
370
   -1
100
AcDbLine
 10
53.38413052630913
 20
19.20314194269243
 11
53.58413052630812
 21
19.20314194269243
  0
LINE
  5
6A4
100
AcDbEntity
  8
0
  6
ByLayer
 62
    3
370
   -1
100
AcDbLine
 10
53.38413052630913
 20
19.19514194269238
 11
53.47313052630913
 21
19.19514194269238
  0
LINE
  5
6A5
100
AcDbEntity
  8
0
  6
ByLayer
 62
    3
370
   -1
100
AcDbLine
 10
53.49513052630812
 20
19.19514194269238
 11
53.58413052630812
 21
19.19514194269238
  0
LINE
  5
6A6
100
AcDbEntity
  8
0
  6
ByLayer
 62
    3
370
   -1
100
AcDbLine
 10
53.58413052630812
 20
19.20314194269243
 11
53.58413052630812
 21
19.19514194269238
  0
LINE
  5
6A7
100
AcDbEntity
  8
0
  6
ByLayer
 62
    3
370
   -1
100
AcDbLine
 10
53.58413052630812
 20
19.01114194269238
 11
53.58413052630812
 21
19.00314194269243
  0
LINE
  5
6A8
100
AcDbEntity
  8
0
  6
ByLayer
 62
    3
370
   -1
100
AcDbLine
 10
53.58413052630812
 20
19.00314194269243
 11
53.38413052630913
 21
19.00314194269243
  0
LINE
  5
6A9
100
AcDbEntity
  8
0
  6
ByLayer
 62
    3
370
   -1
100
AcDbLine
 10
53.58413052630812
 20
19.01114194269238
 11
53.49513052630812
 21
19.01114194269238
  0
LINE
  5
6AA
100
AcDbEntity
  8
0
  6
ByLayer
 62
    3
370
   -1
100
AcDbLine
 10
53.47313052630913
 20
19.01114194269238
 11
53.38413052630913
 21
19.01114194269238
  0
LINE
  5
6AB
100
AcDbEntity
  8
0
  6
ByLayer
 62
    3
370
   -1
100
AcDbLine
 10
53.38413052630913
 20
19.00314194269243
 11
53.38413052630913
 21
19.01114194269238
  0
LINE
  5
6AC
100
AcDbEntity
  8
0
  6
ByLayer
 62
    3
370
   -1
100
AcDbLine
 10
53.38413052630913
 20
19.19514194269238
 11
53.38413052630913
 21
19.20314194269243
  0
LINE
  5
6AD
100
AcDbEntity
  8
0
  6
ByLayer
 62
    3
370
   -1
100
AcDbLine
 10
53.47813052630898
 20
19.1901419426923
 11
53.47813052630806
 21
19.01614194269237
  0
LINE
  5
6AE
100
AcDbEntity
  8
0
  6
ByLayer
 62
    3
370
   -1
100
AcDbLine
 10
53.49013052630808
 20
19.1901419426923
 11
53.49013052630808
 21
19.01614194269237
  0
LINE
  5
6AF
100
AcDbEntity
  8
0
  6
ByLayer
 62
    3
370
   -1
100
AcDbLine
 10
55.38413052630914
 20
19.20314194269243
 11
55.58413052630905
 21
19.20314194269243
  0
LINE
  5
6B0
100
AcDbEntity
  8
0
  6
ByLayer
 62
    3
370
   -1
100
AcDbLine
 10
55.38413052630914
 20
19.19514194269238
 11
55.47313052630803
 21
19.19514194269238
  0
LINE
  5
6B1
100
AcDbEntity
  8
0
  6
ByLayer
 62
    3
370
   -1
100
AcDbLine
 10
55.49513052630812
 20
19.19514194269238
 11
55.58413052630905
 21
19.19514194269238
  0
LINE
  5
6B2
100
AcDbEntity
  8
0
  6
ByLayer
 62
    3
370
   -1
100
AcDbLine
 10
55.58413052630905
 20
19.20314194269243
 11
55.58413052630905
 21
19.19514194269238
  0
LINE
  5
6B3
100
AcDbEntity
  8
0
  6
ByLayer
 62
    3
370
   -1
100
AcDbLine
 10
55.58413052630905
 20
19.01114194269238
 11
55.58413052630905
 21
19.00314194269243
  0
LINE
  5
6B4
100
AcDbEntity
  8
0
  6
ByLayer
 62
    3
370
   -1
100
AcDbLine
 10
55.58413052630905
 20
19.00314194269243
 11
55.38413052630914
 21
19.00314194269243
  0
LINE
  5
6B5
100
AcDbEntity
  8
0
  6
ByLayer
 62
    3
370
   -1
100
AcDbLine
 10
55.58413052630905
 20
19.01114194269238
 11
55.49513052630812
 21
19.01114194269238
  0
LINE
  5
6B6
100
AcDbEntity
  8
0
  6
ByLayer
 62
    3
370
   -1
100
AcDbLine
 10
55.47313052630803
 20
19.01114194269238
 11
55.38413052630914
 21
19.01114194269238
  0
LINE
  5
6B7
100
AcDbEntity
  8
0
  6
ByLayer
 62
    3
370
   -1
100
AcDbLine
 10
55.38413052630914
 20
19.00314194269243
 11
55.38413052630914
 21
19.01114194269238
  0
LINE
  5
6B8
100
AcDbEntity
  8
0
  6
ByLayer
 62
    3
370
   -1
100
AcDbLine
 10
55.38413052630914
 20
19.19514194269238
 11
55.38413052630914
 21
19.20314194269243
  0
LINE
  5
6B9
100
AcDbEntity
  8
0
  6
ByLayer
 62
    3
370
   -1
100
AcDbLine
 10
55.47813052630806
 20
19.1901419426923
 11
55.47813052630806
 21
19.01614194269237
  0
LINE
  5
6BA
100
AcDbEntity
  8
0
  6
ByLayer
 62
    3
370
   -1
100
AcDbLine
 10
55.49013052630809
 20
19.1901419426923
 11
55.49013052630809
 21
19.01614194269237
  0
LINE
  5
6BB
100
AcDbEntity
  8
0
  6
ByLayer
 62
    3
370
   -1
100
AcDbLine
 10
51.38413052630912
 20
20.60314194269244
 11
51.58413052630811
 21
20.60314194269244
  0
LINE
  5
6BC
100
AcDbEntity
  8
0
  6
ByLayer
 62
    3
370
   -1
100
AcDbLine
 10
51.38413052630912
 20
20.5951419426923
 11
51.47313052630801
 21
20.5951419426923
  0
LINE
  5
6BD
100
AcDbEntity
  8
0
  6
ByLayer
 62
    3
370
   -1
100
AcDbLine
 10
51.49513052630811
 20
20.5951419426923
 11
51.58413052630811
 21
20.5951419426923
  0
LINE
  5
6BE
100
AcDbEntity
  8
0
  6
ByLayer
 62
    3
370
   -1
100
AcDbLine
 10
51.58413052630811
 20
20.60314194269244
 11
51.58413052630811
 21
20.5951419426923
  0
LINE
  5
6BF
100
AcDbEntity
  8
0
  6
ByLayer
 62
    3
370
   -1
100
AcDbLine
 10
51.58413052630811
 20
20.41114194269239
 11
51.58413052630811
 21
20.40314194269243
  0
LINE
  5
6C0
100
AcDbEntity
  8
0
  6
ByLayer
 62
    3
370
   -1
100
AcDbLine
 10
51.58413052630811
 20
20.40314194269243
 11
51.38413052630912
 21
20.40314194269243
  0
LINE
  5
6C1
100
AcDbEntity
  8
0
  6
ByLayer
 62
    3
370
   -1
100
AcDbLine
 10
51.58413052630811
 20
20.41114194269239
 11
51.49513052630811
 21
20.41114194269239
  0
LINE
  5
6C2
100
AcDbEntity
  8
0
  6
ByLayer
 62
    3
370
   -1
100
AcDbLine
 10
51.47313052630801
 20
20.41114194269239
 11
51.38413052630912
 21
20.41114194269239
  0
LINE
  5
6C3
100
AcDbEntity
  8
0
  6
ByLayer
 62
    3
370
   -1
100
AcDbLine
 10
51.38413052630912
 20
20.40314194269243
 11
51.38413052630912
 21
20.41114194269239
  0
LINE
  5
6C4
100
AcDbEntity
  8
0
  6
ByLayer
 62
    3
370
   -1
100
AcDbLine
 10
51.38413052630912
 20
20.5951419426923
 11
51.38413052630912
 21
20.60314194269244
  0
LINE
  5
6C5
100
AcDbEntity
  8
0
  6
ByLayer
 62
    3
370
   -1
100
AcDbLine
 10
51.47813052630805
 20
20.5901419426924
 11
51.47813052630805
 21
20.41614194269238
  0
LINE
  5
6C6
100
AcDbEntity
  8
0
  6
ByLayer
 62
    3
370
   -1
100
AcDbLine
 10
51.49013052630807
 20
20.5901419426924
 11
51.49013052630807
 21
20.41614194269238
  0
LINE
  5
6C7
100
AcDbEntity
  8
0
  6
ByLayer
 62
    3
370
   -1
100
AcDbLine
 10
53.38413052630913
 20
20.60314194269244
 11
53.58413052630812
 21
20.60314194269244
  0
LINE
  5
6C8
100
AcDbEntity
  8
0
  6
ByLayer
 62
    3
370
   -1
100
AcDbLine
 10
53.38413052630913
 20
20.5951419426923
 11
53.47313052630913
 21
20.5951419426923
  0
LINE
  5
6C9
100
AcDbEntity
  8
0
  6
ByLayer
 62
    3
370
   -1
100
AcDbLine
 10
53.49513052630812
 20
20.5951419426923
 11
53.58413052630812
 21
20.5951419426923
  0
LINE
  5
6CA
100
AcDbEntity
  8
0
  6
ByLayer
 62
    3
370
   -1
100
AcDbLine
 10
53.58413052630812
 20
20.60314194269244
 11
53.58413052630812
 21
20.5951419426923
  0
LINE
  5
6CB
100
AcDbEntity
  8
0
  6
ByLayer
 62
    3
370
   -1
100
AcDbLine
 10
53.58413052630812
 20
20.41114194269239
 11
53.58413052630812
 21
20.40314194269243
  0
LINE
  5
6CC
100
AcDbEntity
  8
0
  6
ByLayer
 62
    3
370
   -1
100
AcDbLine
 10
53.58413052630812
 20
20.40314194269243
 11
53.38413052630913
 21
20.40314194269243
  0
LINE
  5
6CD
100
AcDbEntity
  8
0
  6
ByLayer
 62
    3
370
   -1
100
AcDbLine
 10
53.58413052630812
 20
20.41114194269239
 11
53.49513052630812
 21
20.41114194269239
  0
LINE
  5
6CE
100
AcDbEntity
  8
0
  6
ByLayer
 62
    3
370
   -1
100
AcDbLine
 10
53.47313052630913
 20
20.41114194269239
 11
53.38413052630913
 21
20.41114194269239
  0
LINE
  5
6CF
100
AcDbEntity
  8
0
  6
ByLayer
 62
    3
370
   -1
100
AcDbLine
 10
53.38413052630913
 20
20.40314194269243
 11
53.38413052630913
 21
20.41114194269239
  0
LINE
  5
6D0
100
AcDbEntity
  8
0
  6
ByLayer
 62
    3
370
   -1
100
AcDbLine
 10
53.38413052630913
 20
20.5951419426923
 11
53.38413052630913
 21
20.60314194269244
  0
LINE
  5
6D1
100
AcDbEntity
  8
0
  6
ByLayer
 62
    3
370
   -1
100
AcDbLine
 10
53.47813052630898
 20
20.5901419426924
 11
53.47813052630806
 21
20.41614194269238
  0
LINE
  5
6D2
100
AcDbEntity
  8
0
  6
ByLayer
 62
    3
370
   -1
100
AcDbLine
 10
53.49013052630808
 20
20.5901419426924
 11
53.49013052630808
 21
20.41614194269238
  0
LINE
  5
6D3
100
AcDbEntity
  8
0
  6
ByLayer
 62
    3
370
   -1
100
AcDbLine
 10
55.38413052630914
 20
20.60314194269244
 11
55.58413052630905
 21
20.60314194269244
  0
LINE
  5
6D4
100
AcDbEntity
  8
0
  6
ByLayer
 62
    3
370
   -1
100
AcDbLine
 10
55.38413052630914
 20
20.5951419426923
 11
55.47313052630803
 21
20.5951419426923
  0
LINE
  5
6D5
100
AcDbEntity
  8
0
  6
ByLayer
 62
    3
370
   -1
100
AcDbLine
 10
55.49513052630812
 20
20.5951419426923
 11
55.58413052630905
 21
20.5951419426923
  0
LINE
  5
6D6
100
AcDbEntity
  8
0
  6
ByLayer
 62
    3
370
   -1
100
AcDbLine
 10
55.58413052630905
 20
20.60314194269244
 11
55.58413052630905
 21
20.5951419426923
  0
LINE
  5
6D7
100
AcDbEntity
  8
0
  6
ByLayer
 62
    3
370
   -1
100
AcDbLine
 10
55.58413052630905
 20
20.41114194269239
 11
55.58413052630905
 21
20.40314194269243
  0
LINE
  5
6D8
100
AcDbEntity
  8
0
  6
ByLayer
 62
    3
370
   -1
100
AcDbLine
 10
55.58413052630905
 20
20.40314194269243
 11
55.38413052630914
 21
20.40314194269243
  0
LINE
  5
6D9
100
AcDbEntity
  8
0
  6
ByLayer
 62
    3
370
   -1
100
AcDbLine
 10
55.58413052630905
 20
20.41114194269239
 11
55.49513052630812
 21
20.41114194269239
  0
LINE
  5
6DA
100
AcDbEntity
  8
0
  6
ByLayer
 62
    3
370
   -1
100
AcDbLine
 10
55.47313052630803
 20
20.41114194269239
 11
55.38413052630914
 21
20.41114194269239
  0
LINE
  5
6DB
100
AcDbEntity
  8
0
  6
ByLayer
 62
    3
370
   -1
100
AcDbLine
 10
55.38413052630914
 20
20.40314194269243
 11
55.38413052630914
 21
20.41114194269239
  0
LINE
  5
6DC
100
AcDbEntity
  8
0
  6
ByLayer
 62
    3
370
   -1
100
AcDbLine
 10
55.38413052630914
 20
20.5951419426923
 11
55.38413052630914
 21
20.60314194269244
  0
LINE
  5
6DD
100
AcDbEntity
  8
0
  6
ByLayer
 62
    3
370
   -1
100
AcDbLine
 10
55.47813052630806
 20
20.5901419426924
 11
55.47813052630806
 21
20.41614194269238
  0
LINE
  5
6DE
100
AcDbEntity
  8
0
  6
ByLayer
 62
    3
370
   -1
100
AcDbLine
 10
55.49013052630809
 20
20.5901419426924
 11
55.49013052630809
 21
20.41614194269238
  0
LINE
  5
6DF
100
AcDbEntity
  8
0
  6
ByLayer
 62
    7
370
   -1
100
AcDbLine
 10
53.58413052630812
 20
21.60314194269244
 11
53.58413052630812
 21
18.00314194269242
  0
LINE
  5
6E0
100
AcDbEntity
  8
0
  6
ByLayer
 62
    6
370
   -1
100
AcDbLine
 10
58.78821343992409
 20
18.0806419426922
 11
58.78821343992409
 21
15.88064194269219
  0
LINE
  5
6E1
100
AcDbEntity
  8
0
  6
ByLayer
 62
    6
370
   -1
100
AcDbLine
 10
58.88821343992414
 20
18.08064194269206
 11
60.74821343992416
 21
18.0806419426922
  0
LINE
  5
6E2
100
AcDbEntity
  8
0
  6
ByLayer
 62
    6
370
   -1
100
AcDbLine
 10
58.88821343992414
 20
17.99064194269205
 11
60.74821343992416
 21
17.99064194269219
  0
LINE
  5
6E3
100
AcDbEntity
  8
0
  6
ByLayer
 62
    7
370
   -1
100
AcDbLine
 10
60.84821343992402
 20
19.43064194269241
 11
60.74821343992416
 21
19.43064194269218
  0
LINE
  5
6E4
100
AcDbEntity
  8
0
  6
ByLayer
 62
    7
370
   -1
100
AcDbLine
 10
60.84821343992402
 20
19.43064194269241
 11
61.74821343992406
 21
19.43064194269241
  0
LINE
  5
6E5
100
AcDbEntity
  8
0
  6
ByLayer
 62
    7
370
   -1
100
AcDbLine
 10
60.74821343992416
 20
19.43064194269218
 11
60.74821343992416
 21
18.0806419426922
  0
LINE
  5
6E6
100
AcDbEntity
  8
0
  6
ByLayer
 62
    7
370
   -1
100
AcDbLine
 10
58.93897044042905
 20
17.33524427160101
 11
59.53897044042915
 21
17.33524427160101
  0
LINE
  5
6E7
100
AcDbEntity
  8
0
  6
ByLayer
 62
    7
370
   -1
100
AcDbLine
 10
59.53897044042915
 20
17.33524427160101
 11
59.53897044042915
 21
17.05524427160098
  0
LINE
  5
6E8
100
AcDbEntity
  8
0
  6
ByLayer
 62
    7
370
   -1
100
AcDbLine
 10
59.53897044042915
 20
17.33524427160101
 11
60.13897044043016
 21
17.33524427160101
  0
LINE
  5
6E9
100
AcDbEntity
  8
0
  6
ByLayer
 62
    7
370
   -1
100
AcDbLine
 10
60.13897044043016
 20
17.33524427160101
 11
60.13897044042906
 21
17.05524427160098
  0
LINE
  5
6EA
100
AcDbEntity
  8
0
  6
ByLayer
 62
    7
370
   -1
100
AcDbLine
 10
58.93897044042905
 20
17.33524427160101
 11
58.93897044042905
 21
17.05524427160098
  0
LINE
  5
6EB
100
AcDbEntity
  8
0
  6
ByLayer
 62
    7
370
   -1
100
AcDbLine
 10
58.93897044042905
 20
17.05524427160098
 11
60.13897044042906
 21
17.05524427160098
  0
LINE
  5
6EC
100
AcDbEntity
  8
0
  6
ByLayer
 62
    7
370
   -1
100
AcDbLine
 10
60.13897044043016
 20
17.75655843663426
 11
60.13897044043016
 21
16.45524427160098
  0
LINE
  5
6ED
100
AcDbEntity
  8
0
  6
ByLayer
 62
    7
370
   -1
100
AcDbLine
 10
59.36821343992403
 20
15.98064194269219
 11
59.36821343992403
 21
15.08064194269219
  0
LINE
  5
6EE
100
AcDbEntity
  8
0
  6
ByLayer
 62
    7
370
   -1
100
AcDbLine
 10
60.13897044043016
 20
16.45524427160098
 11
58.93897044042905
 21
16.45524427160084
  0
LINE
  5
6EF
100
AcDbEntity
  8
0
  6
ByLayer
 62
    7
370
   -1
100
AcDbLine
 10
58.93897044042905
 20
17.05524427160098
 11
58.93897044042905
 21
16.45524427160084
  0
LINE
  5
6F0
100
AcDbEntity
  8
0
  6
ByLayer
 62
    7
370
   -1
100
AcDbLine
 10
58.93897044042905
 20
17.33524427160101
 11
58.93897044042905
 21
17.75655843663426
  0
LINE
  5
6F1
100
AcDbEntity
  8
0
  6
ByLayer
 62
    7
370
   -1
100
AcDbLine
 10
59.08845005390809
 20
16.8120001150078
 11
60.00473176763222
 21
16.8120001150078
  0
LINE
  5
6F2
100
AcDbEntity
  8
0
  6
ByLayer
 62
    7
370
   -1
100
AcDbLine
 10
60.00473176763222
 20
16.8120001150078
 11
60.00473176763222
 21
16.50826761314649
  0
LINE
  5
6F3
100
AcDbEntity
  8
0
  6
ByLayer
 62
    7
370
   -1
100
AcDbLine
 10
60.00473176763222
 20
16.50826761314649
 11
59.08845005390809
 21
16.50826761314649
  0
LINE
  5
6F4
100
AcDbEntity
  8
0
  6
ByLayer
 62
    7
370
   -1
100
AcDbLine
 10
59.08845005390809
 20
16.50826761314649
 11
59.08845005390809
 21
16.8120001150078
  0
LINE
  5
6F5
100
AcDbEntity
  8
0
  6
ByLayer
 62
    7
370
   -1
100
AcDbLine
 10
58.93897044042905
 20
17.75655843663426
 11
60.13897044043016
 21
17.75655843663426
  0
LINE
  5
6F6
100
AcDbEntity
  8
0
  6
ByLayer
 62
    7
370
   -1
100
AcDbLine
 10
60.13897044043016
 20
16.45524427160098
 11
60.13897044043016
 21
17.93524427160101
  0
LINE
  5
6F7
100
AcDbEntity
  8
0
  6
ByLayer
 62
    7
370
   -1
100
AcDbLine
 10
60.13897044043016
 20
17.93524427160101
 11
58.93897044042905
 21
17.93524427160101
  0
LINE
  5
6F8
100
AcDbEntity
  8
0
  6
ByLayer
 62
    7
370
   -1
100
AcDbLine
 10
58.93897044042905
 20
17.75655843663426
 11
58.93897044042905
 21
17.93524427160101
  0
LINE
  5
6F9
100
AcDbEntity
  8
0
  6
ByLayer
 62
    7
370
   -1
100
AcDbLine
 10
60.13897044042906
 20
17.05524427160098
 11
60.13897044043016
 21
16.59524427160102
  0
LINE
  5
6FA
100
AcDbEntity
  8
0
  6
ByLayer
 62
    7
370
   -1
100
AcDbLine
 10
62.89846085164211
 20
20.9256419426922
 11
65.33846085164207
 21
20.9256419426922
  0
LINE
  5
6FB
100
AcDbEntity
  8
0
  6
ByLayer
 62
    7
370
   -1
100
AcDbLine
 10
65.33846085164207
 20
20.9256419426922
 11
65.33846085164207
 21
14.82564194269222
  0
LINE
  5
6FC
100
AcDbEntity
  8
0
  6
ByLayer
 62
    7
370
   -1
100
AcDbLine
 10
65.33846085164207
 20
14.82564194269222
 11
62.89846085164211
 21
14.82564194269222
  0
LINE
  5
6FD
100
AcDbEntity
  8
0
  6
ByLayer
 62
    7
370
   -1
100
AcDbLine
 10
62.89846085164211
 20
14.82564194269222
 11
62.89846085164211
 21
20.9256419426922
  0
LINE
  5
6FE
100
AcDbEntity
  8
0
  6
ByLayer
 62
    7
370
   -1
100
AcDbLine
 10
64.1184608516421
 20
14.82564194269222
 11
65.33846085164207
 21
14.82564194269222
  0
LINE
  5
6FF
100
AcDbEntity
  8
0
  6
ByLayer
 62
   32
370
   -1
100
AcDbLine
 10
63.76775177532823
 20
19.49832440025081
 11
65.28253162955023
 21
19.49832440025081
  0
LINE
  5
700
100
AcDbEntity
  8
0
  6
ByLayer
 62
   32
370
   -1
100
AcDbLine
 10
65.28253162955023
 20
19.49832440025081
 11
65.28253162955023
 21
18.74093447313966
  0
LINE
  5
701
100
AcDbEntity
  8
0
  6
ByLayer
 62
   32
370
   -1
100
AcDbLine
 10
65.28253162955023
 20
18.74093447313966
 11
63.76775177532823
 21
18.74093447313966
  0
LINE
  5
702
100
AcDbEntity
  8
0
  6
ByLayer
 62
   32
370
   -1
100
AcDbLine
 10
63.76775177532823
 20
18.74093447313966
 11
63.76775177532823
 21
19.49832440025081
  0
LINE
  5
703
100
AcDbEntity
  8
0
  6
ByLayer
 62
   32
370
   -1
100
AcDbLine
 10
65.28253162955023
 20
18.74093447313966
 11
65.28253162955023
 21
17.98354454602861
  0
LINE
  5
704
100
AcDbEntity
  8
0
  6
ByLayer
 62
   32
370
   -1
100
AcDbLine
 10
65.28253162955023
 20
17.98354454602861
 11
63.76775177532823
 21
17.98354454602861
  0
LINE
  5
705
100
AcDbEntity
  8
0
  6
ByLayer
 62
   32
370
   -1
100
AcDbLine
 10
63.76775177532823
 20
17.98354454602861
 11
63.76775177532823
 21
18.74093447313966
  0
LINE
  5
706
100
AcDbEntity
  8
0
  6
ByLayer
 62
   32
370
   -1
100
AcDbLine
 10
65.28253162955023
 20
17.98354454602861
 11
65.28253162955023
 21
17.22615461891737
  0
LINE
  5
707
100
AcDbEntity
  8
0
  6
ByLayer
 62
   32
370
   -1
100
AcDbLine
 10
65.28253162955023
 20
17.22615461891737
 11
63.76775177532823
 21
17.22615461891737
  0
LINE
  5
708
100
AcDbEntity
  8
0
  6
ByLayer
 62
   32
370
   -1
100
AcDbLine
 10
63.76775177532823
 20
17.22615461891737
 11
63.76775177532823
 21
17.98354454602861
  0
LINE
  5
709
100
AcDbEntity
  8
0
  6
ByLayer
 62
   32
370
   -1
100
AcDbLine
 10
65.28253162955023
 20
17.22615461891737
 11
65.28253162955023
 21
16.46876469180637
  0
LINE
  5
70A
100
AcDbEntity
  8
0
  6
ByLayer
 62
   32
370
   -1
100
AcDbLine
 10
65.28253162955023
 20
16.46876469180637
 11
63.76775177532823
 21
16.46876469180637
  0
LINE
  5
70B
100
AcDbEntity
  8
0
  6
ByLayer
 62
   32
370
   -1
100
AcDbLine
 10
63.76775177532823
 20
16.46876469180637
 11
63.76775177532823
 21
17.22615461891737
  0
LINE
  5
70C
100
AcDbEntity
  8
0
  6
ByLayer
 62
   32
370
   -1
100
AcDbLine
 10
65.28253162955023
 20
16.46876469180637
 11
65.28253162955023
 21
15.71137476469509
  0
LINE
  5
70D
100
AcDbEntity
  8
0
  6
ByLayer
 62
   32
370
   -1
100
AcDbLine
 10
65.28253162955023
 20
15.71137476469509
 11
63.76775177532823
 21
15.71137476469509
  0
LINE
  5
70E
100
AcDbEntity
  8
0
  6
ByLayer
 62
   32
370
   -1
100
AcDbLine
 10
63.76775177532823
 20
15.71137476469509
 11
63.76775177532823
 21
16.46876469180637
  0
LINE
  5
70F
100
AcDbEntity
  8
0
  6
ByLayer
 62
    6
370
   -1
100
AcDbLine
 10
63.71016920005312
 20
15.49571881901438
 11
63.71030247019096
 21
15.49571881901438
  0
LINE
  5
710
100
AcDbEntity
  8
0
  6
ByLayer
 62
    7
370
   -1
100
AcDbLine
 10
62.97196127073522
 20
14.82564194269222
 11
65.33846085164207
 21
14.82564194269222
  0
LINE
  5
711
100
AcDbEntity
  8
0
  6
ByLayer
 62
    7
370
   -1
100
AcDbLine
 10
62.89846085164211
 20
14.82564194269222
 11
62.97196127073522
 21
14.82564194269222
  0
LINE
  5
712
100
AcDbEntity
  8
0
  6
ByLayer
 62
    1
370
   -1
100
AcDbLine
 10
64.07570029282914
 20
15.35602245630803
 11
63.32835196373694
 21
15.35602245630803
  0
LINE
  5
713
100
AcDbEntity
  8
0
  6
ByLayer
 62
    7
370
   -1
100
AcDbLine
 10
63.76775177532823
 20
18.75857250172144
 11
62.98294197515511
 21
18.75857250172144
  0
LINE
  5
714
100
AcDbEntity
  8
0
  6
ByLayer
 62
    7
370
   -1
100
AcDbLine
 10
62.98294197515511
 20
18.75857250172144
 11
62.98294197515511
 21
16.11174485204943
  0
LINE
  5
715
100
AcDbEntity
  8
0
  6
ByLayer
 62
    7
370
   -1
100
AcDbLine
 10
62.98294197515511
 20
16.11174485204943
 11
63.76775177532823
 21
16.11174485204943
  0
LINE
  5
716
100
AcDbEntity
  8
0
  6
ByLayer
 62
    1
370
   -1
100
AcDbLine
 10
63.76775177532823
 20
16.09006972825054
 11
63.30507246250519
 21
16.09006972825054
  0
LINE
  5
717
100
AcDbEntity
  8
0
  6
ByLayer
 62
    1
370
   -1
100
AcDbLine
 10
63.76775177532823
 20
16.84745965536187
 11
63.28516927032223
 21
16.84745965536187
  0
LINE
  5
718
100
AcDbEntity
  8
0
  6
ByLayer
 62
    1
370
   -1
100
AcDbLine
 10
63.32835196373694
 20
19.12223835997149
 11
63.76775177532823
 21
19.12223835997149
  0
LINE
  5
719
100
AcDbEntity
  8
0
  6
ByLayer
 62
    7
370
   -1
100
AcDbLine
 10
63.76775177532823
 20
16.11174485204943
 11
63.76775177532823
 21
18.75857250172144
  0
LINE
  5
71A
100
AcDbEntity
  8
0
  6
ByLayer
 62
    1
370
   -1
100
AcDbLine
 10
63.32835196373694
 20
19.12223835997149
 11
63.32835196373694
 21
15.35602245630803
  0
LINE
  5
71B
100
AcDbEntity
  8
0
  6
ByLayer
 62
    1
370
   -1
100
AcDbLine
 10
63.76775177532823
 20
17.60484958247302
 11
63.28516927032223
 21
17.60484958247302
  0
LINE
  5
71C
100
AcDbEntity
  8
0
  6
ByLayer
 62
    1
370
   -1
100
AcDbLine
 10
63.76775177532823
 20
18.36223950958421
 11
63.28516927032223
 21
18.36223950958421
  0
LINE
  5
71D
100
AcDbEntity
  8
0
  6
ByLayer
 62
    6
370
   -1
100
AcDbLine
 10
65.28253162955023
 20
15.58181807088807
 11
65.28253162955023
 21
19.49832440025081
  0
LINE
  5
71E
100
AcDbEntity
  8
0
  6
ByLayer
 62
    6
370
   -1
100
AcDbLine
 10
65.28253162955023
 20
19.49832440025081
 11
62.97893951367819
 21
19.49832440025081
  0
LINE
  5
71F
100
AcDbEntity
  8
0
  6
ByLayer
 62
    6
370
   -1
100
AcDbLine
 10
62.97196127073522
 20
14.82564194269222
 11
62.97893951367819
 21
20.85905335416759
  0
LINE
  5
720
100
AcDbEntity
  8
0
  6
ByLayer
 62
    6
370
   -1
100
AcDbLine
 10
65.28253162955023
 20
20.85905335416759
 11
65.28253162955023
 21
14.89682358126744
  0
LINE
  5
721
100
AcDbEntity
  8
0
  6
ByLayer
 62
    6
370
   -1
100
AcDbLine
 10
65.28253162955023
 20
14.89682358126744
 11
64.11956969976821
 21
14.89682358126744
  0
LINE
  5
722
100
AcDbEntity
  8
0
  6
ByLayer
 62
    6
370
   -1
100
AcDbLine
 10
64.11956969976821
 20
14.89682358126744
 11
64.1184608516421
 21
14.82564194269222
  0
LINE
  5
723
100
AcDbEntity
  8
0
  6
ByLayer
 62
    7
370
   -1
100
AcDbLine
 10
64.36485000573109
 20
20.82068670699084
 11
67.39779071467214
 21
20.82068670699098
  0
LINE
  5
724
100
AcDbEntity
  8
0
  6
ByLayer
 62
    7
370
   -1
100
AcDbLine
 10
74.54549259521518
 20
12.06341847264734
 11
76.93335165490919
 21
12.06341847264734
  0
LINE
  5
725
100
AcDbEntity
  8
0
  6
ByLayer
 62
    7
370
   -1
100
AcDbLine
 10
76.93335165490919
 20
12.06341847264734
 11
76.93335165490919
 21
9.743758454476517
  0
LINE
  5
726
100
AcDbEntity
  8
0
  6
ByLayer
 62
    7
370
   -1
100
AcDbLine
 10
76.93335165490919
 20
9.743758454476517
 11
74.54549259521518
 21
9.743758454476517
  0
LINE
  5
727
100
AcDbEntity
  8
0
  6
ByLayer
 62
    7
370
   -1
100
AcDbLine
 10
74.54549259521518
 20
9.743758454476517
 11
74.54549259521518
 21
12.06341847264734
  0
LINE
  5
728
100
AcDbEntity
  8
0
  6
ByLayer
 62
    7
370
   -1
100
AcDbLine
 10
74.46027938189512
 20
18.25478657805304
 11
76.84813844158911
 21
18.25478657805304
  0
LINE
  5
729
100
AcDbEntity
  8
0
  6
ByLayer
 62
    7
370
   -1
100
AcDbLine
 10
76.84813844158911
 20
18.25478657805304
 11
76.84813844158911
 21
15.93512655988231
  0
LINE
  5
72A
100
AcDbEntity
  8
0
  6
ByLayer
 62
    7
370
   -1
100
AcDbLine
 10
76.84813844158911
 20
15.93512655988231
 11
74.46027938189512
 21
15.93512655988231
  0
LINE
  5
72B
100
AcDbEntity
  8
0
  6
ByLayer
 62
    7
370
   -1
100
AcDbLine
 10
74.46027938189512
 20
15.93512655988231
 11
74.46027938189512
 21
18.25478657805304
  0
LINE
  5
72C
100
AcDbEntity
  8
0
  6
ByLayer
 62
    7
370
   -1
100
AcDbLine
 10
79.37361776755212
 20
15.28539132869283
 11
81.76147682724705
 21
15.28539132869283
  0
LINE
  5
72D
100
AcDbEntity
  8
0
  6
ByLayer
 62
    7
370
   -1
100
AcDbLine
 10
81.76147682724705
 20
15.28539132869283
 11
81.76147682724705
 21
12.96573131052196
  0
LINE
  5
72E
100
AcDbEntity
  8
0
  6
ByLayer
 62
    7
370
   -1
100
AcDbLine
 10
81.76147682724705
 20
12.96573131052196
 11
79.37361776755212
 21
12.96573131052196
  0
LINE
  5
72F
100
AcDbEntity
  8
0
  6
ByLayer
 62
    7
370
   -1
100
AcDbLine
 10
79.37361776755212
 20
12.96573131052196
 11
79.37361776755212
 21
15.28539132869283
  0
LINE
  5
730
100
AcDbEntity
  8
0
  6
ByLayer
 62
    5
370
   -1
100
AcDbLine
 10
60.83821343992505
 20
15.88064194269205
 11
60.83821343992505
 21
13.82564194269222
  0
LINE
  5
731
100
AcDbEntity
  8
0
  6
ByLayer
 62
    5
370
   -1
100
AcDbLine
 10
61.72805574513713
 20
8.060905395407488
 11
62.16539483358203
 21
8.060905395407488
  0
LINE
  5
732
100
AcDbEntity
  8
0
  6
ByLayer
 62
    5
370
   -1
100
AcDbLine
 10
62.16539483358203
 20
7.997789568148191
 11
61.72805574513713
 21
7.997789568148191
  0
LINE
  5
733
100
AcDbEntity
  8
0
  6
ByLayer
 62
    5
370
   -1
100
AcDbLine
 10
62.16539483358203
 20
8.060905395407488
 11
62.16539483358203
 21
7.997789568148191
  0
LINE
  5
734
100
AcDbEntity
  8
0
  6
ByLayer
 62
    7
370
   -1
100
AcDbLine
 10
49.34651680316398
 20
8.218694963555798
 11
49.72521176672004
 21
8.218694963555798
  0
LINE
  5
735
100
AcDbEntity
  8
0
  6
ByLayer
 62
    7
370
   -1
100
AcDbLine
 10
49.72521176672004
 20
8.218694963555798
 11
49.72521176672004
 21
7.839999999999972
  0
LINE
  5
736
100
AcDbEntity
  8
0
  6
ByLayer
 62
    7
370
   -1
100
AcDbLine
 10
49.72521176672004
 20
7.839999999999972
 11
49.34651680316398
 21
7.839999999999972
  0
LINE
  5
737
100
AcDbEntity
  8
0
  6
ByLayer
 62
    7
370
   -1
100
AcDbLine
 10
49.34651680316398
 20
7.839999999999972
 11
49.34651680316398
 21
8.218694963555798
  0
LINE
  5
738
100
AcDbEntity
  8
0
  6
ByLayer
 62
    7
370
   -1
100
AcDbLine
 10
49.48586428494217
 20
10.2256419426922
 11
49.48586428494217
 21
8.218694963555798
  0
LINE
  5
739
100
AcDbEntity
  8
0
  6
ByLayer
 62
    7
370
   -1
100
AcDbLine
 10
49.58586428494221
 20
10.2256419426922
 11
49.58586428494221
 21
8.218694963555798
  0
LINE
  5
73A
100
AcDbEntity
  8
0
  6
ByLayer
 62
    7
370
   -1
100
AcDbLine
 10
49.48586428494217
 20
8.218694963555798
 11
49.58586428494221
 21
8.218694963555798
  0
LINE
  5
73B
100
AcDbEntity
  8
0
  6
ByLayer
 62
    6
370
   -1
100
AcDbLine
 10
62.97893951367819
 20
20.85905335416759
 11
65.28253162955023
 21
20.85905335416759
  0
LINE
  5
73C
100
AcDbEntity
  8
0
  6
ByLayer
 62
    7
370
   -1
100
AcDbLine
 10
67.30681304419402
 20
20.6457152092775
 11
67.48888862873109
 21
20.6457152092775
  0
LINE
  5
73D
100
AcDbEntity
  8
0
  6
ByLayer
 62
    7
370
   -1
100
AcDbLine
 10
67.48888862873109
 20
20.6457152092775
 11
67.48876838515007
 21
20.97565820470449
  0
LINE
  5
73E
100
AcDbEntity
  8
0
  6
ByLayer
 62
    7
370
   -1
100
AcDbLine
 10
67.48876838515007
 20
20.97565820470449
 11
67.30669280061412
 21
20.97565820470449
  0
LINE
  5
73F
100
AcDbEntity
  8
0
  6
ByLayer
 62
    7
370
   -1
100
AcDbLine
 10
67.30669280061412
 20
20.97565820470449
 11
67.30681304419402
 21
20.6457152092775
  0
LINE
  5
740
100
AcDbEntity
  8
0
  6
ByLayer
 62
    7
370
   -1
100
AcDbLine
 10
67.35074604132303
 20
8.218694963555798
 11
67.72944100487909
 21
8.218694963555798
  0
LINE
  5
741
100
AcDbEntity
  8
0
  6
ByLayer
 62
    7
370
   -1
100
AcDbLine
 10
67.72944100487909
 20
8.218694963555798
 11
67.72944100487909
 21
7.839999999999972
  0
LINE
  5
742
100
AcDbEntity
  8
0
  6
ByLayer
 62
    7
370
   -1
100
AcDbLine
 10
67.72944100487909
 20
7.839999999999972
 11
67.35074604132303
 21
7.839999999999972
  0
LINE
  5
743
100
AcDbEntity
  8
0
  6
ByLayer
 62
    7
370
   -1
100
AcDbLine
 10
67.35074604132303
 20
7.839999999999972
 11
67.35074604132303
 21
8.218694963555798
  0
LINE
  5
744
100
AcDbEntity
  8
0
  6
ByLayer
 62
    7
370
   -1
100
AcDbLine
 10
70.1032093503601
 20
7.921211078171515
 11
81.43877804327813
 21
7.921211078171515
  0
LINE
  5
745
100
AcDbEntity
  8
0
  6
ByLayer
 62
    7
370
   -1
100
AcDbLine
 10
70.1032093503601
 20
7.823800000000029
 11
70.1032093503601
 21
7.921211078171515
  0
LINE
  5
746
100
AcDbEntity
  8
0
  6
ByLayer
 62
    4
370
   -1
100
AcDbLine
 10
70.1032093503601
 20
9.751211078171526
 11
70.1032093503601
 21
21.02423315029151
  0
LINE
  5
747
100
AcDbEntity
  8
0
  6
ByLayer
 62
    4
370
   -1
100
AcDbLine
 10
70.14320935036004
 20
9.751211078171526
 11
70.14320935036004
 21
21.02449360917459
  0
LINE
  5
748
100
AcDbEntity
  8
0
  6
ByLayer
 62
    7
370
   -1
100
AcDbLine
 10
67.35074604132303
 20
8.079347481777932
 11
65.3970420767651
 21
8.079347481777932
  0
LINE
  5
749
100
AcDbEntity
  8
0
  6
ByLayer
 62
    7
370
   -1
100
AcDbLine
 10
67.35074604132303
 20
7.971936403606551
 11
65.3970420767651
 21
7.971936403606551
  0
LINE
  5
74A
100
AcDbEntity
  8
0
  6
ByLayer
 62
    7
370
   -1
100
AcDbLine
 10
65.3970420767651
 20
8.079347481777932
 11
65.3970420767651
 21
7.971936403606551
  0
LINE
  5
74B
100
AcDbEntity
  8
0
  6
ByLayer
 62
    7
370
   -1
100
AcDbLine
 10
67.47697769584209
 20
8.218694963555798
 11
67.35074604132303
 21
8.218694963555798
  0
LINE
  5
74C
100
AcDbEntity
  8
0
  6
ByLayer
 62
    7
370
   -1
100
AcDbLine
 10
67.47697769584209
 20
5.890000000000128
 11
67.60320935036005
 21
5.889999999999943
  0
LINE
  5
74D
100
AcDbEntity
  8
0
  6
ByLayer
 62
    7
370
   -1
100
AcDbLine
 10
67.47697769584209
 20
1.960000000000063
 11
67.60320935036005
 21
1.960000000000063
  0
LINE
  5
74E
100
AcDbEntity
  8
0
  6
ByLayer
 62
    5
370
   -1
100
AcDbLine
 10
67.60320935036005
 20
3.925000000000072
 11
67.47697769584209
 21
3.924999999999979
  0
LINE
  5
74F
100
AcDbEntity
  8
0
  6
ByLayer
 62
    7
370
   -1
100
AcDbLine
 10
67.47697769584209
 20
1.960000000000063
 11
67.47697769584209
 21
9.24e-14
  0
LINE
  5
750
100
AcDbEntity
  8
0
  6
ByLayer
 62
    7
370
   -1
100
AcDbLine
 10
67.47697769584209
 20
0.1000000000000928
 11
78.5332093503611
 21
0.1000000000000004
  0
LINE
  5
751
100
AcDbEntity
  8
0
  6
ByLayer
 62
    7
370
   -1
100
AcDbLine
 10
67.47697769584209
 20
9.24e-14
 11
78.63320935036116
 21
9.24e-14
  0
LINE
  5
752
100
AcDbEntity
  8
0
  6
ByLayer
 62
    7
370
   -1
100
AcDbLine
 10
67.60320935036005
 20
1.960000000000063
 11
67.60320935036005
 21
0.1000000000000928
  0
LINE
  5
753
100
AcDbEntity
  8
0
  6
ByLayer
 62
    7
370
   -1
100
AcDbLine
 10
77.40572953671213
 20
5.403800000000001
 11
77.40572953671213
 21
4.859457371639405
  0
LINE
  5
754
100
AcDbEntity
  8
0
  6
ByLayer
 62
    7
370
   -1
100
AcDbLine
 10
70.1032093503601
 20
7.823800000000029
 11
81.22429522071923
 21
7.823800000000029
  0
LINE
  5
755
100
AcDbEntity
  8
0
  6
ByLayer
 62
    7
370
   -1
100
AcDbLine
 10
70.87320935036006
 20
3.879999999999995
 11
75.79020935035999
 21
3.879999999999995
  0
LINE
  5
756
100
AcDbEntity
  8
0
  6
ByLayer
 62
    7
370
   -1
100
AcDbLine
 10
70.87320935036006
 20
3.879999999999995
 11
70.87320935036006
 21
1.600000000000006
  0
LINE
  5
757
100
AcDbEntity
  8
0
  6
ByLayer
 62
    7
370
   -1
100
AcDbLine
 10
70.87320935036006
 20
1.600000000000006
 11
75.79020935035999
 21
1.600000000000006
  0
LINE
  5
758
100
AcDbEntity
  8
0
  6
ByLayer
 62
    7
370
   -1
100
AcDbLine
 10
75.79020935035999
 20
3.879999999999995
 11
75.79020935035999
 21
1.600000000000006
  0
LINE
  5
759
100
AcDbEntity
  8
0
  6
ByLayer
 62
    7
370
   -1
100
AcDbLine
 10
70.87320935036006
 20
3.879999999999995
 11
70.87320935036006
 21
5.842
  0
LINE
  5
75A
100
AcDbEntity
  8
0
  6
ByLayer
 62
    7
370
   -1
100
AcDbLine
 10
70.87320935036006
 20
5.842
 11
75.79020935035999
 21
5.842
  0
LINE
  5
75B
100
AcDbEntity
  8
0
  6
ByLayer
 62
    7
370
   -1
100
AcDbLine
 10
75.79020935035999
 20
3.879999999999995
 11
75.79020935035999
 21
5.842
  0
LINE
  5
75C
100
AcDbEntity
  8
0
  6
ByLayer
 62
    7
370
   -1
100
AcDbLine
 10
78.0766835529241
 20
8.037495994339601
 11
78.0766835529241
 21
8.332047836712915
  0
LINE
  5
75D
100
AcDbEntity
  8
0
  6
ByLayer
 62
    7
370
   -1
100
AcDbLine
 10
78.0766835529241
 20
8.332047836712915
 11
78.98953684489807
 21
8.332047836712915
  0
LINE
  5
75E
100
AcDbEntity
  8
0
  6
ByLayer
 62
    7
370
   -1
100
AcDbLine
 10
78.98953684489807
 20
8.332047836712915
 11
78.98953684489807
 21
8.037495994339601
  0
LINE
  5
75F
100
AcDbEntity
  8
0
  6
ByLayer
 62
    7
370
   -1
100
AcDbLine
 10
78.98953684489807
 20
8.037495994339601
 11
78.0766835529241
 21
8.037495994339601
  0
LINE
  5
760
100
AcDbEntity
  8
0
  6
ByLayer
 62
    7
370
   -1
100
AcDbLine
 10
75.02241581057908
 20
3.879999999999995
 11
75.02241581057908
 21
1.599999999999867
  0
LINE
  5
761
100
AcDbEntity
  8
0
  6
ByLayer
 62
    7
370
   -1
100
AcDbLine
 10
78.43320935036013
 20
2.468222884186861
 11
78.21149046062899
 21
2.468222884186861
  0
LINE
  5
762
100
AcDbEntity
  8
0
  6
ByLayer
 62
    7
370
   -1
100
AcDbLine
 10
78.21149046062899
 20
2.468222884186861
 11
78.21149046062899
 21
3.011777115813094
  0
LINE
  5
763
100
AcDbEntity
  8
0
  6
ByLayer
 62
    7
370
   -1
100
AcDbLine
 10
78.21149046062899
 20
3.011777115813094
 11
78.43320935036013
 21
3.011777115813094
  0
LINE
  5
764
100
AcDbEntity
  8
0
  6
ByLayer
 62
    7
370
   -1
100
AcDbLine
 10
78.43320935036013
 20
3.011777115813094
 11
78.43320935036013
 21
2.468222884186861
  0
LINE
  5
765
100
AcDbEntity
  8
0
  6
ByLayer
 62
    7
370
   -1
100
AcDbLine
 10
78.39537713181912
 20
3.011777115813094
 11
78.39537713181912
 21
8.037495994339601
  0
LINE
  5
766
100
AcDbEntity
  8
0
  6
ByLayer
 62
    7
370
   -1
100
AcDbLine
 10
77.30572953671209
 20
5.403800000000001
 11
78.30572953671218
 21
5.403800000000001
  0
LINE
  5
767
100
AcDbEntity
  8
0
  6
ByLayer
 62
    7
370
   -1
100
AcDbLine
 10
78.30572953671218
 20
7.403800000000008
 11
77.30572953671209
 21
7.403800000000008
  0
LINE
  5
768
100
AcDbEntity
  8
0
  6
ByLayer
 62
    7
370
   -1
100
AcDbLine
 10
77.40572953671213
 20
4.959457371639406
 11
78.33312041594714
 21
4.959457371639406
  0
LINE
  5
769
100
AcDbEntity
  8
0
  6
ByLayer
 62
    7
370
   -1
100
AcDbLine
 10
77.40572953671213
 20
4.959457371639406
 11
78.63320935036005
 21
4.959457371639175
  0
LINE
  5
76A
100
AcDbEntity
  8
0
  6
ByLayer
 62
    7
370
   -1
100
AcDbLine
 10
77.30572953671209
 20
4.859457371639405
 11
78.5332093503611
 21
4.859457371639405
  0
LINE
  5
76B
100
AcDbEntity
  8
0
  6
ByLayer
 62
    7
370
   -1
100
AcDbLine
 10
77.30572953671209
 20
7.823800000000029
 11
77.30572953671209
 21
7.403800000000008
  0
LINE
  5
76C
100
AcDbEntity
  8
0
  6
ByLayer
 62
    7
370
   -1
100
AcDbLine
 10
77.30572953671209
 20
5.403800000000001
 11
77.30572953671209
 21
4.869457371639392
  0
LINE
  5
76D
100
AcDbEntity
  8
0
  6
ByLayer
 62
    7
370
   -1
100
AcDbLine
 10
70.1032093503601
 20
7.823800000000029
 11
78.43320935036013
 21
7.823800000000029
  0
LINE
  5
76E
100
AcDbEntity
  8
0
  6
ByLayer
 62
    7
370
   -1
100
AcDbLine
 10
75.02241581057908
 20
2.740000000000001
 11
78.21149046062899
 21
2.740000000000001
  0
LINE
  5
76F
100
AcDbEntity
  8
0
  6
ByLayer
 62
    7
370
   -1
100
AcDbLine
 10
78.5332093503611
 20
4.959457371639175
 11
78.5332093503611
 21
0
  0
LINE
  5
770
100
AcDbEntity
  8
0
  6
ByLayer
 62
    7
370
   -1
100
AcDbLine
 10
78.63320935036005
 20
4.959457371639175
 11
78.63320935036116
 21
9.24e-14
  0
LINE
  5
771
100
AcDbEntity
  8
0
  6
ByLayer
 62
    7
370
   -1
100
AcDbLine
 10
78.55320935036015
 20
8.037495994339601
 11
78.65320935036002
 21
8.037495994339601
  0
LINE
  5
772
100
AcDbEntity
  8
0
  6
ByLayer
 62
    7
370
   -1
100
AcDbLine
 10
77.30572953671209
 20
4.959457371639406
 11
77.30572953671209
 21
4.859457371639405
  0
LINE
  5
773
100
AcDbEntity
  8
0
  6
ByLayer
 62
    7
370
   -1
100
AcDbLine
 10
77.40572953671213
 20
7.823800000000029
 11
77.40572953671213
 21
7.403800000000008
  0
LINE
  5
774
100
AcDbEntity
  8
0
  6
ByLayer
 62
    4
370
   -1
100
AcDbLine
 10
70.1032093503601
 20
9.751211078171526
 11
70.14320935036004
 21
9.751211078171526
  0
LINE
  5
775
100
AcDbEntity
  8
0
  6
ByLayer
 62
    7
370
   -1
100
AcDbLine
 10
70.1032093503601
 20
9.751211078171526
 11
71.00320935036015
 21
9.751211078171526
  0
LINE
  5
776
100
AcDbEntity
  8
0
  6
ByLayer
 62
    7
370
   -1
100
AcDbLine
 10
71.00320935036015
 20
7.951211078171381
 11
70.1032093503601
 21
7.951211078171381
  0
LINE
  5
777
100
AcDbEntity
  8
0
  6
ByLayer
 62
    7
370
   -1
100
AcDbLine
 10
70.1032093503601
 20
7.951211078171381
 11
70.1032093503601
 21
7.921211078171515
  0
LINE
  5
778
100
AcDbEntity
  8
0
  6
ByLayer
 62
    7
370
   -1
100
AcDbLine
 10
61.48870826336019
 20
7.839999999999972
 11
61.48870826336019
 21
3.727108108656922
  0
LINE
  5
779
100
AcDbEntity
  8
0
  6
ByLayer
 62
    7
370
   -1
100
AcDbLine
 10
61.58870826336005
 20
7.839999999999972
 11
61.58870826336005
 21
3.727108108656922
  0
LINE
  5
77A
100
AcDbEntity
  8
0
  6
ByLayer
 62
    7
370
   -1
100
AcDbLine
 10
78.53311019891107
 20
8.332047836712915
 11
78.53311019891107
 21
10.90358846356207
  0
LINE
  5
77B
100
AcDbEntity
  8
0
  6
ByLayer
 62
    7
370
   -1
100
AcDbLine
 10
78.71883655255016
 20
8.332047836712915
 11
78.71883655255016
 21
24.42959180517538
  0
LINE
  5
77C
100
AcDbEntity
  8
0
  6
ByLayer
 62
    7
370
   -1
100
AcDbLine
 10
78.34477386852002
 20
8.332047836712915
 11
78.34477386852002
 21
14.12556131960723
  0
LINE
  5
77D
100
AcDbEntity
  8
0
  6
ByLayer
 62
    7
370
   -1
100
AcDbLine
 10
78.14116676027609
 20
8.332047836712915
 11
78.14116676027609
 21
17.09495656896772
  0
LINE
  5
77E
100
AcDbEntity
  8
0
  6
ByLayer
 62
    7
370
   -1
100
AcDbLine
 10
76.84813844158911
 20
17.09495656896772
 11
78.14116676027609
 21
17.09495656896772
  0
LINE
  5
77F
100
AcDbEntity
  8
0
  6
ByLayer
 62
    7
370
   -1
100
AcDbLine
 10
79.37361776755212
 20
14.12556131960723
 11
78.34477386852002
 21
14.12556131960723
  0
LINE
  5
780
100
AcDbEntity
  8
0
  6
ByLayer
 62
    7
370
   -1
100
AcDbLine
 10
76.93335165490919
 20
10.90358846356207
 11
78.53311019891107
 21
10.90358846356207
  0
LINE
  5
781
100
AcDbEntity
  8
0
  6
ByLayer
 62
    7
370
   -1
100
AcDbLine
 10
49.80130644191212
 20
11.56486417857591
 11
49.80130644191212
 21
12.16486417857592
  0
LINE
  5
782
100
AcDbEntity
  8
0
  6
ByLayer
 62
    7
370
   -1
100
AcDbLine
 10
51.00130644191213
 20
12.16486417857592
 11
51.00130644191213
 21
11.56486417857591
  0
LINE
  5
783
100
AcDbEntity
  8
0
  6
ByLayer
 62
    7
370
   -1
100
AcDbLine
 10
51.00130644191213
 20
11.56486417857591
 11
49.80130644191212
 21
11.56486417857591
  0
LINE
  5
784
100
AcDbEntity
  8
0
  6
ByLayer
 62
    7
370
   -1
100
AcDbLine
 10
49.80130644191212
 20
10.96486417857577
 11
49.80130644191212
 21
11.56486417857591
  0
LINE
  5
785
100
AcDbEntity
  8
0
  6
ByLayer
 62
    7
370
   -1
100
AcDbLine
 10
51.00130644191213
 20
11.56486417857591
 11
51.00130644191213
 21
10.96486417857577
  0
LINE
  5
786
100
AcDbEntity
  8
0
  6
ByLayer
 62
    7
370
   -1
100
AcDbLine
 10
49.80130644191212
 20
10.96486417857577
 11
51.00130644191213
 21
10.96486417857577
  0
LINE
  5
787
100
AcDbEntity
  8
0
  6
ByLayer
 62
    7
370
   -1
100
AcDbLine
 10
58.59636661184998
 20
14.8046802325804
 11
58.59636661184998
 21
13.60468023258039
  0
LINE
  5
788
100
AcDbEntity
  8
0
  6
ByLayer
 62
    7
370
   -1
100
AcDbLine
 10
58.59636661184998
 20
13.60468023258039
 11
59.19636661185007
 21
13.60468023258039
  0
LINE
  5
789
100
AcDbEntity
  8
0
  6
ByLayer
 62
    7
370
   -1
100
AcDbLine
 10
59.19636661185007
 20
14.8046802325804
 11
58.59636661184998
 21
14.8046802325804
  0
LINE
  5
78A
100
AcDbEntity
  8
0
  6
ByLayer
 62
    1
370
   -1
100
AcDbLine
 10
58.59636661184998
 20
13.60468023258039
 11
58.59636661184998
 21
12.40468023258039
  0
LINE
  5
78B
100
AcDbEntity
  8
0
  6
ByLayer
 62
    7
370
   -1
100
AcDbLine
 10
58.59636661184998
 20
12.40468023258039
 11
59.19636661185007
 21
12.40468023258039
  0
LINE
  5
78C
100
AcDbEntity
  8
0
  6
ByLayer
 62
    7
370
   -1
100
AcDbLine
 10
59.19636661185007
 20
11.20468023258039
 11
58.59636661184998
 21
11.20468023258039
  0
LINE
  5
78D
100
AcDbEntity
  8
0
  6
ByLayer
 62
    7
370
   -1
100
AcDbLine
 10
58.59636661184998
 20
11.20468023258039
 11
58.59636661184998
 21
12.40468023258039
  0
LINE
  5
78E
100
AcDbEntity
  8
0
  6
ByLayer
 62
    7
370
   -1
100
AcDbLine
 10
57.99636661185007
 20
14.8046802325804
 11
57.99636661185007
 21
13.60468023258039
  0
LINE
  5
78F
100
AcDbEntity
  8
0
  6
ByLayer
 62
    7
370
   -1
100
AcDbLine
 10
57.99636661185007
 20
13.60468023258039
 11
58.59636661184998
 21
13.60468023258039
  0
LINE
  5
790
100
AcDbEntity
  8
0
  6
ByLayer
 62
    7
370
   -1
100
AcDbLine
 10
58.59636661184998
 20
14.8046802325804
 11
57.99636661185007
 21
14.8046802325804
  0
LINE
  5
791
100
AcDbEntity
  8
0
  6
ByLayer
 62
    1
370
   -1
100
AcDbLine
 10
57.99636661185007
 20
13.60468023258039
 11
57.99636661185007
 21
12.40468023258039
  0
LINE
  5
792
100
AcDbEntity
  8
0
  6
ByLayer
 62
    7
370
   -1
100
AcDbLine
 10
57.99636661185007
 20
12.40468023258039
 11
58.59636661184998
 21
12.40468023258039
  0
LINE
  5
793
100
AcDbEntity
  8
0
  6
ByLayer
 62
    7
370
   -1
100
AcDbLine
 10
58.59636661184998
 20
11.20468023258039
 11
57.99636661185007
 21
11.20468023258039
  0
LINE
  5
794
100
AcDbEntity
  8
0
  6
ByLayer
 62
    7
370
   -1
100
AcDbLine
 10
57.99636661185007
 20
11.20468023258039
 11
57.99636661185007
 21
12.40468023258039
  0
LINE
  5
795
100
AcDbEntity
  8
0
  6
ByLayer
 62
    7
370
   -1
100
AcDbLine
 10
57.39636661184998
 20
14.8046802325804
 11
57.39636661184998
 21
13.60468023258039
  0
LINE
  5
796
100
AcDbEntity
  8
0
  6
ByLayer
 62
    7
370
   -1
100
AcDbLine
 10
57.39636661184998
 20
13.60468023258039
 11
57.99636661185007
 21
13.60468023258039
  0
LINE
  5
797
100
AcDbEntity
  8
0
  6
ByLayer
 62
    7
370
   -1
100
AcDbLine
 10
57.99636661185007
 20
14.8046802325804
 11
57.39636661184998
 21
14.8046802325804
  0
LINE
  5
798
100
AcDbEntity
  8
0
  6
ByLayer
 62
    1
370
   -1
100
AcDbLine
 10
57.39636661184998
 20
13.60468023258039
 11
57.39636661184998
 21
12.40468023258039
  0
LINE
  5
799
100
AcDbEntity
  8
0
  6
ByLayer
 62
    7
370
   -1
100
AcDbLine
 10
57.39636661184998
 20
12.40468023258039
 11
57.99636661185007
 21
12.40468023258039
  0
LINE
  5
79A
100
AcDbEntity
  8
0
  6
ByLayer
 62
    7
370
   -1
100
AcDbLine
 10
57.99636661185007
 20
11.20468023258039
 11
57.39636661184998
 21
11.20468023258039
  0
LINE
  5
79B
100
AcDbEntity
  8
0
  6
ByLayer
 62
    7
370
   -1
100
AcDbLine
 10
57.39636661184998
 20
11.20468023258039
 11
57.39636661184998
 21
12.40468023258039
  0
LINE
  5
79C
100
AcDbEntity
  8
0
  6
ByLayer
 62
    7
370
   -1
100
AcDbLine
 10
56.79636661185007
 20
14.8046802325804
 11
56.79636661185007
 21
13.60468023258039
  0
LINE
  5
79D
100
AcDbEntity
  8
0
  6
ByLayer
 62
    7
370
   -1
100
AcDbLine
 10
56.79636661185007
 20
13.60468023258039
 11
57.39636661184998
 21
13.60468023258039
  0
LINE
  5
79E
100
AcDbEntity
  8
0
  6
ByLayer
 62
    7
370
   -1
100
AcDbLine
 10
57.39636661184998
 20
14.8046802325804
 11
56.79636661185007
 21
14.8046802325804
  0
LINE
  5
79F
100
AcDbEntity
  8
0
  6
ByLayer
 62
    1
370
   -1
100
AcDbLine
 10
56.79636661185007
 20
13.60468023258039
 11
56.79636661185007
 21
12.40468023258039
  0
LINE
  5
7A0
100
AcDbEntity
  8
0
  6
ByLayer
 62
    7
370
   -1
100
AcDbLine
 10
56.79636661185007
 20
12.40468023258039
 11
57.39636661184998
 21
12.40468023258039
  0
LINE
  5
7A1
100
AcDbEntity
  8
0
  6
ByLayer
 62
    7
370
   -1
100
AcDbLine
 10
57.39636661184998
 20
11.20468023258039
 11
56.79636661185007
 21
11.20468023258039
  0
LINE
  5
7A2
100
AcDbEntity
  8
0
  6
ByLayer
 62
    7
370
   -1
100
AcDbLine
 10
56.79636661185007
 20
11.20468023258039
 11
56.79636661185007
 21
12.40468023258039
  0
LINE
  5
7A3
100
AcDbEntity
  8
0
  6
ByLayer
 62
    7
370
   -1
100
AcDbLine
 10
56.19636661184997
 20
14.8046802325804
 11
56.19636661184997
 21
13.60468023258039
  0
LINE
  5
7A4
100
AcDbEntity
  8
0
  6
ByLayer
 62
    7
370
   -1
100
AcDbLine
 10
56.19636661184997
 20
13.60468023258039
 11
56.79636661185007
 21
13.60468023258039
  0
LINE
  5
7A5
100
AcDbEntity
  8
0
  6
ByLayer
 62
    7
370
   -1
100
AcDbLine
 10
56.79636661185007
 20
14.8046802325804
 11
56.19636661184997
 21
14.8046802325804
  0
LINE
  5
7A6
100
AcDbEntity
  8
0
  6
ByLayer
 62
    1
370
   -1
100
AcDbLine
 10
56.19636661184997
 20
13.60468023258039
 11
56.19636661184997
 21
12.40468023258039
  0
LINE
  5
7A7
100
AcDbEntity
  8
0
  6
ByLayer
 62
    7
370
   -1
100
AcDbLine
 10
56.19636661184997
 20
12.40468023258039
 11
56.79636661185007
 21
12.40468023258039
  0
LINE
  5
7A8
100
AcDbEntity
  8
0
  6
ByLayer
 62
    7
370
   -1
100
AcDbLine
 10
56.79636661185007
 20
11.20468023258039
 11
56.19636661184997
 21
11.20468023258039
  0
LINE
  5
7A9
100
AcDbEntity
  8
0
  6
ByLayer
 62
    7
370
   -1
100
AcDbLine
 10
56.19636661184997
 20
11.20468023258039
 11
56.19636661184997
 21
12.40468023258039
  0
LINE
  5
7AA
100
AcDbEntity
  8
0
  6
ByLayer
 62
    7
370
   -1
100
AcDbLine
 10
55.59636661185007
 20
13.60468023258039
 11
56.19636661184997
 21
13.60468023258039
  0
LINE
  5
7AB
100
AcDbEntity
  8
0
  6
ByLayer
 62
    7
370
   -1
100
AcDbLine
 10
56.19636661184997
 20
14.8046802325804
 11
55.59636661185007
 21
14.8046802325804
  0
LINE
  5
7AC
100
AcDbEntity
  8
0
  6
ByLayer
 62
    7
370
   -1
100
AcDbLine
 10
55.59636661185007
 20
12.40468023258039
 11
56.19636661184997
 21
12.40468023258039
  0
LINE
  5
7AD
100
AcDbEntity
  8
0
  6
ByLayer
 62
    7
370
   -1
100
AcDbLine
 10
56.19636661184997
 20
11.20468023258039
 11
55.59636661185007
 21
11.20468023258039
  0
LINE
  5
7AE
100
AcDbEntity
  8
0
  6
ByLayer
 62
    7
370
   -1
100
AcDbLine
 10
55.59636661185007
 20
14.8046802325804
 11
55.59636661185007
 21
13.60468023258039
  0
LINE
  5
7AF
100
AcDbEntity
  8
0
  6
ByLayer
 62
    7
370
   -1
100
AcDbLine
 10
59.19636661185007
 20
14.8046802325804
 11
59.19636661185007
 21
13.60468023258039
  0
LINE
  5
7B0
100
AcDbEntity
  8
0
  6
ByLayer
 62
    7
370
   -1
100
AcDbLine
 10
59.19636661185007
 20
12.40468023258039
 11
59.19636661185007
 21
11.20468023258039
  0
LINE
  5
7B1
100
AcDbEntity
  8
0
  6
ByLayer
 62
    1
370
   -1
100
AcDbLine
 10
59.19636661185007
 20
13.60468023258039
 11
59.19636661185007
 21
12.40468023258039
  0
LINE
  5
7B2
100
AcDbEntity
  8
0
  6
ByLayer
 62
    7
370
   -1
100
AcDbLine
 10
55.59636661185007
 20
12.40468023258039
 11
55.59636661185007
 21
11.20468023258039
  0
LINE
  5
7B3
100
AcDbEntity
  8
0
  6
ByLayer
 62
    1
370
   -1
100
AcDbLine
 10
55.59636661185007
 20
13.60468023258039
 11
55.59636661185007
 21
12.40468023258039
  0
LINE
  5
7B4
100
AcDbEntity
  8
0
  6
ByLayer
 62
    7
370
   -1
100
AcDbLine
 10
57.39636661184998
 20
14.8046802325804
 11
57.39636661184998
 21
11.20468023258039
  0
LINE
  5
7B5
100
AcDbEntity
  8
0
  6
ByLayer
 62
    7
370
   -1
100
AcDbLine
 10
47.49586428494224
 20
23.80687359721091
 11
47.88594435102506
 21
23.80687359721091
  0
LINE
  5
7B6
100
AcDbEntity
  8
0
  6
ByLayer
 62
    7
370
   -1
100
AcDbLine
 10
47.88594435102506
 20
23.80687359721091
 11
47.88594435102506
 21
22.62343404348013
  0
LINE
  5
7B7
100
AcDbEntity
  8
0
  6
ByLayer
 62
    7
370
   -1
100
AcDbLine
 10
47.88594435102506
 20
22.62343404348013
 11
47.49586428494224
 21
22.62343404348013
  0
LINE
  5
7B8
100
AcDbEntity
  8
0
  6
ByLayer
 62
    7
370
   -1
100
AcDbLine
 10
47.49586428494224
 20
22.62343404348013
 11
47.49586428494224
 21
23.80687359721091
  0
LINE
  5
7B9
100
AcDbEntity
  8
0
  6
ByLayer
 62
    5
370
   -1
100
AcDbLine
 10
53.44805574513713
 20
15.98064194269219
 11
56.38805574513712
 21
15.98064194269219
  0
LINE
  5
7BA
100
AcDbEntity
  8
0
  6
ByLayer
 62
    5
370
   -1
100
AcDbLine
 10
53.44805574513713
 20
15.98064194269219
 11
54.91805574513703
 21
15.98064194269219
  0
LINE
  5
7BB
100
AcDbEntity
  8
0
  6
ByLayer
 62
    5
370
   -1
100
AcDbLine
 10
54.91805574513703
 20
15.98064194269219
 11
54.91805574513703
 21
16.02064194269204
  0
LINE
  5
7BC
100
AcDbEntity
  8
0
  6
ByLayer
 62
    5
370
   -1
100
AcDbLine
 10
53.44805574513713
 20
15.98064194269219
 11
53.44805574513805
 21
16.02064194269218
  0
LINE
  5
7BD
100
AcDbEntity
  8
0
  6
ByLayer
 62
    5
370
   -1
100
AcDbLine
 10
54.91805574513703
 20
16.02064194269204
 11
53.44805574513805
 21
16.02064194269218
  0
LINE
  5
7BE
100
AcDbEntity
  8
0
  6
ByLayer
 62
    5
370
   -1
100
AcDbLine
 10
54.91805574513703
 20
16.02064194269204
 11
56.38805574513712
 21
16.02064194269204
  0
LINE
  5
7BF
100
AcDbEntity
  8
0
  6
ByLayer
 62
    5
370
   -1
100
AcDbLine
 10
56.38805574513712
 20
16.02064194269204
 11
56.38805574513712
 21
15.98064194269219
  0
LINE
  5
7C0
100
AcDbEntity
  8
0
  6
ByLayer
 62
    7
370
   -1
100
AcDbLine
 10
60.83821343992505
 20
21.05561416405714
 11
60.95464214883216
 21
21.05561416405714
  0
LINE
  5
7C1
100
AcDbEntity
  8
0
  6
ByLayer
 62
    7
370
   -1
100
AcDbLine
 10
60.95464214883216
 20
21.05561416405714
 11
60.95464214883216
 21
20.69976291175747
  0
LINE
  5
7C2
100
AcDbEntity
  8
0
  6
ByLayer
 62
    7
370
   -1
100
AcDbLine
 10
60.95464214883216
 20
20.69976291175747
 11
60.83821343992505
 21
20.69976291175747
  0
LINE
  5
7C3
100
AcDbEntity
  8
0
  6
ByLayer
 62
    7
370
   -1
100
AcDbLine
 10
60.83821343992505
 20
20.69976291175747
 11
60.83821343992505
 21
21.05561416405714
  0
LINE
  5
7C4
100
AcDbEntity
  8
0
  6
ByLayer
 62
    7
370
   -1
100
AcDbLine
 10
58.88821343992414
 20
18.08064194269206
 11
58.93821343992509
 21
18.08064194269206
  0
LINE
  5
7C5
100
AcDbEntity
  8
0
  6
ByLayer
 62
    7
370
   -1
100
AcDbLine
 10
48.89227638077401
 20
24.08100780493858
 11
48.89227638077512
 21
22.01174878982911
  0
LINE
  5
7C6
100
AcDbEntity
  8
0
  6
ByLayer
 62
    7
370
   -1
100
AcDbLine
 10
48.89227638077512
 20
22.01174878982911
 11
49.32201260148702
 21
22.01174878982911
  0
LINE
  5
7C7
100
AcDbEntity
  8
0
  6
ByLayer
 62
    7
370
   -1
100
AcDbLine
 10
49.22706221331702
 20
22.3185242015991
 11
49.40850672581323
 21
22.3185242015991
  0
LINE
  5
7C8
100
AcDbEntity
  8
0
  6
ByLayer
 62
    7
370
   -1
100
AcDbLine
 10
49.40850672581323
 20
22.3185242015991
 11
49.40850672581323
 21
21.73893951341978
  0
LINE
  5
7C9
100
AcDbEntity
  8
0
  6
ByLayer
 62
    7
370
   -1
100
AcDbLine
 10
49.40850672581323
 20
21.73893951341978
 11
49.22706221331702
 21
21.73893951341978
  0
LINE
  5
7CA
100
AcDbEntity
  8
0
  6
ByLayer
 62
    7
370
   -1
100
AcDbLine
 10
49.22706221331702
 20
21.73893951341978
 11
49.22706221331702
 21
22.3185242015991
  0
LINE
  5
7CB
100
AcDbEntity
  8
0
  6
ByLayer
 62
    7
370
   -1
100
AcDbLine
 10
49.22706221331702
 20
21.59736180317997
 11
49.40850672581323
 21
21.59736180317997
  0
LINE
  5
7CC
100
AcDbEntity
  8
0
  6
ByLayer
 62
    7
370
   -1
100
AcDbLine
 10
49.40850672581323
 20
21.59736180317997
 11
49.40850672581323
 21
21.01777711500075
  0
LINE
  5
7CD
100
AcDbEntity
  8
0
  6
ByLayer
 62
    7
370
   -1
100
AcDbLine
 10
49.40850672581323
 20
21.01777711500075
 11
49.22706221331702
 21
21.01777711500075
  0
LINE
  5
7CE
100
AcDbEntity
  8
0
  6
ByLayer
 62
    7
370
   -1
100
AcDbLine
 10
49.22706221331702
 20
21.01777711500075
 11
49.22706221331702
 21
21.59736180317997
  0
LINE
  5
7CF
100
AcDbEntity
  8
0
  6
ByLayer
 62
    7
370
   -1
100
AcDbLine
 10
49.22706221331702
 20
20.89389659036406
 11
49.40850672581323
 21
20.89389659036406
  0
LINE
  5
7D0
100
AcDbEntity
  8
0
  6
ByLayer
 62
    7
370
   -1
100
AcDbLine
 10
49.40850672581323
 20
20.89389659036406
 11
49.40850672581323
 21
20.31431190218483
  0
LINE
  5
7D1
100
AcDbEntity
  8
0
  6
ByLayer
 62
    7
370
   -1
100
AcDbLine
 10
49.40850672581323
 20
20.31431190218483
 11
49.22706221331702
 21
20.31431190218483
  0
LINE
  5
7D2
100
AcDbEntity
  8
0
  6
ByLayer
 62
    7
370
   -1
100
AcDbLine
 10
49.22706221331702
 20
20.31431190218483
 11
49.22706221331702
 21
20.89389659036406
  0
LINE
  5
7D3
100
AcDbEntity
  8
0
  6
ByLayer
 62
    7
370
   -1
100
AcDbLine
 10
47.48586428494216
 20
22.49388578486343
 11
47.66730879743818
 21
22.49388578486343
  0
LINE
  5
7D4
100
AcDbEntity
  8
0
  6
ByLayer
 62
    7
370
   -1
100
AcDbLine
 10
47.66730879743818
 20
22.49388578486343
 11
47.66730879743818
 21
21.91430109668415
  0
LINE
  5
7D5
100
AcDbEntity
  8
0
  6
ByLayer
 62
    7
370
   -1
100
AcDbLine
 10
47.66730879743818
 20
21.91430109668415
 11
47.48586428494216
 21
21.91430109668415
  0
LINE
  5
7D6
100
AcDbEntity
  8
0
  6
ByLayer
 62
    7
370
   -1
100
AcDbLine
 10
47.48586428494216
 20
21.91430109668415
 11
47.48586428494216
 21
22.49388578486343
  0
LINE
  5
7D7
100
AcDbEntity
  8
0
  6
ByLayer
 62
    7
370
   -1
100
AcDbLine
 10
59.00901330953413
 20
16.92766549968817
 11
59.00901330953413
 21
21.55291472497467
  0
LINE
  5
7D8
100
AcDbEntity
  8
0
  6
ByLayer
 62
    7
370
   -1
100
AcDbLine
 10
59.00901330953413
 20
21.55291472497467
 11
60.6526685442041
 21
21.55291472497467
  0
LINE
  5
7D9
100
AcDbEntity
  8
0
  6
ByLayer
 62
    7
370
   -1
100
AcDbLine
 10
60.6526685442041
 20
21.55291472497467
 11
60.6526685442041
 21
20.97523344959201
  0
LINE
  5
7DA
100
AcDbEntity
  8
0
  6
ByLayer
 62
    7
370
   -1
100
AcDbLine
 10
60.6526685442041
 20
20.97523344959201
 11
60.88970194921
 21
20.97523344959201
  0
LINE
  5
7DB
100
AcDbEntity
  8
0
  6
ByLayer
 62
    7
370
   -1
100
AcDbLine
 10
60.88529816140204
 20
20.87736322762572
 11
60.55987471468406
 21
20.87736322762572
  0
LINE
  5
7DC
100
AcDbEntity
  8
0
  6
ByLayer
 62
    7
370
   -1
100
AcDbLine
 10
60.88246842525709
 20
20.83209879096453
 11
60.48347096414408
 21
20.83209879096453
  0
LINE
  5
7DD
100
AcDbEntity
  8
0
  6
ByLayer
 62
    7
370
   -1
100
AcDbLine
 10
60.55987471468406
 20
20.87736322762572
 11
60.55987471468406
 21
21.4291252684064
  0
LINE
  5
7DE
100
AcDbEntity
  8
0
  6
ByLayer
 62
    7
370
   -1
100
AcDbLine
 10
60.55987471468406
 20
21.4291252684064
 11
59.22788065195114
 21
21.4291252684064
  0
LINE
  5
7DF
100
AcDbEntity
  8
0
  6
ByLayer
 62
    7
370
   -1
100
AcDbLine
 10
59.22788065195114
 20
21.4291252684064
 11
59.22788065195114
 21
19.60913104810964
  0
LINE
  5
7E0
100
AcDbEntity
  8
0
  6
ByLayer
 62
    7
370
   -1
100
AcDbLine
 10
60.48347096414408
 20
20.83209879096453
 11
60.48347096414408
 21
21.34932123805304
  0
LINE
  5
7E1
100
AcDbEntity
  8
0
  6
ByLayer
 62
    7
370
   -1
100
AcDbLine
 10
60.48347096414408
 20
21.34932123805304
 11
59.30085524974803
 21
21.34932123805304
  0
LINE
  5
7E2
100
AcDbEntity
  8
0
  6
ByLayer
 62
    7
370
   -1
100
AcDbLine
 10
59.30085524974803
 20
21.34932123805304
 11
59.30085524974803
 21
20.40536261357241
  0
LINE
  5
7E3
100
AcDbEntity
  8
0
  6
ByLayer
 62
    7
370
   -1
100
AcDbLine
 10
49.58586428494221
 20
21.4788605223157
 11
50.09902415265108
 21
21.4788605223157
  0
LINE
  5
7E4
100
AcDbEntity
  8
0
  6
ByLayer
 62
    7
370
   -1
100
AcDbLine
 10
50.09902415265108
 20
21.4788605223157
 11
50.09902415265108
 21
21.06527297107632
  0
LINE
  5
7E5
100
AcDbEntity
  8
0
  6
ByLayer
 62
    7
370
   -1
100
AcDbLine
 10
50.09902415265108
 20
21.06527297107632
 11
49.58586428494221
 21
21.06527297107632
  0
LINE
  5
7E6
100
AcDbEntity
  8
0
  6
ByLayer
 62
    7
370
   -1
100
AcDbLine
 10
49.58586428494221
 20
21.06527297107632
 11
49.58586428494221
 21
21.4788605223157
  0
LINE
  5
7E7
100
AcDbEntity
  8
0
  6
ByLayer
 62
    7
370
   -1
100
AcDbLine
 10
50.09902415265108
 20
21.19234327377123
 11
56.64271697548111
 21
21.19234327377123
  0
LINE
  5
7E8
100
AcDbEntity
  8
0
  6
ByLayer
 62
    7
370
   -1
100
AcDbLine
 10
56.64271697548111
 20
21.19234327377123
 11
56.64271697548111
 21
21.35179021962078
  0
LINE
  5
7E9
100
AcDbEntity
  8
0
  6
ByLayer
 62
    7
370
   -1
100
AcDbLine
 10
56.64271697548111
 20
21.35179021962078
 11
50.09902415265108
 21
21.35179021962078
  0
LINE
  5
7EA
100
AcDbEntity
  8
0
  6
ByLayer
 62
    7
370
   -1
100
AcDbLine
 10
50.09902415265108
 20
21.35179021962078
 11
50.09902415265108
 21
21.19234327377123
  0
LINE
  5
7EB
100
AcDbEntity
  8
0
  6
ByLayer
 62
    7
370
   -1
100
AcDbLine
 10
49.68968383974806
 20
21.28820126459836
 11
49.40850672581323
 21
21.28820126459836
  0
LINE
  5
7EC
100
AcDbEntity
  8
0
  6
ByLayer
 62
    7
370
   -1
100
AcDbLine
 10
49.58586428494221
 20
18.56388816594239
 11
50.09902415265108
 21
18.56388816594239
  0
LINE
  5
7ED
100
AcDbEntity
  8
0
  6
ByLayer
 62
    7
370
   -1
100
AcDbLine
 10
50.09902415265108
 20
18.56388816594239
 11
50.09902415265108
 21
18.15030061470292
  0
LINE
  5
7EE
100
AcDbEntity
  8
0
  6
ByLayer
 62
    7
370
   -1
100
AcDbLine
 10
50.09902415265108
 20
18.15030061470292
 11
49.58586428494221
 21
18.15030061470292
  0
LINE
  5
7EF
100
AcDbEntity
  8
0
  6
ByLayer
 62
    7
370
   -1
100
AcDbLine
 10
49.58586428494221
 20
18.15030061470292
 11
49.58586428494221
 21
18.56388816594239
  0
LINE
  5
7F0
100
AcDbEntity
  8
0
  6
ByLayer
 62
    7
370
   -1
100
AcDbLine
 10
50.09902415265108
 20
18.27737091739783
 11
56.64271697548111
 21
18.27737091739783
  0
LINE
  5
7F1
100
AcDbEntity
  8
0
  6
ByLayer
 62
    7
370
   -1
100
AcDbLine
 10
56.64271697548111
 20
18.27737091739783
 11
56.64271697548111
 21
18.43681786324743
  0
LINE
  5
7F2
100
AcDbEntity
  8
0
  6
ByLayer
 62
    7
370
   -1
100
AcDbLine
 10
56.64271697548111
 20
18.43681786324743
 11
50.09902415265108
 21
18.43681786324743
  0
LINE
  5
7F3
100
AcDbEntity
  8
0
  6
ByLayer
 62
    7
370
   -1
100
AcDbLine
 10
50.09902415265108
 20
18.43681786324743
 11
50.09902415265108
 21
18.27737091739783
  0
LINE
  5
7F4
100
AcDbEntity
  8
0
  6
ByLayer
 62
    7
370
   -1
100
AcDbLine
 10
49.40850672581323
 20
21.07303955129911
 11
49.68416314289813
 21
20.82042111451791
  0
LINE
  5
7F5
100
AcDbEntity
  8
0
  6
ByLayer
 62
    7
370
   -1
100
AcDbLine
 10
49.28609541891219
 20
21.30756945909043
 11
48.3149749303202
 21
21.30756945909043
  0
LINE
  5
7F6
100
AcDbEntity
  8
0
  6
ByLayer
 62
    7
370
   -1
100
AcDbLine
 10
48.3149749303202
 20
21.30756945909043
 11
48.3149749303202
 21
23.1337310614464
  0
LINE
  5
7F7
100
AcDbEntity
  8
0
  6
ByLayer
 62
    7
370
   -1
100
AcDbLine
 10
48.3149749303202
 20
23.1337310614464
 11
47.73356065400706
 21
23.1337310614464
  0
LINE
  5
7F8
100
AcDbEntity
  8
0
  6
ByLayer
 62
    7
370
   -1
100
AcDbLine
 10
47.74101458600908
 20
22.93997743423419
 11
48.1211700743681
 21
22.93997743423419
  0
LINE
  5
7F9
100
AcDbEntity
  8
0
  6
ByLayer
 62
    7
370
   -1
100
AcDbLine
 10
48.1211700743681
 20
22.93997743423419
 11
48.1211700743681
 21
20.60410424627461
  0
LINE
  5
7FA
100
AcDbEntity
  8
0
  6
ByLayer
 62
    7
370
   -1
100
AcDbLine
 10
47.57658654119017
 20
22.36433752624658
 11
47.57658654119017
 21
22.62343404348013
  0
LINE
  5
7FB
100
AcDbEntity
  8
0
  6
ByLayer
 62
    7
370
   -1
100
AcDbLine
 10
60.63811060926302
 20
11.32551823145809
 11
60.12495074155508
 21
11.32551823145809
  0
LINE
  5
7FC
100
AcDbEntity
  8
0
  6
ByLayer
 62
    7
370
   -1
100
AcDbLine
 10
60.12495074155508
 20
11.32551823145809
 11
60.12495074155508
 21
11.73910578269756
  0
LINE
  5
7FD
100
AcDbEntity
  8
0
  6
ByLayer
 62
    7
370
   -1
100
AcDbLine
 10
60.12495074155508
 20
11.73910578269756
 11
60.63811060926302
 21
11.73910578269756
  0
LINE
  5
7FE
100
AcDbEntity
  8
0
  6
ByLayer
 62
    7
370
   -1
100
AcDbLine
 10
60.63811060926302
 20
11.73910578269756
 11
60.63811060926302
 21
11.32551823145809
  0
LINE
  5
7FF
100
AcDbEntity
  8
0
  6
ByLayer
 62
    7
370
   -1
100
AcDbLine
 10
60.12495074155508
 20
11.61203548000255
 11
53.58125791872412
 21
11.61203548000255
  0
LINE
  5
800
100
AcDbEntity
  8
0
  6
ByLayer
 62
    7
370
   -1
100
AcDbLine
 10
53.58125791872412
 20
11.61203548000255
 11
53.58125791872412
 21
11.452588534153
  0
LINE
  5
801
100
AcDbEntity
  8
0
  6
ByLayer
 62
    7
370
   -1
100
AcDbLine
 10
53.58125791872412
 20
11.452588534153
 11
60.12495074155508
 21
11.452588534153
  0
LINE
  5
802
100
AcDbEntity
  8
0
  6
ByLayer
 62
    7
370
   -1
100
AcDbLine
 10
60.12495074155508
 20
11.452588534153
 11
60.12495074155508
 21
11.61203548000255
  0
LINE
  5
803
100
AcDbEntity
  8
0
  6
ByLayer
 62
    7
370
   -1
100
AcDbLine
 10
60.63811060926302
 20
14.2404905878314
 11
60.12495074155508
 21
14.2404905878314
  0
LINE
  5
804
100
AcDbEntity
  8
0
  6
ByLayer
 62
    7
370
   -1
100
AcDbLine
 10
60.12495074155508
 20
14.2404905878314
 11
60.12495074155508
 21
14.65407813907087
  0
LINE
  5
805
100
AcDbEntity
  8
0
  6
ByLayer
 62
    7
370
   -1
100
AcDbLine
 10
60.12495074155508
 20
14.65407813907087
 11
60.63811060926302
 21
14.65407813907087
  0
LINE
  5
806
100
AcDbEntity
  8
0
  6
ByLayer
 62
    7
370
   -1
100
AcDbLine
 10
60.63811060926302
 20
14.65407813907087
 11
60.63811060926302
 21
14.2404905878314
  0
LINE
  5
807
100
AcDbEntity
  8
0
  6
ByLayer
 62
    7
370
   -1
100
AcDbLine
 10
60.12495074155508
 20
14.52700783637609
 11
53.58125791872412
 21
14.52700783637609
  0
LINE
  5
808
100
AcDbEntity
  8
0
  6
ByLayer
 62
    7
370
   -1
100
AcDbLine
 10
53.58125791872412
 20
14.52700783637609
 11
53.58125791872412
 21
14.3675608905264
  0
LINE
  5
809
100
AcDbEntity
  8
0
  6
ByLayer
 62
    7
370
   -1
100
AcDbLine
 10
53.58125791872412
 20
14.3675608905264
 11
60.12495074155508
 21
14.3675608905264
  0
LINE
  5
80A
100
AcDbEntity
  8
0
  6
ByLayer
 62
    7
370
   -1
100
AcDbLine
 10
60.12495074155508
 20
14.3675608905264
 11
60.12495074155508
 21
14.52700783637609
  0
LINE
  5
80B
100
AcDbEntity
  8
0
  6
ByLayer
 62
    7
370
   -1
100
AcDbLine
 10
49.33928431266406
 20
20.7433464212249
 11
49.5598027116411
 21
20.7433464212249
  0
LINE
  5
80C
100
AcDbEntity
  8
0
  6
ByLayer
 62
    7
370
   -1
100
AcDbLine
 10
49.5598027116411
 20
20.7433464212249
 11
49.5598027116411
 21
14.93216184295868
  0
LINE
  5
80D
100
AcDbEntity
  8
0
  6
ByLayer
 62
    7
370
   -1
100
AcDbLine
 10
49.34827322929403
 20
20.4408140150289
 11
49.51116523110917
 21
20.4408140150289
  0
LINE
  5
80E
100
AcDbEntity
  8
0
  6
ByLayer
 62
    7
370
   -1
100
AcDbLine
 10
50.33548185108798
 20
15.16080242993618
 11
50.80492038361219
 21
15.16080242993618
  0
LINE
  5
80F
100
AcDbEntity
  8
0
  6
ByLayer
 62
    7
370
   -1
100
AcDbLine
 10
50.80492038361219
 20
15.16080242993618
 11
50.80492038361219
 21
14.70352125598123
  0
LINE
  5
810
100
AcDbEntity
  8
0
  6
ByLayer
 62
    7
370
   -1
100
AcDbLine
 10
50.80492038361219
 20
14.70352125598123
 11
50.33548185108798
 21
14.70352125598123
  0
LINE
  5
811
100
AcDbEntity
  8
0
  6
ByLayer
 62
    7
370
   -1
100
AcDbLine
 10
50.33548185108798
 20
14.70352125598123
 11
50.33548185108798
 21
15.16080242993618
  0
LINE
  5
812
100
AcDbEntity
  8
0
  6
ByLayer
 62
    7
370
   -1
100
AcDbLine
 10
49.90524067274606
 20
22.24040132385508
 11
47.59580474863409
 21
22.24040132385508
  0
LINE
  5
813
100
AcDbEntity
  8
0
  6
ByLayer
 62
    7
370
   -1
100
AcDbLine
 10
49.78315136091315
 20
22.06483831789375
 11
47.58351058590198
 21
22.06483831789375
  0
LINE
  5
814
100
AcDbEntity
  8
0
  6
ByLayer
 62
    7
370
   -1
100
AcDbLine
 10
51.15653681879119
 20
25.56603271200396
 11
51.15653681879119
 21
30.626312660008
  0
LINE
  5
815
100
AcDbEntity
  8
0
  6
ByLayer
 62
    7
370
   -1
100
AcDbLine
 10
51.6507983193551
 20
25.56603271200396
 11
51.6507983193551
 21
24.60321014721029
  0
LINE
  5
816
100
AcDbEntity
  8
0
  6
ByLayer
 62
    7
370
   -1
100
AcDbLine
 10
51.6507983193551
 20
24.60321014721029
 11
47.72214316720525
 21
24.60321014721029
  0
LINE
  5
817
100
AcDbEntity
  8
0
  6
ByLayer
 62
    7
370
   -1
100
AcDbLine
 10
47.72214316720525
 20
24.60321014721029
 11
47.72214316720525
 21
23.61402044763805
  0
LINE
  5
818
100
AcDbEntity
  8
0
  6
ByLayer
 62
    7
370
   -1
100
AcDbLine
 10
47.80554837184808
 20
23.39735147958568
 11
47.80554837184808
 21
24.42959180517538
  0
LINE
  5
819
100
AcDbEntity
  8
0
  6
ByLayer
 62
    7
370
   -1
100
AcDbLine
 10
47.80554837184808
 20
24.42959180517538
 11
78.71883655255016
 21
24.42959180517538
  0
LINE
  5
81A
100
AcDbEntity
  8
0
  6
ByLayer
 62
    7
370
   -1
100
AcDbLine
 10
64.42052791570316
 20
20.85905335416759
 11
64.42052791570316
 21
20.67760884167106
  0
LINE
  5
81B
100
AcDbEntity
  8
0
  6
ByLayer
 62
    7
370
   -1
100
AcDbLine
 10
64.42052791570316
 20
20.67760884167106
 11
63.84094322752398
 21
20.67760884167106
  0
LINE
  5
81C
100
AcDbEntity
  8
0
  6
ByLayer
 62
    7
370
   -1
100
AcDbLine
 10
63.84094322752398
 20
20.67760884167106
 11
63.84094322752398
 21
20.85905335416759
  0
LINE
  5
81D
100
AcDbEntity
  8
0
  6
ByLayer
 62
    7
370
   -1
100
AcDbLine
 10
63.84094322752398
 20
20.85905335416759
 11
64.42052791570316
 21
20.85905335416759
  0
LINE
  5
81E
100
AcDbEntity
  8
0
  6
ByLayer
 62
    7
370
   -1
100
AcDbLine
 10
59.33973452991502
 20
23.38655450349381
 11
59.60183147879916
 21
23.38655450349381
  0
LINE
  5
81F
100
AcDbEntity
  8
0
  6
ByLayer
 62
    7
370
   -1
100
AcDbLine
 10
59.60183147879916
 20
23.38655450349381
 11
59.60183147879916
 21
23.11425106061289
  0
LINE
  5
820
100
AcDbEntity
  8
0
  6
ByLayer
 62
    7
370
   -1
100
AcDbLine
 10
59.60183147879916
 20
23.11425106061289
 11
59.33973452991502
 21
23.11425106061289
  0
LINE
  5
821
100
AcDbEntity
  8
0
  6
ByLayer
 62
    7
370
   -1
100
AcDbLine
 10
59.33973452991502
 20
23.11425106061289
 11
59.33973452991502
 21
23.38655450349381
  0
LINE
  5
822
100
AcDbEntity
  8
0
  6
ByLayer
 62
    7
370
   -1
100
AcDbLine
 10
59.33973452991502
 20
22.39028922075415
 11
59.60183147879916
 21
22.39028922075415
  0
LINE
  5
823
100
AcDbEntity
  8
0
  6
ByLayer
 62
    7
370
   -1
100
AcDbLine
 10
59.60183147879916
 20
22.39028922075415
 11
59.60183147879916
 21
22.11798577787351
  0
LINE
  5
824
100
AcDbEntity
  8
0
  6
ByLayer
 62
    7
370
   -1
100
AcDbLine
 10
59.60183147879916
 20
22.11798577787351
 11
59.33973452991502
 21
22.11798577787351
  0
LINE
  5
825
100
AcDbEntity
  8
0
  6
ByLayer
 62
    7
370
   -1
100
AcDbLine
 10
59.33973452991502
 20
22.11798577787351
 11
59.33973452991502
 21
22.39028922075415
  0
LINE
  5
826
100
AcDbEntity
  8
0
  6
ByLayer
 62
    7
370
   -1
100
AcDbLine
 10
60.01827965974213
 20
23.38655450349381
 11
60.28037660862702
 21
23.38655450349381
  0
LINE
  5
827
100
AcDbEntity
  8
0
  6
ByLayer
 62
    7
370
   -1
100
AcDbLine
 10
60.28037660862702
 20
23.38655450349381
 11
60.28037660862702
 21
23.11425106061289
  0
LINE
  5
828
100
AcDbEntity
  8
0
  6
ByLayer
 62
    7
370
   -1
100
AcDbLine
 10
60.28037660862702
 20
23.11425106061289
 11
60.01827965974213
 21
23.11425106061289
  0
LINE
  5
829
100
AcDbEntity
  8
0
  6
ByLayer
 62
    7
370
   -1
100
AcDbLine
 10
60.01827965974213
 20
23.11425106061289
 11
60.01827965974213
 21
23.38655450349381
  0
LINE
  5
82A
100
AcDbEntity
  8
0
  6
ByLayer
 62
    7
370
   -1
100
AcDbLine
 10
60.01827965974213
 20
22.39028922075415
 11
60.28037660862702
 21
22.39028922075415
  0
LINE
  5
82B
100
AcDbEntity
  8
0
  6
ByLayer
 62
    7
370
   -1
100
AcDbLine
 10
60.28037660862702
 20
22.39028922075415
 11
60.28037660862702
 21
22.11798577787351
  0
LINE
  5
82C
100
AcDbEntity
  8
0
  6
ByLayer
 62
    7
370
   -1
100
AcDbLine
 10
60.28037660862702
 20
22.11798577787351
 11
60.01827965974213
 21
22.11798577787351
  0
LINE
  5
82D
100
AcDbEntity
  8
0
  6
ByLayer
 62
    7
370
   -1
100
AcDbLine
 10
60.01827965974213
 20
22.11798577787351
 11
60.01827965974213
 21
22.39028922075415
  0
LINE
  5
82E
100
AcDbEntity
  8
0
  6
ByLayer
 62
    7
370
   -1
100
AcDbLine
 10
60.32389101338111
 20
23.68064194269241
 11
60.83821343992505
 21
23.68064194269241
  0
LINE
  5
82F
100
AcDbEntity
  8
0
  6
ByLayer
 62
    7
370
   -1
100
AcDbLine
 10
60.83821343992505
 20
23.68064194269241
 11
60.83821343992505
 21
23.50987724215183
  0
LINE
  5
830
100
AcDbEntity
  8
0
  6
ByLayer
 62
    7
370
   -1
100
AcDbLine
 10
60.83821343992505
 20
23.50987724215183
 11
60.32389101338111
 21
23.50987724215183
  0
LINE
  5
831
100
AcDbEntity
  8
0
  6
ByLayer
 62
    7
370
   -1
100
AcDbLine
 10
60.32389101338111
 20
23.50987724215183
 11
60.32389101338111
 21
23.68064194269241
  0
LINE
  5
832
100
AcDbEntity
  8
0
  6
ByLayer
 62
    7
370
   -1
100
AcDbLine
 10
60.58105222665308
 20
24.01385705619688
 11
48.98713230835214
 21
24.01385705619688
  0
LINE
  5
833
100
AcDbEntity
  8
0
  6
ByLayer
 62
    7
370
   -1
100
AcDbLine
 10
48.98713230835214
 20
24.01385705619688
 11
48.98713230835214
 21
22.10377735587188
  0
LINE
  5
834
100
AcDbEntity
  8
0
  6
ByLayer
 62
    7
370
   -1
100
AcDbLine
 10
48.98713230835214
 20
22.10377735587188
 11
49.31819890083811
 21
22.10377735587188
  0
LINE
  5
835
100
AcDbEntity
  8
0
  6
ByLayer
 62
    7
370
   -1
100
AcDbLine
 10
59.43821343992514
 20
23.93310525172932
 11
60.33821343992518
 21
23.93310525172941
  0
LINE
  5
836
100
AcDbEntity
  8
0
  6
ByLayer
 62
    7
370
   -1
100
AcDbLine
 10
61.08518697922018
 20
24.14649920785866
 11
61.08518697922018
 21
26.05959939555743
  0
LINE
  5
837
100
AcDbEntity
  8
0
  6
ByLayer
 62
    7
370
   -1
100
AcDbLine
 10
61.08518697922018
 20
24.14649920785866
 11
49.06491331765503
 21
24.14656757681415
  0
LINE
  5
838
100
AcDbEntity
  8
0
  6
ByLayer
 62
    7
370
   -1
100
AcDbLine
 10
49.06491331765503
 20
22.20073171258567
 11
49.31715633577913
 21
22.20073171258567
  0
LINE
  5
839
100
AcDbEntity
  8
0
  6
ByLayer
 62
    7
370
   -1
100
AcDbLine
 10
49.29053943993607
 20
21.81825078437342
 11
48.43156262507613
 21
21.81825078437342
  0
LINE
  5
83A
100
AcDbEntity
  8
0
  6
ByLayer
 62
    7
370
   -1
100
AcDbLine
 10
48.43156262507613
 20
21.81825078437342
 11
48.43156262507613
 21
23.31765294392537
  0
LINE
  5
83B
100
AcDbEntity
  8
0
  6
ByLayer
 62
    7
370
   -1
100
AcDbLine
 10
48.43156262507613
 20
23.31765294392537
 11
47.68646242765696
 21
23.31765294392537
  0
LINE
  5
83C
100
AcDbEntity
  8
0
  6
ByLayer
 62
    7
370
   -1
100
AcDbLine
 10
67.28143304311705
 20
25.78567784621129
 11
69.98308441439401
 21
25.78567784621129
  0
LINE
  5
83D
100
AcDbEntity
  8
0
  6
ByLayer
 62
    7
370
   -1
100
AcDbLine
 10
69.98308441439401
 20
25.78567784621129
 11
69.98308441439401
 21
24.85584649396831
  0
LINE
  5
83E
100
AcDbEntity
  8
0
  6
ByLayer
 62
    7
370
   -1
100
AcDbLine
 10
69.98308441439401
 20
24.85584649396831
 11
67.28143304311705
 21
24.85584649396831
  0
LINE
  5
83F
100
AcDbEntity
  8
0
  6
ByLayer
 62
    7
370
   -1
100
AcDbLine
 10
67.28143304311705
 20
24.85584649396831
 11
67.28143304311705
 21
25.78567784621129
  0
LINE
  5
840
100
AcDbEntity
  8
0
  6
ByLayer
 62
    7
370
   -1
100
AcDbLine
 10
71.05099202489903
 20
25.78567784621129
 11
73.752643396176
 21
25.78567784621129
  0
LINE
  5
841
100
AcDbEntity
  8
0
  6
ByLayer
 62
    7
370
   -1
100
AcDbLine
 10
73.752643396176
 20
25.78567784621129
 11
73.752643396176
 21
24.85584649396831
  0
LINE
  5
842
100
AcDbEntity
  8
0
  6
ByLayer
 62
    7
370
   -1
100
AcDbLine
 10
73.752643396176
 20
24.85584649396831
 11
71.05099202489903
 21
24.85584649396831
  0
LINE
  5
843
100
AcDbEntity
  8
0
  6
ByLayer
 62
    7
370
   -1
100
AcDbLine
 10
71.05099202489903
 20
24.85584649396831
 11
71.05099202489903
 21
25.78567784621129
  0
LINE
  5
844
100
AcDbEntity
  8
0
  6
ByLayer
 62
    7
370
   -1
100
AcDbLine
 10
74.88202211189009
 20
25.78567784621129
 11
77.58367348316705
 21
25.78567784621129
  0
LINE
  5
845
100
AcDbEntity
  8
0
  6
ByLayer
 62
    7
370
   -1
100
AcDbLine
 10
77.58367348316705
 20
25.78567784621129
 11
77.58367348316705
 21
24.85584649396831
  0
LINE
  5
846
100
AcDbEntity
  8
0
  6
ByLayer
 62
    7
370
   -1
100
AcDbLine
 10
77.58367348316705
 20
24.85584649396831
 11
74.88202211189009
 21
24.85584649396831
  0
LINE
  5
847
100
AcDbEntity
  8
0
  6
ByLayer
 62
    7
370
   -1
100
AcDbLine
 10
74.88202211189009
 20
24.85584649396831
 11
74.88202211189009
 21
25.78567784621129
  0
LINE
  5
848
100
AcDbEntity
  8
0
  6
ByLayer
 62
    7
370
   -1
100
AcDbLine
 10
78.80163087023212
 20
25.78567784621129
 11
81.50328224150908
 21
25.78567784621129
  0
LINE
  5
849
100
AcDbEntity
  8
0
  6
ByLayer
 62
    7
370
   -1
100
AcDbLine
 10
81.50328224150908
 20
25.78567784621129
 11
81.50328224150908
 21
24.85584649396831
  0
LINE
  5
84A
100
AcDbEntity
  8
0
  6
ByLayer
 62
    7
370
   -1
100
AcDbLine
 10
81.50328224150908
 20
24.85584649396831
 11
78.80163087023212
 21
24.85584649396831
  0
LINE
  5
84B
100
AcDbEntity
  8
0
  6
ByLayer
 62
    7
370
   -1
100
AcDbLine
 10
78.80163087023212
 20
24.85584649396831
 11
78.80163087023212
 21
25.78567784621129
  0
LINE
  5
84C
100
AcDbEntity
  8
0
  6
ByLayer
 62
    5
370
   -1
100
AcDbLine
 10
49.58586428494221
 20
15.98064194269219
 11
58.78821343992409
 21
15.98064194269219
  0
LINE
  5
84D
100
AcDbEntity
  8
0
  6
ByLayer
 62
    7
370
   -1
100
AcDbLine
 10
43.2578497848891
 20
8.218694963555798
 11
43.63654474844405
 21
8.218694963555798
  0
LINE
  5
84E
100
AcDbEntity
  8
0
  6
ByLayer
 62
    7
370
   -1
100
AcDbLine
 10
43.63654474844405
 20
8.218694963555798
 11
43.63654474844405
 21
7.839999999999972
  0
LINE
  5
84F
100
AcDbEntity
  8
0
  6
ByLayer
 62
    7
370
   -1
100
AcDbLine
 10
43.63654474844405
 20
7.839999999999972
 11
43.2578497848891
 21
7.839999999999972
  0
LINE
  5
850
100
AcDbEntity
  8
0
  6
ByLayer
 62
    7
370
   -1
100
AcDbLine
 10
43.2578497848891
 20
7.839999999999972
 11
43.2578497848891
 21
8.218694963555798
  0
LINE
  5
851
100
AcDbEntity
  8
0
  6
ByLayer
 62
    7
370
   -1
100
AcDbLine
 10
49.72521176672004
 20
8.079347481777932
 11
48.21580220845404
 21
8.079347481777932
  0
LINE
  5
852
100
AcDbEntity
  8
0
  6
ByLayer
 62
    7
370
   -1
100
AcDbLine
 10
49.34651680316398
 20
8.079347481777932
 11
43.63654474844405
 21
8.079347481777932
  0
LINE
  5
853
100
AcDbEntity
  8
0
  6
ByLayer
 62
    7
370
   -1
100
AcDbLine
 10
49.72521176672004
 20
7.971936403606551
 11
43.63654474844405
 21
7.971936403606551
  0
LINE
  5
854
100
AcDbEntity
  8
0
  6
ByLayer
 62
    7
370
   -1
100
AcDbLine
 10
43.49719726666605
 20
8.218694963555798
 11
43.49719726666605
 21
23.66941175147785
  0
LINE
  5
855
100
AcDbEntity
  8
0
  6
ByLayer
 62
    7
370
   -1
100
AcDbLine
 10
43.39719726666619
 20
8.218694963555798
 11
43.39719726666619
 21
23.66941175147785
  0
LINE
  5
856
100
AcDbEntity
  8
0
  6
ByLayer
 62
    7
370
   -1
100
AcDbLine
 10
43.25102116697116
 20
24.04810671503367
 11
43.62971613052703
 21
24.04810671503367
  0
LINE
  5
857
100
AcDbEntity
  8
0
  6
ByLayer
 62
    7
370
   -1
100
AcDbLine
 10
43.62971613052703
 20
24.04810671503367
 11
43.62971613052703
 21
23.66941175147785
  0
LINE
  5
858
100
AcDbEntity
  8
0
  6
ByLayer
 62
    7
370
   -1
100
AcDbLine
 10
43.62971613052703
 20
23.66941175147785
 11
43.25102116697116
 21
23.66941175147785
  0
LINE
  5
859
100
AcDbEntity
  8
0
  6
ByLayer
 62
    7
370
   -1
100
AcDbLine
 10
43.25102116697116
 20
23.66941175147785
 11
43.25102116697116
 21
24.04810671503367
  0
LINE
  5
85A
100
AcDbEntity
  8
0
  6
ByLayer
 62
    7
370
   -1
100
AcDbLine
 10
43.62971613052703
 20
23.80687359721091
 11
48.08704423639713
 21
23.80687359721091
  0
LINE
  5
85B
100
AcDbEntity
  8
0
  6
ByLayer
 62
    6
370
   -1
100
AcDbLine
 10
47.38586428494212
 20
20.13310525172939
 11
45.5858642849422
 21
20.13310525172939
  0
LINE
  5
85C
100
AcDbEntity
  8
0
  6
ByLayer
 62
    6
370
   -1
100
AcDbLine
 10
45.5858642849422
 20
20.13310525172939
 11
45.48586428494215
 21
20.13310525172939
  0
LINE
  5
85D
100
AcDbEntity
  8
0
  6
ByLayer
 62
    6
370
   -1
100
AcDbLine
 10
45.48586428494215
 20
20.13310525172939
 11
45.48586428494215
 21
20.23310525172939
  0
LINE
  5
85E
100
AcDbEntity
  8
0
  6
ByLayer
 62
    6
370
   -1
100
AcDbLine
 10
45.48586428494215
 20
20.23310525172939
 11
47.38586428494212
 21
20.23310525172939
  0
LINE
  5
85F
100
AcDbEntity
  8
0
  6
ByLayer
 62
    7
370
   -1
100
AcDbLine
 10
46.58586428494211
 20
21.19310525172941
 11
44.29719726666605
 21
21.19310525172941
  0
LINE
  5
860
100
AcDbEntity
  8
0
  6
ByLayer
 62
    7
370
   -1
100
AcDbLine
 10
44.29719726666605
 20
21.19310525172941
 11
45.34719726666617
 21
21.19310525172941
  0
LINE
  5
861
100
AcDbEntity
  8
0
  6
ByLayer
 62
    7
370
   -1
100
AcDbLine
 10
45.34719726666617
 20
21.19310525172941
 11
45.34719726666617
 21
23.80687359721091
  0
LINE
  5
862
100
AcDbEntity
  8
0
  6
ByLayer
 62
    7
370
   -1
100
AcDbLine
 10
45.44719726666622
 20
21.19310525172941
 11
45.44719726666622
 21
23.80687359721091
  0
LINE
  5
863
100
AcDbEntity
  8
0
  6
ByLayer
 62
    7
370
   -1
100
AcDbLine
 10
44.29719726666605
 20
22.9768735972109
 11
45.34719726666617
 21
22.9768735972109
  0
LINE
  5
864
100
AcDbEntity
  8
0
  6
ByLayer
 62
    7
370
   -1
100
AcDbLine
 10
44.29719726666605
 20
22.8768735972109
 11
45.34719726666617
 21
22.8768735972109
  0
LINE
  5
865
100
AcDbEntity
  8
0
  6
ByLayer
 62
    7
370
   -1
100
AcDbLine
 10
45.44719726666622
 20
22.9768735972109
 11
46.58586428494211
 21
22.9768735972109
  0
LINE
  5
866
100
AcDbEntity
  8
0
  6
ByLayer
 62
    7
370
   -1
100
AcDbLine
 10
45.44719726666622
 20
22.8768735972109
 11
46.58586428494211
 21
22.8768735972109
  0
LINE
  5
867
100
AcDbEntity
  8
0
  6
ByLayer
 62
    6
370
   -1
100
AcDbLine
 10
47.48586428494216
 20
21.09310525172945
 11
47.38586428494212
 21
21.09310525172945
  0
LINE
  5
868
100
AcDbEntity
  8
0
  6
ByLayer
 62
    7
370
   -1
100
AcDbLine
 10
44.29719726666605
 20
21.19310525172941
 11
44.3971972666661
 21
21.19310525172941
  0
LINE
  5
869
100
AcDbEntity
  8
0
  6
ByLayer
 62
    7
370
   -1
100
AcDbLine
 10
44.29719726666605
 20
21.19310525172941
 11
44.29719726666605
 21
21.09310525172945
  0
LINE
  5
86A
100
AcDbEntity
  8
0
  6
ByLayer
 62
    7
370
   -1
100
AcDbLine
 10
46.58586428494211
 20
21.19310525172941
 11
46.58586428494211
 21
21.09310525172945
  0
LINE
  5
86B
100
AcDbEntity
  8
0
  6
ByLayer
 62
    7
370
   -1
100
AcDbLine
 10
46.58586428494211
 20
21.09310525172945
 11
44.29719726666605
 21
21.09310525172945
  0
LINE
  5
86C
100
AcDbEntity
  8
0
  6
ByLayer
 62
    7
370
   -1
100
AcDbLine
 10
44.29719726666605
 20
22.9768735972109
 11
44.29719726666605
 21
22.8768735972109
  0
LINE
  5
86D
100
AcDbEntity
  8
0
  6
ByLayer
 62
    7
370
   -1
100
AcDbLine
 10
46.58586428494211
 20
22.9768735972109
 11
46.58586428494211
 21
22.8768735972109
  0
LINE
  5
86E
100
AcDbEntity
  8
0
  6
ByLayer
 62
    7
370
   -1
100
AcDbLine
 10
43.49719726666605
 20
21.19310525172941
 11
43.54568873092724
 21
21.19310525172941
  0
LINE
  5
86F
100
AcDbEntity
  8
0
  6
ByLayer
 62
    7
370
   -1
100
AcDbLine
 10
43.54568873092724
 20
21.19310525172941
 11
43.54568873092724
 21
21.09310525172941
  0
LINE
  5
870
100
AcDbEntity
  8
0
  6
ByLayer
 62
    7
370
   -1
100
AcDbLine
 10
43.54568873092724
 20
21.09310525172941
 11
43.49719726666605
 21
21.09310525172941
  0
LINE
  5
871
100
AcDbEntity
  8
0
  6
ByLayer
 62
    7
370
   -1
100
AcDbLine
 10
43.54568873092724
 20
21.19310525172941
 11
43.54568873092724
 21
21.94461378746868
  0
LINE
  5
872
100
AcDbEntity
  8
0
  6
ByLayer
 62
    7
370
   -1
100
AcDbLine
 10
43.49719726666605
 20
22.9768735972109
 11
43.54568873092724
 21
22.9768735972109
  0
LINE
  5
873
100
AcDbEntity
  8
0
  6
ByLayer
 62
    7
370
   -1
100
AcDbLine
 10
43.54568873092724
 20
22.9768735972109
 11
43.54568873092724
 21
22.8768735972109
  0
LINE
  5
874
100
AcDbEntity
  8
0
  6
ByLayer
 62
    7
370
   -1
100
AcDbLine
 10
43.54568873092724
 20
22.8768735972109
 11
43.49719726666605
 21
22.8768735972109
  0
LINE
  5
875
100
AcDbEntity
  8
0
  6
ByLayer
 62
    7
370
   -1
100
AcDbLine
 10
43.54568873092724
 20
22.9768735972109
 11
43.54568873092724
 21
23.72838213295017
  0
LINE
  5
876
100
AcDbEntity
  8
0
  6
ByLayer
 62
    7
370
   -1
100
AcDbLine
 10
47.38586428494212
 20
22.9768735972109
 11
47.33737282068111
 21
22.9768735972109
  0
LINE
  5
877
100
AcDbEntity
  8
0
  6
ByLayer
 62
    7
370
   -1
100
AcDbLine
 10
47.33737282068111
 20
22.9768735972109
 11
47.33737282068111
 21
22.8768735972109
  0
LINE
  5
878
100
AcDbEntity
  8
0
  6
ByLayer
 62
    7
370
   -1
100
AcDbLine
 10
47.33737282068111
 20
22.8768735972109
 11
47.38586428494212
 21
22.8768735972109
  0
LINE
  5
879
100
AcDbEntity
  8
0
  6
ByLayer
 62
    7
370
   -1
100
AcDbLine
 10
47.33737282068111
 20
22.9768735972109
 11
47.33737282068111
 21
23.72838213295017
  0
LINE
  5
87A
100
AcDbEntity
  8
0
  6
ByLayer
 62
    7
370
   -1
100
AcDbLine
 10
46.58586428494211
 20
21.19310525172941
 11
46.48586428494225
 21
21.19310525172945
  0
LINE
  5
87B
100
AcDbEntity
  8
0
  6
ByLayer
 62
    7
370
   -1
100
AcDbLine
 10
47.38586428494212
 20
21.19310525172945
 11
47.33737282068111
 21
21.19310525172945
  0
LINE
  5
87C
100
AcDbEntity
  8
0
  6
ByLayer
 62
    7
370
   -1
100
AcDbLine
 10
47.33737282068111
 20
21.19310525172945
 11
47.33737282068111
 21
21.09310525172959
  0
LINE
  5
87D
100
AcDbEntity
  8
0
  6
ByLayer
 62
    7
370
   -1
100
AcDbLine
 10
47.33737282068111
 20
21.09310525172959
 11
47.38586428494212
 21
21.09310525172945
  0
LINE
  5
87E
100
AcDbEntity
  8
0
  6
ByLayer
 62
    7
370
   -1
100
AcDbLine
 10
47.33737282068111
 20
21.19310525172945
 11
47.33737282068111
 21
21.94461378746873
  0
LINE
  5
87F
100
AcDbEntity
  8
0
  6
ByLayer
 62
    7
370
   -1
100
AcDbLine
 10
49.80130644191212
 20
12.16486417857592
 11
51.00130644191213
 21
12.16486417857592
  0
LINE
  5
880
100
AcDbEntity
  8
0
  6
ByLayer
 62
    7
370
   -1
100
AcDbLine
 10
52.20130644191214
 20
11.56486417857591
 11
52.20130644191214
 21
12.16486417857592
  0
LINE
  5
881
100
AcDbEntity
  8
0
  6
ByLayer
 62
    7
370
   -1
100
AcDbLine
 10
53.40130644191214
 20
12.16486417857592
 11
53.40130644191214
 21
11.56486417857591
  0
LINE
  5
882
100
AcDbEntity
  8
0
  6
ByLayer
 62
    7
370
   -1
100
AcDbLine
 10
53.40130644191214
 20
11.56486417857591
 11
52.20130644191214
 21
11.56486417857591
  0
LINE
  5
883
100
AcDbEntity
  8
0
  6
ByLayer
 62
    7
370
   -1
100
AcDbLine
 10
52.20130644191214
 20
10.96486417857577
 11
52.20130644191214
 21
11.56486417857591
  0
LINE
  5
884
100
AcDbEntity
  8
0
  6
ByLayer
 62
    7
370
   -1
100
AcDbLine
 10
53.40130644191214
 20
11.56486417857591
 11
53.40130644191214
 21
10.96486417857577
  0
LINE
  5
885
100
AcDbEntity
  8
0
  6
ByLayer
 62
    7
370
   -1
100
AcDbLine
 10
52.20130644191214
 20
10.96486417857577
 11
53.40130644191214
 21
10.96486417857577
  0
LINE
  5
886
100
AcDbEntity
  8
0
  6
ByLayer
 62
    7
370
   -1
100
AcDbLine
 10
52.20130644191214
 20
12.16486417857592
 11
53.40130644191214
 21
12.16486417857592
  0
LINE
  5
887
100
AcDbEntity
  8
0
  6
ByLayer
 62
    7
370
   -1
100
AcDbLine
 10
55.59636661185007
 20
14.8046802325804
 11
55.39636661184997
 21
14.8046802325804
  0
LINE
  5
888
100
AcDbEntity
  8
0
  6
ByLayer
 62
    7
370
   -1
100
AcDbLine
 10
55.39636661184997
 20
14.8046802325804
 11
55.39636661184997
 21
11.20468023258039
  0
LINE
  5
889
100
AcDbEntity
  8
0
  6
ByLayer
 62
    7
370
   -1
100
AcDbLine
 10
55.59636661185007
 20
11.20468023258039
 11
55.39636661184997
 21
11.20468023258039
  0
LINE
  5
88A
100
AcDbEntity
  8
0
  6
ByLayer
 62
    7
370
   -1
100
AcDbLine
 10
55.59636661185007
 20
13.60468023258039
 11
55.39636661184997
 21
13.60468023258039
  0
LINE
  5
88B
100
AcDbEntity
  8
0
  6
ByLayer
 62
    7
370
   -1
100
AcDbLine
 10
55.59636661185007
 20
12.40468023258039
 11
55.39636661184997
 21
12.40468023258039
  0
LINE
  5
88C
100
AcDbEntity
  8
0
  6
ByLayer
 62
    7
370
   -1
100
AcDbLine
 10
59.19636661185007
 20
14.8046802325804
 11
59.39636661184998
 21
14.8046802325804
  0
LINE
  5
88D
100
AcDbEntity
  8
0
  6
ByLayer
 62
    7
370
   -1
100
AcDbLine
 10
59.39636661184998
 20
14.8046802325804
 11
59.39636661184998
 21
11.20468023258039
  0
LINE
  5
88E
100
AcDbEntity
  8
0
  6
ByLayer
 62
    7
370
   -1
100
AcDbLine
 10
59.39636661184998
 20
11.20468023258039
 11
59.19636661185007
 21
11.20468023258039
  0
LINE
  5
88F
100
AcDbEntity
  8
0
  6
ByLayer
 62
    7
370
   -1
100
AcDbLine
 10
59.19636661185007
 20
12.40468023258039
 11
59.39636661184998
 21
12.40468023258039
  0
LINE
  5
890
100
AcDbEntity
  8
0
  6
ByLayer
 62
    7
370
   -1
100
AcDbLine
 10
59.19636661185007
 20
13.60468023258039
 11
59.39636661184998
 21
13.60468023258039
  0
LINE
  5
891
100
AcDbEntity
  8
0
  6
ByLayer
 62
    7
370
   -1
100
AcDbLine
 10
53.40130644191214
 20
12.16486417857592
 11
53.40130644191214
 21
12.36486417857592
  0
LINE
  5
892
100
AcDbEntity
  8
0
  6
ByLayer
 62
    5
370
   -1
100
AcDbLine
 10
52.20130644191214
 20
12.36486417857592
 11
51.00130644191213
 21
12.36486417857592
  0
LINE
  5
893
100
AcDbEntity
  8
0
  6
ByLayer
 62
    7
370
   -1
100
AcDbLine
 10
49.80130644191212
 20
12.16486417857592
 11
49.80130644191212
 21
12.36486417857592
  0
LINE
  5
894
100
AcDbEntity
  8
0
  6
ByLayer
 62
    7
370
   -1
100
AcDbLine
 10
52.20130644191214
 20
12.16486417857592
 11
52.20130644191214
 21
12.36486417857592
  0
LINE
  5
895
100
AcDbEntity
  8
0
  6
ByLayer
 62
    7
370
   -1
100
AcDbLine
 10
51.00130644191213
 20
12.16486417857592
 11
51.00130644191213
 21
12.36486417857592
  0
LINE
  5
896
100
AcDbEntity
  8
0
  6
ByLayer
 62
    7
370
   -1
100
AcDbLine
 10
52.20130644191214
 20
10.96486417857577
 11
51.00130644191213
 21
10.96486417857577
  0
LINE
  5
897
100
AcDbEntity
  8
0
  6
ByLayer
 62
    7
370
   -1
100
AcDbLine
 10
49.80130644191212
 20
12.36486417857592
 11
51.00130644191213
 21
12.36486417857592
  0
LINE
  5
898
100
AcDbEntity
  8
0
  6
ByLayer
 62
    7
370
   -1
100
AcDbLine
 10
52.20130644191214
 20
12.36486417857592
 11
53.40130644191214
 21
12.36486417857592
  0
LINE
  5
899
100
AcDbEntity
  8
0
  6
ByLayer
 62
    5
370
   -1
100
AcDbLine
 10
51.00130644191213
 20
12.16486417857592
 11
52.20130644191214
 21
12.16486417857592
  0
LINE
  5
89A
100
AcDbEntity
  8
0
  6
ByLayer
 62
    7
370
   -1
100
AcDbLine
 10
51.09551126917512
 20
14.64258681227749
 11
51.09551126917512
 21
15.24258681227749
  0
LINE
  5
89B
100
AcDbEntity
  8
0
  6
ByLayer
 62
    7
370
   -1
100
AcDbLine
 10
52.29551126917512
 20
15.24258681227749
 11
52.29551126917512
 21
14.64258681227749
  0
LINE
  5
89C
100
AcDbEntity
  8
0
  6
ByLayer
 62
    7
370
   -1
100
AcDbLine
 10
52.29551126917512
 20
14.64258681227749
 11
51.09551126917512
 21
14.64258681227749
  0
LINE
  5
89D
100
AcDbEntity
  8
0
  6
ByLayer
 62
    7
370
   -1
100
AcDbLine
 10
51.09551126917512
 20
15.24258681227749
 11
52.29551126917512
 21
15.24258681227749
  0
LINE
  5
89E
100
AcDbEntity
  8
0
  6
ByLayer
 62
    7
370
   -1
100
AcDbLine
 10
50.33548185108798
 20
14.93216184295868
 11
49.5598027116411
 21
14.93216184295868
  0
LINE
  5
89F
100
AcDbEntity
  8
0
  6
ByLayer
 62
    7
370
   -1
100
AcDbLine
 10
51.00130644191213
 20
12.16486417857592
 11
51.60130644191315
 21
12.16486417857592
  0
LINE
  5
8A0
100
AcDbEntity
  8
0
  6
ByLayer
 62
    7
370
   -1
100
AcDbLine
 10
51.60130644191315
 20
12.16486417857592
 11
51.60130644191315
 21
11.56486417857591
  0
LINE
  5
8A1
100
AcDbEntity
  8
0
  6
ByLayer
 62
    7
370
   -1
100
AcDbLine
 10
51.60130644191315
 20
11.56486417857591
 11
51.00130644191213
 21
11.56486417857591
  0
LINE
  5
8A2
100
AcDbEntity
  8
0
  6
ByLayer
 62
    7
370
   -1
100
AcDbLine
 10
51.60130644191315
 20
12.16486417857592
 11
52.20130644191214
 21
12.16486417857592
  0
LINE
  5
8A3
100
AcDbEntity
  8
0
  6
ByLayer
 62
    7
370
   -1
100
AcDbLine
 10
52.20130644191214
 20
11.56486417857591
 11
51.60130644191315
 21
11.56486417857591
  0
LINE
  5
8A4
100
AcDbEntity
  8
0
  6
ByLayer
 62
    7
370
   -1
100
AcDbLine
 10
52.20130644191214
 20
10.96486417857577
 11
51.60130644191315
 21
10.96486417857577
  0
LINE
  5
8A5
100
AcDbEntity
  8
0
  6
ByLayer
 62
    7
370
   -1
100
AcDbLine
 10
51.60130644191315
 20
10.96486417857577
 11
51.60130644191315
 21
11.56486417857591
  0
LINE
  5
8A6
100
AcDbEntity
  8
0
  6
ByLayer
 62
    7
370
   -1
100
AcDbLine
 10
51.60130644191315
 20
10.96486417857577
 11
51.00130644191213
 21
10.96486417857577
  0
LINE
  5
8A7
100
AcDbEntity
  8
0
  6
ByLayer
 62
    7
370
   -1
100
AcDbLine
 10
51.99551126917517
 20
15.24258681227749
 11
51.99551126917517
 21
14.64258681227749
  0
LINE
  5
8A8
100
AcDbEntity
  8
0
  6
ByLayer
 62
    7
370
   -1
100
AcDbLine
 10
51.39551126917507
 20
15.24258681227749
 11
51.39551126917507
 21
14.64258681227749
  0
LINE
  5
8A9
100
AcDbEntity
  8
0
  6
ByLayer
 62
    7
370
   -1
100
AcDbLine
 10
50.57020111735
 20
15.16080242993618
 11
50.57020111735
 21
15.56139595612452
  0
LINE
  5
8AA
100
AcDbEntity
  8
0
  6
ByLayer
 62
    7
370
   -1
100
AcDbLine
 10
50.57020111735
 20
15.56139595612452
 11
51.27315446714212
 21
15.56139595612452
  0
LINE
  5
8AB
100
AcDbEntity
  8
0
  6
ByLayer
 62
    7
370
   -1
100
AcDbLine
 10
51.27315446714212
 20
15.56139595612452
 11
51.27315446714212
 21
15.24258681227749
  0
LINE
  5
8AC
100
AcDbEntity
  8
0
  6
ByLayer
 62
    7
370
   -1
100
AcDbLine
 10
49.80130644191212
 20
10.84256740306472
 11
50.27074497443596
 21
10.84256740306472
  0
LINE
  5
8AD
100
AcDbEntity
  8
0
  6
ByLayer
 62
    7
370
   -1
100
AcDbLine
 10
50.27074497443596
 20
10.84256740306472
 11
50.27074497443596
 21
10.38528622910981
  0
LINE
  5
8AE
100
AcDbEntity
  8
0
  6
ByLayer
 62
    7
370
   -1
100
AcDbLine
 10
50.27074497443596
 20
10.38528622910981
 11
49.80130644191212
 21
10.38528622910981
  0
LINE
  5
8AF
100
AcDbEntity
  8
0
  6
ByLayer
 62
    7
370
   -1
100
AcDbLine
 10
49.80130644191212
 20
10.38528622910981
 11
49.80130644191212
 21
10.84256740306472
  0
LINE
  5
8B0
100
AcDbEntity
  8
0
  6
ByLayer
 62
    7
370
   -1
100
AcDbLine
 10
59.00901330953413
 20
16.92766549968817
 11
59.06465107862714
 21
16.92766549968817
  0
LINE
  5
8B1
100
AcDbEntity
  8
0
  6
ByLayer
 62
    7
370
   -1
100
AcDbLine
 10
59.00901330953413
 20
17.57072765855908
 11
59.06465107862714
 21
17.57072765855908
  0
LINE
  5
8B2
100
AcDbEntity
  8
0
  6
ByLayer
 62
    7
370
   -1
100
AcDbLine
 10
49.22706221331702
 20
20.60410424627447
 11
48.1211700743681
 21
20.60410424627461
  0
LINE
  5
8B3
100
AcDbEntity
  8
0
  6
ByLayer
 62
    7
370
   -1
100
AcDbLine
 10
55.66106694346615
 20
25.94197484390725
 11
55.66106694346615
 21
26.24112202704131
  0
LINE
  5
8B4
100
AcDbEntity
  8
0
  6
ByLayer
 62
    7
370
   -1
100
AcDbLine
 10
55.66106694346615
 20
26.24112202704131
 11
58.66199730794909
 21
26.24112202704131
  0
LINE
  5
8B5
100
AcDbEntity
  8
0
  6
ByLayer
 62
    7
370
   -1
100
AcDbLine
 10
58.66199730794909
 20
26.24112202704131
 11
58.66199730794909
 21
24.56558453892309
  0
LINE
  5
8B6
100
AcDbEntity
  8
0
  6
ByLayer
 62
    7
370
   -1
100
AcDbLine
 10
58.66199730794909
 20
24.56558453892309
 11
67.39779071467306
 21
24.56558453892309
  0
LINE
  5
8B7
100
AcDbEntity
  8
0
  6
ByLayer
 62
    7
370
   -1
100
AcDbLine
 10
50.52645054479702
 20
10.84256740306472
 11
50.99588907732122
 21
10.84256740306472
  0
LINE
  5
8B8
100
AcDbEntity
  8
0
  6
ByLayer
 62
    7
370
   -1
100
AcDbLine
 10
50.99588907732122
 20
10.84256740306472
 11
50.99588907732122
 21
10.38528622910981
  0
LINE
  5
8B9
100
AcDbEntity
  8
0
  6
ByLayer
 62
    7
370
   -1
100
AcDbLine
 10
50.99588907732122
 20
10.38528622910981
 11
50.52645054479702
 21
10.38528622910981
  0
LINE
  5
8BA
100
AcDbEntity
  8
0
  6
ByLayer
 62
    7
370
   -1
100
AcDbLine
 10
50.52645054479702
 20
10.38528622910981
 11
50.52645054479702
 21
10.84256740306472
  0
LINE
  5
8BB
100
AcDbEntity
  8
0
  6
ByLayer
 62
    7
370
   -1
100
AcDbLine
 10
52.20432157411202
 20
10.84256740306472
 11
52.67376010663622
 21
10.84256740306472
  0
LINE
  5
8BC
100
AcDbEntity
  8
0
  6
ByLayer
 62
    7
370
   -1
100
AcDbLine
 10
52.67376010663622
 20
10.84256740306472
 11
52.67376010663622
 21
10.38528622910981
  0
LINE
  5
8BD
100
AcDbEntity
  8
0
  6
ByLayer
 62
    7
370
   -1
100
AcDbLine
 10
52.67376010663622
 20
10.38528622910981
 11
52.20432157411202
 21
10.38528622910981
  0
LINE
  5
8BE
100
AcDbEntity
  8
0
  6
ByLayer
 62
    7
370
   -1
100
AcDbLine
 10
52.20432157411202
 20
10.38528622910981
 11
52.20432157411202
 21
10.84256740306472
  0
LINE
  5
8BF
100
AcDbEntity
  8
0
  6
ByLayer
 62
    7
370
   -1
100
AcDbLine
 10
52.91841354295703
 20
10.84256740306472
 11
53.38785207548123
 21
10.84256740306472
  0
LINE
  5
8C0
100
AcDbEntity
  8
0
  6
ByLayer
 62
    7
370
   -1
100
AcDbLine
 10
53.38785207548123
 20
10.84256740306472
 11
53.38785207548123
 21
10.38528622910981
  0
LINE
  5
8C1
100
AcDbEntity
  8
0
  6
ByLayer
 62
    7
370
   -1
100
AcDbLine
 10
53.38785207548123
 20
10.38528622910981
 11
52.91841354295703
 21
10.38528622910981
  0
LINE
  5
8C2
100
AcDbEntity
  8
0
  6
ByLayer
 62
    7
370
   -1
100
AcDbLine
 10
52.91841354295703
 20
10.38528622910981
 11
52.91841354295703
 21
10.84256740306472
  0
LINE
  5
8C3
100
AcDbEntity
  8
0
  6
ByLayer
 62
    7
370
   -1
100
AcDbLine
 10
49.51116523110917
 20
20.4408140150289
 11
49.51116523110917
 21
11.97158297433439
  0
LINE
  5
8C4
100
AcDbEntity
  8
0
  6
ByLayer
 62
    7
370
   -1
100
AcDbLine
 10
49.68416314289813
 20
20.82042111451791
 11
49.68416314289813
 21
18.52285313668331
  0
LINE
  5
8C5
100
AcDbEntity
  8
0
  6
ByLayer
 62
    7
370
   -1
100
AcDbLine
 10
49.51116523110917
 20
11.97158297433439
 11
49.7071607558581
 21
11.97158297433439
  0
LINE
  5
8C6
100
AcDbEntity
  8
0
  6
ByLayer
 62
    7
370
   -1
100
AcDbLine
 10
49.7071607558581
 20
11.97158297433439
 11
49.7071607558581
 21
10.35956401583944
  0
LINE
  5
8C7
100
AcDbEntity
  8
0
  6
ByLayer
 62
    7
370
   -1
100
AcDbLine
 10
49.80130644191212
 20
10.61392681608731
 11
49.7071607558581
 21
10.61392681608731
  0
LINE
  5
8C8
100
AcDbEntity
  8
0
  6
ByLayer
 62
    7
370
   -1
100
AcDbLine
 10
49.7071607558581
 20
10.35956401583944
 11
53.15313280921904
 21
10.35956401583944
  0
LINE
  5
8C9
100
AcDbEntity
  8
0
  6
ByLayer
 62
    7
370
   -1
100
AcDbLine
 10
53.15313280921904
 20
10.38528622910981
 11
53.15313280921904
 21
10.35956401583944
  0
LINE
  5
8CA
100
AcDbEntity
  8
0
  6
ByLayer
 62
    7
370
   -1
100
AcDbLine
 10
50.76116981105903
 20
10.38528622910981
 11
50.76116981105903
 21
10.35956401583944
  0
LINE
  5
8CB
100
AcDbEntity
  8
0
  6
ByLayer
 62
    7
370
   -1
100
AcDbLine
 10
52.43904084037421
 20
10.38528622910981
 11
52.43904084037421
 21
10.35956401583944
  0
LINE
  5
8CC
100
AcDbEntity
  8
0
  6
ByLayer
 62
    7
370
   -1
100
AcDbLine
 10
60.92078281963909
 20
21.83051702240397
 11
60.92078281963909
 21
21.04568343439549
  0
LINE
  5
8CD
100
AcDbEntity
  8
0
  6
ByLayer
 62
    7
370
   -1
100
AcDbLine
 10
60.58105222665308
 20
23.68064194269241
 11
60.58105222665308
 21
24.01385705619688
  0
LINE
  5
8CE
100
AcDbEntity
  8
0
  6
ByLayer
 62
    7
370
   -1
100
AcDbLine
 10
59.47078300435719
 20
23.38655450349381
 11
59.47078300435719
 21
23.59452628598275
  0
LINE
  5
8CF
100
AcDbEntity
  8
0
  6
ByLayer
 62
    7
370
   -1
100
AcDbLine
 10
59.47078300435719
 20
23.59452628598275
 11
60.42783199419114
 21
23.59452628598275
  0
LINE
  5
8D0
100
AcDbEntity
  8
0
  6
ByLayer
 62
    7
370
   -1
100
AcDbLine
 10
60.28037660862702
 20
23.2504027820533
 11
60.476171092708
 21
23.2504027820533
  0
LINE
  5
8D1
100
AcDbEntity
  8
0
  6
ByLayer
 62
    7
370
   -1
100
AcDbLine
 10
60.476171092708
 20
23.2504027820533
 11
60.476171092708
 21
23.58628534775407
  0
LINE
  5
8D2
100
AcDbEntity
  8
0
  6
ByLayer
 62
    7
370
   -1
100
AcDbLine
 10
60.28037660862702
 20
22.25413749931392
 11
60.7037355939041
 21
22.25413749931392
  0
LINE
  5
8D3
100
AcDbEntity
  8
0
  6
ByLayer
 62
    7
370
   -1
100
AcDbLine
 10
60.7037355939041
 20
22.25413749931392
 11
60.7037355939041
 21
23.58846867587481
  0
LINE
  5
8D4
100
AcDbEntity
  8
0
  6
ByLayer
 62
    7
370
   -1
100
AcDbLine
 10
59.47078300435719
 20
22.39028922075415
 11
59.47078300435719
 21
22.58809811748706
  0
LINE
  5
8D5
100
AcDbEntity
  8
0
  6
ByLayer
 62
    7
370
   -1
100
AcDbLine
 10
59.47078300435719
 20
22.58809811748706
 11
60.6084455624582
 21
22.58809811748706
  0
LINE
  5
8D6
100
AcDbEntity
  8
0
  6
ByLayer
 62
    7
370
   -1
100
AcDbLine
 10
60.6084455624582
 20
22.58809811748706
 11
60.6084455624582
 21
23.58276135487877
  0
LINE
  5
8D7
100
AcDbEntity
  8
0
  6
ByLayer
 62
    7
370
   -1
100
AcDbLine
 10
61.07382139702906
 20
23.6414059421007
 11
61.90856141288898
 21
23.6414059421007
  0
LINE
  5
8D8
100
AcDbEntity
  8
0
  6
ByLayer
 62
    7
370
   -1
100
AcDbLine
 10
61.90856141288898
 20
23.6414059421007
 11
61.90856141288898
 21
23.27983723918149
  0
LINE
  5
8D9
100
AcDbEntity
  8
0
  6
ByLayer
 62
    7
370
   -1
100
AcDbLine
 10
61.90856141288898
 20
23.27983723918149
 11
61.07382139702906
 21
23.27983723918149
  0
LINE
  5
8DA
100
AcDbEntity
  8
0
  6
ByLayer
 62
    7
370
   -1
100
AcDbLine
 10
61.07382139702906
 20
23.27983723918149
 11
61.07382139702906
 21
23.6414059421007
  0
LINE
  5
8DB
100
AcDbEntity
  8
0
  6
ByLayer
 62
    7
370
   -1
100
AcDbLine
 10
61.25568856885908
 20
23.6414059421007
 11
61.25568856885908
 21
24.28746933306747
  0
LINE
  5
8DC
100
AcDbEntity
  8
0
  6
ByLayer
 62
    7
370
   -1
100
AcDbLine
 10
61.25568856885908
 20
24.28746933306747
 11
78.83978852577815
 21
24.28746933306747
  0
LINE
  5
8DD
100
AcDbEntity
  8
0
  6
ByLayer
 62
    7
370
   -1
100
AcDbLine
 10
78.83978852577815
 20
24.28746933306747
 11
78.83978852577815
 21
8.332047836712915
  0
LINE
  5
8DE
100
AcDbEntity
  8
0
  6
ByLayer
 62
    7
370
   -1
100
AcDbLine
 10
60.76791376401611
 20
23.60515734951919
 11
61.07382139702906
 21
23.60515734951919
  0
LINE
  5
8DF
100
AcDbEntity
  8
0
  6
ByLayer
 62
    7
370
   -1
100
AcDbLine
 10
60.89642779437805
 20
21.05561416405714
 11
60.89642779437805
 21
21.81268069471263
  0
LINE
  5
8E0
100
AcDbEntity
  8
0
  6
ByLayer
 62
    7
370
   -1
100
AcDbLine
 10
60.89642779437805
 20
21.81268069471263
 11
58.91368106255005
 21
21.81268069471263
  0
LINE
  5
8E1
100
AcDbEntity
  8
0
  6
ByLayer
 62
    7
370
   -1
100
AcDbLine
 10
58.91368106255005
 20
21.81268069471263
 11
58.91368106255005
 21
24.0395383571242
  0
LINE
  5
8E2
100
AcDbEntity
  8
0
  6
ByLayer
 62
    7
370
   -1
100
AcDbLine
 10
58.95981406945099
 20
24.08100780493858
 11
48.89227638077401
 21
24.08100780493858
  0
LINE
  5
8E3
100
AcDbEntity
  8
0
  6
ByLayer
 62
    7
370
   -1
100
AcDbLine
 10
58.95981406945099
 20
21.84900750446135
 11
60.93643390016996
 21
21.84900750446135
  0
LINE
  5
8E4
100
AcDbEntity
  8
0
  6
ByLayer
 62
    7
370
   -1
100
AcDbLine
 10
60.93643390016996
 20
21.84900750446135
 11
60.93643390016996
 21
21.04454787868728
  0
LINE
  5
8E5
100
AcDbEntity
  8
0
  6
ByLayer
 62
    7
370
   -1
100
AcDbLine
 10
58.95981406945099
 20
21.84900750446135
 11
58.95981406945099
 21
24.08100780493858
  0
LINE
  5
8E6
100
AcDbEntity
  8
0
  6
ByLayer
 62
    7
370
   -1
100
AcDbLine
 10
58.93821343992509
 20
24.06076784681748
 11
48.91642120266205
 21
24.06076784681748
  0
LINE
  5
8E7
100
AcDbEntity
  8
0
  6
ByLayer
 62
    7
370
   -1
100
AcDbLine
 10
48.91642120266205
 20
24.06076784681748
 11
48.91642120266205
 21
22.03626728075342
  0
LINE
  5
8E8
100
AcDbEntity
  8
0
  6
ByLayer
 62
    7
370
   -1
100
AcDbLine
 10
48.91642120266205
 20
22.03626728075342
 11
49.31926098555023
 21
22.03626728075342
  0
LINE
  5
8E9
100
AcDbEntity
  8
0
  6
ByLayer
 62
    7
370
   -1
100
AcDbLine
 10
58.91368106255005
 20
24.0395383571242
 11
48.95245678080912
 21
24.0395383571242
  0
LINE
  5
8EA
100
AcDbEntity
  8
0
  6
ByLayer
 62
    7
370
   -1
100
AcDbLine
 10
48.95245678080912
 20
24.0395383571242
 11
48.95245678080912
 21
22.06719007204663
  0
LINE
  5
8EB
100
AcDbEntity
  8
0
  6
ByLayer
 62
    7
370
   -1
100
AcDbLine
 10
48.95245678080912
 20
22.06719007204663
 11
49.30905274101109
 21
22.06719007204663
  0
LINE
  5
8EC
100
AcDbEntity
  8
0
  6
ByLayer
 62
    6
370
   -1
100
AcDbLine
 10
58.88821343992507
 20
23.68064194269241
 11
58.88821343992507
 21
23.80687359721091
  0
LINE
  5
8ED
100
AcDbEntity
  8
0
  6
ByLayer
 62
    6
370
   -1
100
AcDbLine
 10
55.72805574513711
 20
23.80687359721091
 11
58.88821343992507
 21
23.80687359721091
  0
LINE
  5
8EE
100
AcDbEntity
  8
0
  6
ByLayer
 62
    7
370
   -1
100
AcDbLine
 10
68.39624266416521
 20
24.63066394539786
 11
68.9631013515752
 21
24.63066394539786
  0
LINE
  5
8EF
100
AcDbEntity
  8
0
  6
ByLayer
 62
    7
370
   -1
100
AcDbLine
 10
68.9631013515752
 20
24.63066394539786
 11
68.9631013515752
 21
24.42959180517538
  0
LINE
  5
8F0
100
AcDbEntity
  8
0
  6
ByLayer
 62
    7
370
   -1
100
AcDbLine
 10
68.9631013515752
 20
24.42959180517538
 11
68.39624266416521
 21
24.42959180517538
  0
LINE
  5
8F1
100
AcDbEntity
  8
0
  6
ByLayer
 62
    7
370
   -1
100
AcDbLine
 10
68.39624266416521
 20
24.42959180517538
 11
68.39624266416521
 21
24.63066394539786
  0
LINE
  5
8F2
100
AcDbEntity
  8
0
  6
ByLayer
 62
    7
370
   -1
100
AcDbLine
 10
68.46675794705406
 20
24.48205057383836
 11
49.01993369936513
 21
24.48205057383836
  0
LINE
  5
8F3
100
AcDbEntity
  8
0
  6
ByLayer
 62
    7
370
   -1
100
AcDbLine
 10
49.06491331765503
 20
24.14656757681415
 11
49.06491331765503
 21
22.20073171258567
  0
LINE
  5
8F4
100
AcDbEntity
  8
0
  6
ByLayer
 62
    7
370
   -1
100
AcDbLine
 10
49.01993369936513
 20
24.48205057383836
 11
49.01993369936513
 21
22.15146034765847
  0
LINE
  5
8F5
100
AcDbEntity
  8
0
  6
ByLayer
 62
    7
370
   -1
100
AcDbLine
 10
49.01993369936513
 20
22.15146034765847
 11
49.31434683319706
 21
22.15146034765847
  0
LINE
  5
8F6
100
AcDbEntity
  8
0
  6
ByLayer
 62
    7
370
   -1
100
AcDbLine
 10
49.78315136091315
 20
22.06483831789375
 11
49.78315136091315
 21
18.15030061470292
  0
LINE
  5
8F7
100
AcDbEntity
  8
0
  6
ByLayer
 62
    7
370
   -1
100
AcDbLine
 10
49.90524067274606
 20
22.24040132385508
 11
49.90524067274606
 21
18.15030061470292
  0
LINE
  5
8F8
100
AcDbEntity
  8
0
  6
ByLayer
 62
    7
370
   -1
100
AcDbLine
 10
68.90178278938214
 20
24.58941038839711
 11
72.32873652235718
 21
24.58941038839711
  0
LINE
  5
8F9
100
AcDbEntity
  8
0
  6
ByLayer
 62
    7
370
   -1
100
AcDbLine
 10
68.90068353637609
 20
24.54519996344954
 11
76.29056473691107
 21
24.54519996344954
  0
LINE
  5
8FA
100
AcDbEntity
  8
0
  6
ByLayer
 62
    7
370
   -1
100
AcDbLine
 10
68.89915421258617
 20
24.49974003332366
 11
80.19765292215206
 21
24.49974003332366
  0
LINE
  5
8FB
100
AcDbEntity
  8
0
  6
ByLayer
 62
    7
370
   -1
100
AcDbLine
 10
68.67967200787011
 20
24.63066394539786
 11
68.67967200787011
 21
24.85584649396831
  0
LINE
  5
8FC
100
AcDbEntity
  8
0
  6
ByLayer
 62
    7
370
   -1
100
AcDbLine
 10
72.32873652235718
 20
24.58941038839711
 11
72.32873652235718
 21
24.91608213640144
  0
LINE
  5
8FD
100
AcDbEntity
  8
0
  6
ByLayer
 62
    7
370
   -1
100
AcDbLine
 10
76.29056473691107
 20
24.54519996344954
 11
76.29056473691107
 21
24.9315300269256
  0
LINE
  5
8FE
100
AcDbEntity
  8
0
  6
ByLayer
 62
    7
370
   -1
100
AcDbLine
 10
80.19765292215206
 20
24.49974003332366
 11
80.19765292215206
 21
24.93146700302106
  0
LINE
  5
8FF
100
AcDbEntity
  8
0
  6
ByLayer
 62
    3
370
   -1
100
AcDbLine
 10
49.58586428494221
 20
11.08064194269218
 11
50.18586428494213
 21
11.08064194269218
  0
LINE
  5
900
100
AcDbEntity
  8
0
  6
ByLayer
 62
    3
370
   -1
100
AcDbLine
 10
50.18586428494213
 20
11.08064194269218
 11
50.18586428494213
 21
10.48064194269203
  0
LINE
  5
901
100
AcDbEntity
  8
0
  6
ByLayer
 62
    3
370
   -1
100
AcDbLine
 10
50.18586428494213
 20
10.48064194269203
 11
49.58586428494221
 21
10.48064194269203
  0
LINE
  5
902
100
AcDbEntity
  8
0
  6
ByLayer
 62
    3
370
   -1
100
AcDbLine
 10
49.58586428494221
 20
10.48064194269203
 11
49.58586428494221
 21
11.08064194269218
  0
LINE
  5
903
100
AcDbEntity
  8
0
  6
ByLayer
 62
    3
370
   -1
100
AcDbLine
 10
49.58586428494221
 20
11.68064194269204
 11
50.18586428494213
 21
11.68064194269204
  0
LINE
  5
904
100
AcDbEntity
  8
0
  6
ByLayer
 62
    3
370
   -1
100
AcDbLine
 10
50.18586428494213
 20
11.68064194269204
 11
50.18586428494213
 21
11.08064194269218
  0
LINE
  5
905
100
AcDbEntity
  8
0
  6
ByLayer
 62
    3
370
   -1
100
AcDbLine
 10
49.58586428494221
 20
11.08064194269218
 11
49.58586428494221
 21
11.68064194269204
  0
LINE
  5
906
100
AcDbEntity
  8
0
  6
ByLayer
 62
    3
370
   -1
100
AcDbLine
 10
49.58586428494221
 20
12.28064194269218
 11
50.18586428494213
 21
12.28064194269218
  0
LINE
  5
907
100
AcDbEntity
  8
0
  6
ByLayer
 62
    3
370
   -1
100
AcDbLine
 10
50.18586428494213
 20
12.28064194269218
 11
50.18586428494213
 21
11.68064194269204
  0
LINE
  5
908
100
AcDbEntity
  8
0
  6
ByLayer
 62
    3
370
   -1
100
AcDbLine
 10
49.58586428494221
 20
11.68064194269204
 11
49.58586428494221
 21
12.28064194269218
  0
LINE
  5
909
100
AcDbEntity
  8
0
  6
ByLayer
 62
    3
370
   -1
100
AcDbLine
 10
49.58586428494221
 20
12.88064194269204
 11
50.18586428494213
 21
12.88064194269204
  0
LINE
  5
90A
100
AcDbEntity
  8
0
  6
ByLayer
 62
    3
370
   -1
100
AcDbLine
 10
50.18586428494213
 20
12.88064194269204
 11
50.18586428494213
 21
12.28064194269218
  0
LINE
  5
90B
100
AcDbEntity
  8
0
  6
ByLayer
 62
    3
370
   -1
100
AcDbLine
 10
49.58586428494221
 20
12.28064194269218
 11
49.58586428494221
 21
12.88064194269204
  0
LINE
  5
90C
100
AcDbEntity
  8
0
  6
ByLayer
 62
    3
370
   -1
100
AcDbLine
 10
49.58586428494221
 20
13.48064194269219
 11
50.18586428494213
 21
13.48064194269219
  0
LINE
  5
90D
100
AcDbEntity
  8
0
  6
ByLayer
 62
    3
370
   -1
100
AcDbLine
 10
50.18586428494213
 20
13.48064194269219
 11
50.18586428494213
 21
12.88064194269204
  0
LINE
  5
90E
100
AcDbEntity
  8
0
  6
ByLayer
 62
    3
370
   -1
100
AcDbLine
 10
49.58586428494221
 20
12.88064194269204
 11
49.58586428494221
 21
13.48064194269219
  0
LINE
  5
90F
100
AcDbEntity
  8
0
  6
ByLayer
 62
    3
370
   -1
100
AcDbLine
 10
49.58586428494221
 20
14.08064194269205
 11
50.18586428494213
 21
14.08064194269205
  0
LINE
  5
910
100
AcDbEntity
  8
0
  6
ByLayer
 62
    3
370
   -1
100
AcDbLine
 10
50.18586428494213
 20
14.08064194269205
 11
50.18586428494213
 21
13.48064194269219
  0
LINE
  5
911
100
AcDbEntity
  8
0
  6
ByLayer
 62
    3
370
   -1
100
AcDbLine
 10
49.58586428494221
 20
13.48064194269219
 11
49.58586428494221
 21
14.08064194269205
  0
LINE
  5
912
100
AcDbEntity
  8
0
  6
ByLayer
 62
    3
370
   -1
100
AcDbLine
 10
49.58586428494221
 20
14.68064194269219
 11
50.18586428494213
 21
14.68064194269219
  0
LINE
  5
913
100
AcDbEntity
  8
0
  6
ByLayer
 62
    3
370
   -1
100
AcDbLine
 10
50.18586428494213
 20
14.68064194269219
 11
50.18586428494213
 21
14.08064194269205
  0
LINE
  5
914
100
AcDbEntity
  8
0
  6
ByLayer
 62
    3
370
   -1
100
AcDbLine
 10
49.58586428494221
 20
14.08064194269205
 11
49.58586428494221
 21
14.68064194269219
  0
LINE
  5
915
100
AcDbEntity
  8
0
  6
ByLayer
 62
    3
370
   -1
100
AcDbLine
 10
49.58586428494221
 20
15.28064194269205
 11
50.18586428494213
 21
15.28064194269205
  0
LINE
  5
916
100
AcDbEntity
  8
0
  6
ByLayer
 62
    3
370
   -1
100
AcDbLine
 10
50.18586428494213
 20
15.28064194269205
 11
50.18586428494213
 21
14.68064194269219
  0
LINE
  5
917
100
AcDbEntity
  8
0
  6
ByLayer
 62
    3
370
   -1
100
AcDbLine
 10
49.58586428494221
 20
14.68064194269219
 11
49.58586428494221
 21
15.28064194269205
  0
LINE
  5
918
100
AcDbEntity
  8
0
  6
ByLayer
 62
    3
370
   -1
100
AcDbLine
 10
49.58586428494221
 20
15.88064194269219
 11
50.18586428494213
 21
15.88064194269219
  0
LINE
  5
919
100
AcDbEntity
  8
0
  6
ByLayer
 62
    3
370
   -1
100
AcDbLine
 10
50.18586428494213
 20
15.88064194269219
 11
50.18586428494213
 21
15.28064194269205
  0
LINE
  5
91A
100
AcDbEntity
  8
0
  6
ByLayer
 62
    3
370
   -1
100
AcDbLine
 10
49.58586428494221
 20
15.28064194269205
 11
49.58586428494221
 21
15.88064194269219
  0
LINE
  5
91B
100
AcDbEntity
  8
0
  6
ByLayer
 62
    3
370
   -1
100
AcDbLine
 10
50.18586428494213
 20
11.08064194269218
 11
50.78586428494222
 21
11.08064194269218
  0
LINE
  5
91C
100
AcDbEntity
  8
0
  6
ByLayer
 62
    3
370
   -1
100
AcDbLine
 10
50.78586428494222
 20
11.08064194269218
 11
50.78586428494222
 21
10.48064194269203
  0
LINE
  5
91D
100
AcDbEntity
  8
0
  6
ByLayer
 62
    3
370
   -1
100
AcDbLine
 10
50.78586428494222
 20
10.48064194269203
 11
50.18586428494213
 21
10.48064194269203
  0
LINE
  5
91E
100
AcDbEntity
  8
0
  6
ByLayer
 62
    3
370
   -1
100
AcDbLine
 10
50.18586428494213
 20
11.68064194269204
 11
50.78586428494222
 21
11.68064194269204
  0
LINE
  5
91F
100
AcDbEntity
  8
0
  6
ByLayer
 62
    3
370
   -1
100
AcDbLine
 10
50.78586428494222
 20
11.68064194269204
 11
50.78586428494222
 21
11.08064194269218
  0
LINE
  5
920
100
AcDbEntity
  8
0
  6
ByLayer
 62
    3
370
   -1
100
AcDbLine
 10
50.18586428494213
 20
12.28064194269218
 11
50.78586428494222
 21
12.28064194269218
  0
LINE
  5
921
100
AcDbEntity
  8
0
  6
ByLayer
 62
    3
370
   -1
100
AcDbLine
 10
50.78586428494222
 20
12.28064194269218
 11
50.78586428494222
 21
11.68064194269204
  0
LINE
  5
922
100
AcDbEntity
  8
0
  6
ByLayer
 62
    3
370
   -1
100
AcDbLine
 10
50.18586428494213
 20
12.88064194269204
 11
50.78586428494222
 21
12.88064194269204
  0
LINE
  5
923
100
AcDbEntity
  8
0
  6
ByLayer
 62
    3
370
   -1
100
AcDbLine
 10
50.78586428494222
 20
12.88064194269204
 11
50.78586428494222
 21
12.28064194269218
  0
LINE
  5
924
100
AcDbEntity
  8
0
  6
ByLayer
 62
    3
370
   -1
100
AcDbLine
 10
50.18586428494213
 20
13.48064194269219
 11
50.78586428494222
 21
13.48064194269219
  0
LINE
  5
925
100
AcDbEntity
  8
0
  6
ByLayer
 62
    3
370
   -1
100
AcDbLine
 10
50.78586428494222
 20
13.48064194269219
 11
50.78586428494222
 21
12.88064194269204
  0
LINE
  5
926
100
AcDbEntity
  8
0
  6
ByLayer
 62
    3
370
   -1
100
AcDbLine
 10
50.18586428494213
 20
14.08064194269205
 11
50.78586428494222
 21
14.08064194269205
  0
LINE
  5
927
100
AcDbEntity
  8
0
  6
ByLayer
 62
    3
370
   -1
100
AcDbLine
 10
50.78586428494222
 20
14.08064194269205
 11
50.78586428494222
 21
13.48064194269219
  0
LINE
  5
928
100
AcDbEntity
  8
0
  6
ByLayer
 62
    3
370
   -1
100
AcDbLine
 10
50.18586428494213
 20
14.68064194269219
 11
50.78586428494222
 21
14.68064194269219
  0
LINE
  5
929
100
AcDbEntity
  8
0
  6
ByLayer
 62
    3
370
   -1
100
AcDbLine
 10
50.78586428494222
 20
14.68064194269219
 11
50.78586428494222
 21
14.08064194269205
  0
LINE
  5
92A
100
AcDbEntity
  8
0
  6
ByLayer
 62
    3
370
   -1
100
AcDbLine
 10
50.18586428494213
 20
15.28064194269205
 11
50.78586428494222
 21
15.28064194269205
  0
LINE
  5
92B
100
AcDbEntity
  8
0
  6
ByLayer
 62
    3
370
   -1
100
AcDbLine
 10
50.78586428494222
 20
15.28064194269205
 11
50.78586428494222
 21
14.68064194269219
  0
LINE
  5
92C
100
AcDbEntity
  8
0
  6
ByLayer
 62
    3
370
   -1
100
AcDbLine
 10
50.18586428494213
 20
15.88064194269219
 11
50.78586428494222
 21
15.88064194269219
  0
LINE
  5
92D
100
AcDbEntity
  8
0
  6
ByLayer
 62
    3
370
   -1
100
AcDbLine
 10
50.78586428494222
 20
15.88064194269219
 11
50.78586428494222
 21
15.28064194269205
  0
LINE
  5
92E
100
AcDbEntity
  8
0
  6
ByLayer
 62
    3
370
   -1
100
AcDbLine
 10
50.78586428494222
 20
11.08064194269218
 11
51.38586428494213
 21
11.08064194269218
  0
LINE
  5
92F
100
AcDbEntity
  8
0
  6
ByLayer
 62
    3
370
   -1
100
AcDbLine
 10
51.38586428494213
 20
11.08064194269218
 11
51.38586428494213
 21
10.48064194269203
  0
LINE
  5
930
100
AcDbEntity
  8
0
  6
ByLayer
 62
    3
370
   -1
100
AcDbLine
 10
51.38586428494213
 20
10.48064194269203
 11
50.78586428494222
 21
10.48064194269203
  0
LINE
  5
931
100
AcDbEntity
  8
0
  6
ByLayer
 62
    3
370
   -1
100
AcDbLine
 10
50.78586428494222
 20
11.68064194269204
 11
51.38586428494213
 21
11.68064194269204
  0
LINE
  5
932
100
AcDbEntity
  8
0
  6
ByLayer
 62
    3
370
   -1
100
AcDbLine
 10
51.38586428494213
 20
11.68064194269204
 11
51.38586428494213
 21
11.08064194269218
  0
LINE
  5
933
100
AcDbEntity
  8
0
  6
ByLayer
 62
    3
370
   -1
100
AcDbLine
 10
50.78586428494222
 20
12.28064194269218
 11
51.38586428494213
 21
12.28064194269218
  0
LINE
  5
934
100
AcDbEntity
  8
0
  6
ByLayer
 62
    3
370
   -1
100
AcDbLine
 10
51.38586428494213
 20
12.28064194269218
 11
51.38586428494213
 21
11.68064194269204
  0
LINE
  5
935
100
AcDbEntity
  8
0
  6
ByLayer
 62
    3
370
   -1
100
AcDbLine
 10
50.78586428494222
 20
12.88064194269204
 11
51.38586428494213
 21
12.88064194269204
  0
LINE
  5
936
100
AcDbEntity
  8
0
  6
ByLayer
 62
    3
370
   -1
100
AcDbLine
 10
51.38586428494213
 20
12.88064194269204
 11
51.38586428494213
 21
12.28064194269218
  0
LINE
  5
937
100
AcDbEntity
  8
0
  6
ByLayer
 62
    3
370
   -1
100
AcDbLine
 10
50.78586428494222
 20
13.48064194269219
 11
51.38586428494213
 21
13.48064194269219
  0
LINE
  5
938
100
AcDbEntity
  8
0
  6
ByLayer
 62
    3
370
   -1
100
AcDbLine
 10
51.38586428494213
 20
13.48064194269219
 11
51.38586428494213
 21
12.88064194269204
  0
LINE
  5
939
100
AcDbEntity
  8
0
  6
ByLayer
 62
    3
370
   -1
100
AcDbLine
 10
50.78586428494222
 20
14.08064194269205
 11
51.38586428494213
 21
14.08064194269205
  0
LINE
  5
93A
100
AcDbEntity
  8
0
  6
ByLayer
 62
    3
370
   -1
100
AcDbLine
 10
51.38586428494213
 20
14.08064194269205
 11
51.38586428494213
 21
13.48064194269219
  0
LINE
  5
93B
100
AcDbEntity
  8
0
  6
ByLayer
 62
    3
370
   -1
100
AcDbLine
 10
50.78586428494222
 20
14.68064194269219
 11
51.38586428494213
 21
14.68064194269219
  0
LINE
  5
93C
100
AcDbEntity
  8
0
  6
ByLayer
 62
    3
370
   -1
100
AcDbLine
 10
51.38586428494213
 20
14.68064194269219
 11
51.38586428494213
 21
14.08064194269205
  0
LINE
  5
93D
100
AcDbEntity
  8
0
  6
ByLayer
 62
    3
370
   -1
100
AcDbLine
 10
50.78586428494222
 20
15.28064194269205
 11
51.38586428494213
 21
15.28064194269205
  0
LINE
  5
93E
100
AcDbEntity
  8
0
  6
ByLayer
 62
    3
370
   -1
100
AcDbLine
 10
51.38586428494213
 20
15.28064194269205
 11
51.38586428494213
 21
14.68064194269219
  0
LINE
  5
93F
100
AcDbEntity
  8
0
  6
ByLayer
 62
    3
370
   -1
100
AcDbLine
 10
50.78586428494222
 20
15.88064194269219
 11
51.38586428494213
 21
15.88064194269219
  0
LINE
  5
940
100
AcDbEntity
  8
0
  6
ByLayer
 62
    3
370
   -1
100
AcDbLine
 10
51.38586428494213
 20
15.88064194269219
 11
51.38586428494213
 21
15.28064194269205
  0
LINE
  5
941
100
AcDbEntity
  8
0
  6
ByLayer
 62
    3
370
   -1
100
AcDbLine
 10
51.38586428494213
 20
11.08064194269218
 11
51.98586428494222
 21
11.08064194269218
  0
LINE
  5
942
100
AcDbEntity
  8
0
  6
ByLayer
 62
    3
370
   -1
100
AcDbLine
 10
51.98586428494222
 20
11.08064194269218
 11
51.98586428494222
 21
10.48064194269203
  0
LINE
  5
943
100
AcDbEntity
  8
0
  6
ByLayer
 62
    3
370
   -1
100
AcDbLine
 10
51.98586428494222
 20
10.48064194269203
 11
51.38586428494213
 21
10.48064194269203
  0
LINE
  5
944
100
AcDbEntity
  8
0
  6
ByLayer
 62
    3
370
   -1
100
AcDbLine
 10
51.38586428494213
 20
11.68064194269204
 11
51.98586428494222
 21
11.68064194269204
  0
LINE
  5
945
100
AcDbEntity
  8
0
  6
ByLayer
 62
    3
370
   -1
100
AcDbLine
 10
51.98586428494222
 20
11.68064194269204
 11
51.98586428494222
 21
11.08064194269218
  0
LINE
  5
946
100
AcDbEntity
  8
0
  6
ByLayer
 62
    3
370
   -1
100
AcDbLine
 10
51.38586428494213
 20
12.28064194269218
 11
51.98586428494222
 21
12.28064194269218
  0
LINE
  5
947
100
AcDbEntity
  8
0
  6
ByLayer
 62
    3
370
   -1
100
AcDbLine
 10
51.98586428494222
 20
12.28064194269218
 11
51.98586428494222
 21
11.68064194269204
  0
LINE
  5
948
100
AcDbEntity
  8
0
  6
ByLayer
 62
    3
370
   -1
100
AcDbLine
 10
51.38586428494213
 20
12.88064194269204
 11
51.98586428494222
 21
12.88064194269204
  0
LINE
  5
949
100
AcDbEntity
  8
0
  6
ByLayer
 62
    3
370
   -1
100
AcDbLine
 10
51.98586428494222
 20
12.88064194269204
 11
51.98586428494222
 21
12.28064194269218
  0
LINE
  5
94A
100
AcDbEntity
  8
0
  6
ByLayer
 62
    3
370
   -1
100
AcDbLine
 10
51.38586428494213
 20
13.48064194269219
 11
51.98586428494222
 21
13.48064194269219
  0
LINE
  5
94B
100
AcDbEntity
  8
0
  6
ByLayer
 62
    3
370
   -1
100
AcDbLine
 10
51.98586428494222
 20
13.48064194269219
 11
51.98586428494222
 21
12.88064194269204
  0
LINE
  5
94C
100
AcDbEntity
  8
0
  6
ByLayer
 62
    3
370
   -1
100
AcDbLine
 10
51.38586428494213
 20
14.08064194269205
 11
51.98586428494222
 21
14.08064194269205
  0
LINE
  5
94D
100
AcDbEntity
  8
0
  6
ByLayer
 62
    3
370
   -1
100
AcDbLine
 10
51.98586428494222
 20
14.08064194269205
 11
51.98586428494222
 21
13.48064194269219
  0
LINE
  5
94E
100
AcDbEntity
  8
0
  6
ByLayer
 62
    3
370
   -1
100
AcDbLine
 10
51.38586428494213
 20
14.68064194269219
 11
51.98586428494222
 21
14.68064194269219
  0
LINE
  5
94F
100
AcDbEntity
  8
0
  6
ByLayer
 62
    3
370
   -1
100
AcDbLine
 10
51.98586428494222
 20
14.68064194269219
 11
51.98586428494222
 21
14.08064194269205
  0
LINE
  5
950
100
AcDbEntity
  8
0
  6
ByLayer
 62
    3
370
   -1
100
AcDbLine
 10
51.38586428494213
 20
15.28064194269205
 11
51.98586428494222
 21
15.28064194269205
  0
LINE
  5
951
100
AcDbEntity
  8
0
  6
ByLayer
 62
    3
370
   -1
100
AcDbLine
 10
51.98586428494222
 20
15.28064194269205
 11
51.98586428494222
 21
14.68064194269219
  0
LINE
  5
952
100
AcDbEntity
  8
0
  6
ByLayer
 62
    3
370
   -1
100
AcDbLine
 10
51.38586428494213
 20
15.88064194269219
 11
51.98586428494222
 21
15.88064194269219
  0
LINE
  5
953
100
AcDbEntity
  8
0
  6
ByLayer
 62
    3
370
   -1
100
AcDbLine
 10
51.98586428494222
 20
15.88064194269219
 11
51.98586428494222
 21
15.28064194269205
  0
LINE
  5
954
100
AcDbEntity
  8
0
  6
ByLayer
 62
    3
370
   -1
100
AcDbLine
 10
51.98586428494222
 20
11.08064194269218
 11
52.58586428494213
 21
11.08064194269218
  0
LINE
  5
955
100
AcDbEntity
  8
0
  6
ByLayer
 62
    3
370
   -1
100
AcDbLine
 10
52.58586428494213
 20
11.08064194269218
 11
52.58586428494213
 21
10.48064194269203
  0
LINE
  5
956
100
AcDbEntity
  8
0
  6
ByLayer
 62
    3
370
   -1
100
AcDbLine
 10
52.58586428494213
 20
10.48064194269203
 11
51.98586428494222
 21
10.48064194269203
  0
LINE
  5
957
100
AcDbEntity
  8
0
  6
ByLayer
 62
    3
370
   -1
100
AcDbLine
 10
51.98586428494222
 20
11.68064194269204
 11
52.58586428494213
 21
11.68064194269204
  0
LINE
  5
958
100
AcDbEntity
  8
0
  6
ByLayer
 62
    3
370
   -1
100
AcDbLine
 10
52.58586428494213
 20
11.68064194269204
 11
52.58586428494213
 21
11.08064194269218
  0
LINE
  5
959
100
AcDbEntity
  8
0
  6
ByLayer
 62
    3
370
   -1
100
AcDbLine
 10
51.98586428494222
 20
12.28064194269218
 11
52.58586428494213
 21
12.28064194269218
  0
LINE
  5
95A
100
AcDbEntity
  8
0
  6
ByLayer
 62
    3
370
   -1
100
AcDbLine
 10
52.58586428494213
 20
12.28064194269218
 11
52.58586428494213
 21
11.68064194269204
  0
LINE
  5
95B
100
AcDbEntity
  8
0
  6
ByLayer
 62
    3
370
   -1
100
AcDbLine
 10
51.98586428494222
 20
12.88064194269204
 11
52.58586428494213
 21
12.88064194269204
  0
LINE
  5
95C
100
AcDbEntity
  8
0
  6
ByLayer
 62
    3
370
   -1
100
AcDbLine
 10
52.58586428494213
 20
12.88064194269204
 11
52.58586428494213
 21
12.28064194269218
  0
LINE
  5
95D
100
AcDbEntity
  8
0
  6
ByLayer
 62
    3
370
   -1
100
AcDbLine
 10
51.98586428494222
 20
13.48064194269219
 11
52.58586428494213
 21
13.48064194269219
  0
LINE
  5
95E
100
AcDbEntity
  8
0
  6
ByLayer
 62
    3
370
   -1
100
AcDbLine
 10
52.58586428494213
 20
13.48064194269219
 11
52.58586428494213
 21
12.88064194269204
  0
LINE
  5
95F
100
AcDbEntity
  8
0
  6
ByLayer
 62
    3
370
   -1
100
AcDbLine
 10
51.98586428494222
 20
14.08064194269205
 11
52.58586428494213
 21
14.08064194269205
  0
LINE
  5
960
100
AcDbEntity
  8
0
  6
ByLayer
 62
    3
370
   -1
100
AcDbLine
 10
52.58586428494213
 20
14.08064194269205
 11
52.58586428494213
 21
13.48064194269219
  0
LINE
  5
961
100
AcDbEntity
  8
0
  6
ByLayer
 62
    3
370
   -1
100
AcDbLine
 10
51.98586428494222
 20
14.68064194269219
 11
52.58586428494213
 21
14.68064194269219
  0
LINE
  5
962
100
AcDbEntity
  8
0
  6
ByLayer
 62
    3
370
   -1
100
AcDbLine
 10
52.58586428494213
 20
14.68064194269219
 11
52.58586428494213
 21
14.08064194269205
  0
LINE
  5
963
100
AcDbEntity
  8
0
  6
ByLayer
 62
    3
370
   -1
100
AcDbLine
 10
51.98586428494222
 20
15.28064194269205
 11
52.58586428494213
 21
15.28064194269205
  0
LINE
  5
964
100
AcDbEntity
  8
0
  6
ByLayer
 62
    3
370
   -1
100
AcDbLine
 10
52.58586428494213
 20
15.28064194269205
 11
52.58586428494213
 21
14.68064194269219
  0
LINE
  5
965
100
AcDbEntity
  8
0
  6
ByLayer
 62
    3
370
   -1
100
AcDbLine
 10
51.98586428494222
 20
15.88064194269219
 11
52.58586428494213
 21
15.88064194269219
  0
LINE
  5
966
100
AcDbEntity
  8
0
  6
ByLayer
 62
    3
370
   -1
100
AcDbLine
 10
52.58586428494213
 20
15.88064194269219
 11
52.58586428494213
 21
15.28064194269205
  0
LINE
  5
967
100
AcDbEntity
  8
0
  6
ByLayer
 62
    3
370
   -1
100
AcDbLine
 10
52.58586428494213
 20
11.08064194269218
 11
53.18586428494297
 21
11.08064194269218
  0
LINE
  5
968
100
AcDbEntity
  8
0
  6
ByLayer
 62
    3
370
   -1
100
AcDbLine
 10
53.18586428494297
 20
11.08064194269218
 11
53.18586428494297
 21
10.48064194269203
  0
LINE
  5
969
100
AcDbEntity
  8
0
  6
ByLayer
 62
    3
370
   -1
100
AcDbLine
 10
53.18586428494297
 20
10.48064194269203
 11
52.58586428494213
 21
10.48064194269203
  0
LINE
  5
96A
100
AcDbEntity
  8
0
  6
ByLayer
 62
    3
370
   -1
100
AcDbLine
 10
52.58586428494213
 20
11.68064194269204
 11
53.18586428494297
 21
11.68064194269204
  0
LINE
  5
96B
100
AcDbEntity
  8
0
  6
ByLayer
 62
    3
370
   -1
100
AcDbLine
 10
53.18586428494297
 20
11.68064194269204
 11
53.18586428494297
 21
11.08064194269218
  0
LINE
  5
96C
100
AcDbEntity
  8
0
  6
ByLayer
 62
    3
370
   -1
100
AcDbLine
 10
52.58586428494213
 20
12.28064194269218
 11
53.18586428494297
 21
12.28064194269218
  0
LINE
  5
96D
100
AcDbEntity
  8
0
  6
ByLayer
 62
    3
370
   -1
100
AcDbLine
 10
53.18586428494297
 20
12.28064194269218
 11
53.18586428494297
 21
11.68064194269204
  0
LINE
  5
96E
100
AcDbEntity
  8
0
  6
ByLayer
 62
    3
370
   -1
100
AcDbLine
 10
52.58586428494213
 20
12.88064194269204
 11
53.18586428494297
 21
12.88064194269204
  0
LINE
  5
96F
100
AcDbEntity
  8
0
  6
ByLayer
 62
    3
370
   -1
100
AcDbLine
 10
53.18586428494297
 20
12.88064194269204
 11
53.18586428494297
 21
12.28064194269218
  0
LINE
  5
970
100
AcDbEntity
  8
0
  6
ByLayer
 62
    3
370
   -1
100
AcDbLine
 10
52.58586428494213
 20
13.48064194269219
 11
53.18586428494297
 21
13.48064194269219
  0
LINE
  5
971
100
AcDbEntity
  8
0
  6
ByLayer
 62
    3
370
   -1
100
AcDbLine
 10
53.18586428494297
 20
13.48064194269219
 11
53.18586428494297
 21
12.88064194269204
  0
LINE
  5
972
100
AcDbEntity
  8
0
  6
ByLayer
 62
    3
370
   -1
100
AcDbLine
 10
52.58586428494213
 20
14.08064194269205
 11
53.18586428494297
 21
14.08064194269205
  0
LINE
  5
973
100
AcDbEntity
  8
0
  6
ByLayer
 62
    3
370
   -1
100
AcDbLine
 10
53.18586428494297
 20
14.08064194269205
 11
53.18586428494297
 21
13.48064194269219
  0
LINE
  5
974
100
AcDbEntity
  8
0
  6
ByLayer
 62
    3
370
   -1
100
AcDbLine
 10
52.58586428494213
 20
14.68064194269219
 11
53.18586428494297
 21
14.68064194269219
  0
LINE
  5
975
100
AcDbEntity
  8
0
  6
ByLayer
 62
    3
370
   -1
100
AcDbLine
 10
53.18586428494297
 20
14.68064194269219
 11
53.18586428494297
 21
14.08064194269205
  0
LINE
  5
976
100
AcDbEntity
  8
0
  6
ByLayer
 62
    3
370
   -1
100
AcDbLine
 10
52.58586428494213
 20
15.28064194269205
 11
53.18586428494297
 21
15.28064194269205
  0
LINE
  5
977
100
AcDbEntity
  8
0
  6
ByLayer
 62
    3
370
   -1
100
AcDbLine
 10
53.18586428494297
 20
15.28064194269205
 11
53.18586428494297
 21
14.68064194269219
  0
LINE
  5
978
100
AcDbEntity
  8
0
  6
ByLayer
 62
    3
370
   -1
100
AcDbLine
 10
52.58586428494213
 20
15.88064194269219
 11
53.18586428494297
 21
15.88064194269219
  0
LINE
  5
979
100
AcDbEntity
  8
0
  6
ByLayer
 62
    3
370
   -1
100
AcDbLine
 10
53.18586428494297
 20
15.88064194269219
 11
53.18586428494297
 21
15.28064194269205
  0
LINE
  5
97A
100
AcDbEntity
  8
0
  6
ByLayer
 62
    3
370
   -1
100
AcDbLine
 10
53.18586428494297
 20
11.08064194269218
 11
53.78586428494306
 21
11.08064194269218
  0
LINE
  5
97B
100
AcDbEntity
  8
0
  6
ByLayer
 62
    3
370
   -1
100
AcDbLine
 10
53.78586428494306
 20
11.08064194269218
 11
53.78586428494306
 21
10.48064194269203
  0
LINE
  5
97C
100
AcDbEntity
  8
0
  6
ByLayer
 62
    3
370
   -1
100
AcDbLine
 10
53.78586428494306
 20
10.48064194269203
 11
53.18586428494297
 21
10.48064194269203
  0
LINE
  5
97D
100
AcDbEntity
  8
0
  6
ByLayer
 62
    3
370
   -1
100
AcDbLine
 10
53.18586428494297
 20
11.68064194269204
 11
53.78586428494306
 21
11.68064194269204
  0
LINE
  5
97E
100
AcDbEntity
  8
0
  6
ByLayer
 62
    3
370
   -1
100
AcDbLine
 10
53.78586428494306
 20
11.68064194269204
 11
53.78586428494306
 21
11.08064194269218
  0
LINE
  5
97F
100
AcDbEntity
  8
0
  6
ByLayer
 62
    3
370
   -1
100
AcDbLine
 10
53.18586428494297
 20
12.28064194269218
 11
53.78586428494306
 21
12.28064194269218
  0
LINE
  5
980
100
AcDbEntity
  8
0
  6
ByLayer
 62
    3
370
   -1
100
AcDbLine
 10
53.78586428494306
 20
12.28064194269218
 11
53.78586428494306
 21
11.68064194269204
  0
LINE
  5
981
100
AcDbEntity
  8
0
  6
ByLayer
 62
    3
370
   -1
100
AcDbLine
 10
53.18586428494297
 20
12.88064194269204
 11
53.78586428494306
 21
12.88064194269204
  0
LINE
  5
982
100
AcDbEntity
  8
0
  6
ByLayer
 62
    3
370
   -1
100
AcDbLine
 10
53.78586428494306
 20
12.88064194269204
 11
53.78586428494306
 21
12.28064194269218
  0
LINE
  5
983
100
AcDbEntity
  8
0
  6
ByLayer
 62
    3
370
   -1
100
AcDbLine
 10
53.18586428494297
 20
13.48064194269219
 11
53.78586428494306
 21
13.48064194269219
  0
LINE
  5
984
100
AcDbEntity
  8
0
  6
ByLayer
 62
    3
370
   -1
100
AcDbLine
 10
53.78586428494306
 20
13.48064194269219
 11
53.78586428494306
 21
12.88064194269204
  0
LINE
  5
985
100
AcDbEntity
  8
0
  6
ByLayer
 62
    3
370
   -1
100
AcDbLine
 10
53.18586428494297
 20
14.08064194269205
 11
53.78586428494306
 21
14.08064194269205
  0
LINE
  5
986
100
AcDbEntity
  8
0
  6
ByLayer
 62
    3
370
   -1
100
AcDbLine
 10
53.78586428494306
 20
14.08064194269205
 11
53.78586428494306
 21
13.48064194269219
  0
LINE
  5
987
100
AcDbEntity
  8
0
  6
ByLayer
 62
    3
370
   -1
100
AcDbLine
 10
53.18586428494297
 20
14.68064194269219
 11
53.78586428494306
 21
14.68064194269219
  0
LINE
  5
988
100
AcDbEntity
  8
0
  6
ByLayer
 62
    3
370
   -1
100
AcDbLine
 10
53.78586428494306
 20
14.68064194269219
 11
53.78586428494306
 21
14.08064194269205
  0
LINE
  5
989
100
AcDbEntity
  8
0
  6
ByLayer
 62
    3
370
   -1
100
AcDbLine
 10
53.18586428494297
 20
15.28064194269205
 11
53.78586428494306
 21
15.28064194269205
  0
LINE
  5
98A
100
AcDbEntity
  8
0
  6
ByLayer
 62
    3
370
   -1
100
AcDbLine
 10
53.78586428494306
 20
15.28064194269205
 11
53.78586428494306
 21
14.68064194269219
  0
LINE
  5
98B
100
AcDbEntity
  8
0
  6
ByLayer
 62
    3
370
   -1
100
AcDbLine
 10
53.18586428494297
 20
15.88064194269219
 11
53.78586428494306
 21
15.88064194269219
  0
LINE
  5
98C
100
AcDbEntity
  8
0
  6
ByLayer
 62
    3
370
   -1
100
AcDbLine
 10
53.78586428494306
 20
15.88064194269219
 11
53.78586428494306
 21
15.28064194269205
  0
LINE
  5
98D
100
AcDbEntity
  8
0
  6
ByLayer
 62
    3
370
   -1
100
AcDbLine
 10
53.78586428494306
 20
11.08064194269218
 11
54.38586428494297
 21
11.08064194269218
  0
LINE
  5
98E
100
AcDbEntity
  8
0
  6
ByLayer
 62
    3
370
   -1
100
AcDbLine
 10
54.38586428494297
 20
11.08064194269218
 11
54.38586428494297
 21
10.48064194269203
  0
LINE
  5
98F
100
AcDbEntity
  8
0
  6
ByLayer
 62
    3
370
   -1
100
AcDbLine
 10
54.38586428494297
 20
10.48064194269203
 11
53.78586428494306
 21
10.48064194269203
  0
LINE
  5
990
100
AcDbEntity
  8
0
  6
ByLayer
 62
    3
370
   -1
100
AcDbLine
 10
53.78586428494306
 20
11.68064194269204
 11
54.38586428494297
 21
11.68064194269204
  0
LINE
  5
991
100
AcDbEntity
  8
0
  6
ByLayer
 62
    3
370
   -1
100
AcDbLine
 10
54.38586428494297
 20
11.68064194269204
 11
54.38586428494297
 21
11.08064194269218
  0
LINE
  5
992
100
AcDbEntity
  8
0
  6
ByLayer
 62
    3
370
   -1
100
AcDbLine
 10
53.78586428494306
 20
12.28064194269218
 11
54.38586428494297
 21
12.28064194269218
  0
LINE
  5
993
100
AcDbEntity
  8
0
  6
ByLayer
 62
    3
370
   -1
100
AcDbLine
 10
54.38586428494297
 20
12.28064194269218
 11
54.38586428494297
 21
11.68064194269204
  0
LINE
  5
994
100
AcDbEntity
  8
0
  6
ByLayer
 62
    3
370
   -1
100
AcDbLine
 10
53.78586428494306
 20
12.88064194269204
 11
54.38586428494297
 21
12.88064194269204
  0
LINE
  5
995
100
AcDbEntity
  8
0
  6
ByLayer
 62
    3
370
   -1
100
AcDbLine
 10
54.38586428494297
 20
12.88064194269204
 11
54.38586428494297
 21
12.28064194269218
  0
LINE
  5
996
100
AcDbEntity
  8
0
  6
ByLayer
 62
    3
370
   -1
100
AcDbLine
 10
53.78586428494306
 20
13.48064194269219
 11
54.38586428494297
 21
13.48064194269219
  0
LINE
  5
997
100
AcDbEntity
  8
0
  6
ByLayer
 62
    3
370
   -1
100
AcDbLine
 10
54.38586428494297
 20
13.48064194269219
 11
54.38586428494297
 21
12.88064194269204
  0
LINE
  5
998
100
AcDbEntity
  8
0
  6
ByLayer
 62
    3
370
   -1
100
AcDbLine
 10
53.78586428494306
 20
14.08064194269205
 11
54.38586428494297
 21
14.08064194269205
  0
LINE
  5
999
100
AcDbEntity
  8
0
  6
ByLayer
 62
    3
370
   -1
100
AcDbLine
 10
54.38586428494297
 20
14.08064194269205
 11
54.38586428494297
 21
13.48064194269219
  0
LINE
  5
99A
100
AcDbEntity
  8
0
  6
ByLayer
 62
    3
370
   -1
100
AcDbLine
 10
53.78586428494306
 20
14.68064194269219
 11
54.38586428494297
 21
14.68064194269219
  0
LINE
  5
99B
100
AcDbEntity
  8
0
  6
ByLayer
 62
    3
370
   -1
100
AcDbLine
 10
54.38586428494297
 20
14.68064194269219
 11
54.38586428494297
 21
14.08064194269205
  0
LINE
  5
99C
100
AcDbEntity
  8
0
  6
ByLayer
 62
    3
370
   -1
100
AcDbLine
 10
53.78586428494306
 20
15.28064194269205
 11
54.38586428494297
 21
15.28064194269205
  0
LINE
  5
99D
100
AcDbEntity
  8
0
  6
ByLayer
 62
    3
370
   -1
100
AcDbLine
 10
54.38586428494297
 20
15.28064194269205
 11
54.38586428494297
 21
14.68064194269219
  0
LINE
  5
99E
100
AcDbEntity
  8
0
  6
ByLayer
 62
    3
370
   -1
100
AcDbLine
 10
53.78586428494306
 20
15.88064194269219
 11
54.38586428494297
 21
15.88064194269219
  0
LINE
  5
99F
100
AcDbEntity
  8
0
  6
ByLayer
 62
    3
370
   -1
100
AcDbLine
 10
54.38586428494297
 20
15.88064194269219
 11
54.38586428494297
 21
15.28064194269205
  0
CIRCLE
  5
9A0
100
AcDbEntity
  8
0
  6
ByLayer
 62
    7
370
   -1
100
AcDbCircle
 10
61.99053148308209
 20
24.89946306820547
 40
0.0548211276124173
  0
ARC
  5
9A1
100
AcDbEntity
  8
0
  6
ByLayer
 62
    7
370
   -1
100
AcDbCircle
 10
49.22312912706309
 20
23.80687359721091
 40
1.136084890666599
100
AcDbArc
 50
90
 51
173.6206297914547
  0
ARC
  5
9A2
100
AcDbEntity
  8
0
  6
ByLayer
 62
    3
370
   -1
100
AcDbCircle
 10
53.47313052630913
 20
21.59014194269231
 40
0.0049999999998545
100
AcDbArc
 50
0
 51
90
  0
ARC
  5
9A3
100
AcDbEntity
  8
0
  6
ByLayer
 62
    3
370
   -1
100
AcDbCircle
 10
53.49513052630812
 20
21.59014194269231
 40
0.0049999999999931
100
AcDbArc
 50
90
 51
180
  0
ARC
  5
9A4
100
AcDbEntity
  8
0
  6
ByLayer
 62
    3
370
   -1
100
AcDbCircle
 10
53.49513052630812
 20
21.41614194269238
 40
0.0050000000000393
100
AcDbArc
 50
180
 51
270
  0
ARC
  5
9A5
100
AcDbEntity
  8
0
  6
ByLayer
 62
    3
370
   -1
100
AcDbCircle
 10
53.47313052630913
 20
21.41614194269238
 40
0.0049999999999931
100
AcDbArc
 50
270
 51
0
  0
CIRCLE
  5
9A6
100
AcDbEntity
  8
0
  6
ByLayer
 62
    7
370
   -1
100
AcDbCircle
 10
51.15653681879119
 20
25.56603271200396
 40
0.2942615005638217
  0
ARC
  5
9A7
100
AcDbEntity
  8
0
  6
ByLayer
 62
    7
370
   -1
100
AcDbCircle
 10
49.48586428494217
 20
23.30064194269242
 40
0.9000000000000032
100
AcDbArc
 50
270
 51
0
  0
CIRCLE
  5
9A8
100
AcDbEntity
  8
0
  6
ByLayer
 62
    7
370
   -1
100
AcDbCircle
 10
61.69053148308213
 20
24.89946306820547
 40
0.0548211276124173
  0
ARC
  5
9A9
100
AcDbEntity
  8
0
  6
ByLayer
 62
    3
370
   -1
100
AcDbCircle
 10
51.49513052630811
 20
21.59014194269231
 40
0.0049999999999931
100
AcDbArc
 50
90
 51
180
  0
ARC
  5
9AA
100
AcDbEntity
  8
0
  6
ByLayer
 62
    3
370
   -1
100
AcDbCircle
 10
51.49513052630811
 20
21.41614194269238
 40
0.0050000000000393
100
AcDbArc
 50
180
 51
270
  0
CIRCLE
  5
9AB
100
AcDbEntity
  8
0
  6
ByLayer
 62
    1
370
   -1
100
AcDbCircle
 10
57.83259344683206
 20
25.55372696786876
 40
0.0567022131842503
  0
ARC
  5
9AC
100
AcDbEntity
  8
0
  6
ByLayer
 62
    3
370
   -1
100
AcDbCircle
 10
51.47313052630801
 20
21.59014194269231
 40
0.0050000000000393
100
AcDbArc
 50
0
 51
90
  0
ARC
  5
9AD
100
AcDbEntity
  8
0
  6
ByLayer
 62
    3
370
   -1
100
AcDbCircle
 10
51.47313052630801
 20
21.41614194269238
 40
0.0049999999999931
100
AcDbArc
 50
270
 51
0
  0
ARC
  5
9AE
100
AcDbEntity
  8
0
  6
ByLayer
 62
    3
370
   -1
100
AcDbCircle
 10
55.47313052630803
 20
21.59014194269231
 40
0.0050000000000393
100
AcDbArc
 50
0
 51
90
  0
ARC
  5
9AF
100
AcDbEntity
  8
0
  6
ByLayer
 62
    3
370
   -1
100
AcDbCircle
 10
55.49513052630812
 20
21.59014194269231
 40
0.0049999999999931
100
AcDbArc
 50
90
 51
180
  0
CIRCLE
  5
9B0
100
AcDbEntity
  8
0
  6
ByLayer
 62
    7
370
   -1
100
AcDbCircle
 10
51.45079831935501
 20
25.56603271200396
 40
0.2000000000000931
  0
ARC
  5
9B1
100
AcDbEntity
  8
0
  6
ByLayer
 62
    7
370
   -1
100
AcDbCircle
 10
59.36821343992403
 20
15.98064194269219
 40
0.9000000000000032
100
AcDbArc
 50
270
 51
0
  0
ARC
  5
9B2
100
AcDbEntity
  8
0
  6
ByLayer
 62
    3
370
   -1
100
AcDbCircle
 10
51.49513052630811
 20
18.01614194269237
 40
0.0050000000000393
100
AcDbArc
 50
180
 51
270
  0
ARC
  5
9B3
100
AcDbEntity
  8
0
  6
ByLayer
 62
    3
370
   -1
100
AcDbCircle
 10
53.49513052630812
 20
18.1901419426923
 40
0.0050000000000393
100
AcDbArc
 50
90
 51
180
  0
ARC
  5
9B4
100
AcDbEntity
  8
0
  6
ByLayer
 62
    7
370
   -1
100
AcDbCircle
 10
70.1032093503601
 20
9.751211078171526
 40
0.9000000000000032
100
AcDbArc
 50
270
 51
0
  0
ARC
  5
9B5
100
AcDbEntity
  8
0
  6
ByLayer
 62
    3
370
   -1
100
AcDbCircle
 10
51.47313052630801
 20
19.1901419426923
 40
0.0050000000000393
100
AcDbArc
 50
0
 51
90
  0
ARC
  5
9B6
100
AcDbEntity
  8
0
  6
ByLayer
 62
    3
370
   -1
100
AcDbCircle
 10
53.47313052630913
 20
18.1901419426923
 40
0.0049999999998545
100
AcDbArc
 50
0
 51
90
  0
ARC
  5
9B7
100
AcDbEntity
  8
0
  6
ByLayer
 62
    3
370
   -1
100
AcDbCircle
 10
55.47313052630803
 20
21.41614194269238
 40
0.0049999999999931
100
AcDbArc
 50
270
 51
0
  0
ARC
  5
9B8
100
AcDbEntity
  8
0
  6
ByLayer
 62
    3
370
   -1
100
AcDbCircle
 10
55.49513052630812
 20
18.01614194269237
 40
0.0050000000000393
100
AcDbArc
 50
180
 51
270
  0
ARC
  5
9B9
100
AcDbEntity
  8
0
  6
ByLayer
 62
    3
370
   -1
100
AcDbCircle
 10
53.47313052630913
 20
20.5901419426924
 40
0.0049999999998545
100
AcDbArc
 50
0
 51
90
  0
ARC
  5
9BA
100
AcDbEntity
  8
0
  6
ByLayer
 62
    3
370
   -1
100
AcDbCircle
 10
53.49513052630812
 20
20.41614194269238
 40
0.0050000000000393
100
AcDbArc
 50
180
 51
270
  0
ARC
  5
9BB
100
AcDbEntity
  8
0
  6
ByLayer
 62
    3
370
   -1
100
AcDbCircle
 10
55.47313052630803
 20
18.1901419426923
 40
0.0050000000000393
100
AcDbArc
 50
0
 51
90
  0
ARC
  5
9BC
100
AcDbEntity
  8
0
  6
ByLayer
 62
    3
370
   -1
100
AcDbCircle
 10
51.49513052630811
 20
18.1901419426923
 40
0.0050000000000393
100
AcDbArc
 50
90
 51
180
  0
ARC
  5
9BD
100
AcDbEntity
  8
0
  6
ByLayer
 62
    3
370
   -1
100
AcDbCircle
 10
55.49513052630812
 20
19.1901419426923
 40
0.0049999999999931
100
AcDbArc
 50
90
 51
180
  0
ARC
  5
9BE
100
AcDbEntity
  8
0
  6
ByLayer
 62
    3
370
   -1
100
AcDbCircle
 10
51.47313052630801
 20
20.41614194269238
 40
0.0049999999999931
100
AcDbArc
 50
270
 51
0
  0
ARC
  5
9BF
100
AcDbEntity
  8
0
  6
ByLayer
 62
    7
370
   -1
100
AcDbCircle
 10
77.30572953671209
 20
5.403800000000001
 40
1.000000000000096
100
AcDbArc
 50
0
 51
90
  0
ARC
  5
9C0
100
AcDbEntity
  8
0
  6
ByLayer
 62
    3
370
   -1
100
AcDbCircle
 10
55.49513052630812
 20
21.41614194269238
 40
0.0050000000000393
100
AcDbArc
 50
180
 51
270
  0
ARC
  5
9C1
100
AcDbEntity
  8
0
  6
ByLayer
 62
    7
370
   -1
100
AcDbCircle
 10
60.84821343992402
 20
19.43064194269241
 40
0.9000000000000494
100
AcDbArc
 50
0
 51
96.37937020918001
  0
ARC
  5
9C2
100
AcDbEntity
  8
0
  6
ByLayer
 62
    3
370
   -1
100
AcDbCircle
 10
55.49513052630812
 20
20.5901419426924
 40
0.0049999999999931
100
AcDbArc
 50
90
 51
180
  0
ARC
  5
9C3
100
AcDbEntity
  8
0
  6
ByLayer
 62
    7
370
   -1
100
AcDbCircle
 10
43.54568873092724
 20
21.19310525172941
 40
0.7515085357391813
100
AcDbArc
 50
0
 51
90
  0
ARC
  5
9C4
100
AcDbEntity
  8
0
  6
ByLayer
 62
    7
370
   -1
100
AcDbCircle
 10
43.54568873092724
 20
22.9768735972109
 40
0.7515085357391813
100
AcDbArc
 50
0
 51
90
  0
ARC
  5
9C5
100
AcDbEntity
  8
0
  6
ByLayer
 62
    3
370
   -1
100
AcDbCircle
 10
51.47313052630801
 20
18.01614194269237
 40
0.0049999999999931
100
AcDbArc
 50
270
 51
0
  0
ARC
  5
9C6
100
AcDbEntity
  8
0
  6
ByLayer
 62
    3
370
   -1
100
AcDbCircle
 10
53.49513052630812
 20
18.01614194269237
 40
0.0050000000000393
100
AcDbArc
 50
180
 51
270
  0
ARC
  5
9C7
100
AcDbEntity
  8
0
  6
ByLayer
 62
    3
370
   -1
100
AcDbCircle
 10
55.49513052630812
 20
19.01614194269237
 40
0.0050000000000393
100
AcDbArc
 50
180
 51
270
  0
ARC
  5
9C8
100
AcDbEntity
  8
0
  6
ByLayer
 62
    3
370
   -1
100
AcDbCircle
 10
53.49513052630812
 20
20.5901419426924
 40
0.0049999999999931
100
AcDbArc
 50
90
 51
180
  0
ARC
  5
9C9
100
AcDbEntity
  8
0
  6
ByLayer
 62
    7
370
   -1
100
AcDbCircle
 10
47.33737282068111
 20
21.19310525172945
 40
0.7515085357392738
100
AcDbArc
 50
90
 51
180
  0
ARC
  5
9CA
100
AcDbEntity
  8
0
  6
ByLayer
 62
    3
370
   -1
100
AcDbCircle
 10
51.47313052630801
 20
18.1901419426923
 40
0.0050000000000393
100
AcDbArc
 50
0
 51
90
  0
ARC
  5
9CB
100
AcDbEntity
  8
0
  6
ByLayer
 62
    3
370
   -1
100
AcDbCircle
 10
55.47313052630803
 20
18.01614194269237
 40
0.0049999999999931
100
AcDbArc
 50
270
 51
0
  0
ARC
  5
9CC
100
AcDbEntity
  8
0
  6
ByLayer
 62
    3
370
   -1
100
AcDbCircle
 10
55.47313052630803
 20
19.1901419426923
 40
0.0050000000000393
100
AcDbArc
 50
0
 51
90
  0
ARC
  5
9CD
100
AcDbEntity
  8
0
  6
ByLayer
 62
    3
370
   -1
100
AcDbCircle
 10
55.49513052630812
 20
20.41614194269238
 40
0.0050000000000393
100
AcDbArc
 50
180
 51
270
  0
ARC
  5
9CE
100
AcDbEntity
  8
0
  6
ByLayer
 62
    3
370
   -1
100
AcDbCircle
 10
53.49513052630812
 20
19.01614194269237
 40
0.0050000000000393
100
AcDbArc
 50
180
 51
270
  0
ARC
  5
9CF
100
AcDbEntity
  8
0
  6
ByLayer
 62
    3
370
   -1
100
AcDbCircle
 10
55.47313052630803
 20
20.5901419426924
 40
0.0050000000000393
100
AcDbArc
 50
0
 51
90
  0
ARC
  5
9D0
100
AcDbEntity
  8
0
  6
ByLayer
 62
    3
370
   -1
100
AcDbCircle
 10
51.47313052630801
 20
20.5901419426924
 40
0.0050000000000393
100
AcDbArc
 50
0
 51
90
  0
ARC
  5
9D1
100
AcDbEntity
  8
0
  6
ByLayer
 62
    3
370
   -1
100
AcDbCircle
 10
53.47313052630913
 20
19.1901419426923
 40
0.0049999999998545
100
AcDbArc
 50
0
 51
90
  0
ARC
  5
9D2
100
AcDbEntity
  8
0
  6
ByLayer
 62
    7
370
   -1
100
AcDbCircle
 10
77.30572953671209
 20
7.403800000000008
 40
1.000000000000004
100
AcDbArc
 50
270
 51
0
  0
ARC
  5
9D3
100
AcDbEntity
  8
0
  6
ByLayer
 62
    7
370
   -1
100
AcDbCircle
 10
47.33737282068111
 20
22.9768735972109
 40
0.7515085357392738
100
AcDbArc
 50
90
 51
180
  0
ARC
  5
9D4
100
AcDbEntity
  8
0
  6
ByLayer
 62
    3
370
   -1
100
AcDbCircle
 10
51.49513052630811
 20
19.01614194269237
 40
0.0050000000000393
100
AcDbArc
 50
180
 51
270
  0
ARC
  5
9D5
100
AcDbEntity
  8
0
  6
ByLayer
 62
    3
370
   -1
100
AcDbCircle
 10
51.47313052630801
 20
19.01614194269237
 40
0.0049999999999931
100
AcDbArc
 50
270
 51
0
  0
ARC
  5
9D6
100
AcDbEntity
  8
0
  6
ByLayer
 62
    3
370
   -1
100
AcDbCircle
 10
51.49513052630811
 20
19.1901419426923
 40
0.0049999999999931
100
AcDbArc
 50
90
 51
180
  0
ARC
  5
9D7
100
AcDbEntity
  8
0
  6
ByLayer
 62
    3
370
   -1
100
AcDbCircle
 10
53.47313052630913
 20
19.01614194269237
 40
0.0049999999999931
100
AcDbArc
 50
270
 51
0
  0
ARC
  5
9D8
100
AcDbEntity
  8
0
  6
ByLayer
 62
    3
370
   -1
100
AcDbCircle
 10
55.49513052630812
 20
18.1901419426923
 40
0.0050000000000393
100
AcDbArc
 50
90
 51
180
  0
ARC
  5
9D9
100
AcDbEntity
  8
0
  6
ByLayer
 62
    3
370
   -1
100
AcDbCircle
 10
53.49513052630812
 20
19.1901419426923
 40
0.0049999999999931
100
AcDbArc
 50
90
 51
180
  0
ARC
  5
9DA
100
AcDbEntity
  8
0
  6
ByLayer
 62
    3
370
   -1
100
AcDbCircle
 10
51.49513052630811
 20
20.5901419426924
 40
0.0049999999999931
100
AcDbArc
 50
90
 51
180
  0
ARC
  5
9DB
100
AcDbEntity
  8
0
  6
ByLayer
 62
    3
370
   -1
100
AcDbCircle
 10
51.49513052630811
 20
20.41614194269238
 40
0.0050000000000393
100
AcDbArc
 50
180
 51
270
  0
ARC
  5
9DC
100
AcDbEntity
  8
0
  6
ByLayer
 62
    3
370
   -1
100
AcDbCircle
 10
53.47313052630913
 20
20.41614194269238
 40
0.0049999999999931
100
AcDbArc
 50
270
 51
0
  0
ARC
  5
9DD
100
AcDbEntity
  8
0
  6
ByLayer
 62
    3
370
   -1
100
AcDbCircle
 10
55.47313052630803
 20
20.41614194269238
 40
0.0049999999999931
100
AcDbArc
 50
270
 51
0
  0
ARC
  5
9DE
100
AcDbEntity
  8
0
  6
ByLayer
 62
    7
370
   -1
100
AcDbCircle
 10
70.1032093503601
 20
7.951211078171381
 40
0.9000000000000494
100
AcDbArc
 50
0
 51
90
  0
ARC
  5
9DF
100
AcDbEntity
  8
0
  6
ByLayer
 62
    3
370
   -1
100
AcDbCircle
 10
53.47313052630913
 20
18.01614194269237
 40
0.0049999999999931
100
AcDbArc
 50
270
 51
0
  0
ARC
  5
9E0
100
AcDbEntity
  8
0
  6
ByLayer
 62
    3
370
   -1
100
AcDbCircle
 10
55.47313052630803
 20
19.01614194269237
 40
0.0049999999999931
100
AcDbArc
 50
270
 51
0
  0
ENDBLK
  5
5A
330
58
100
AcDbEntity
  8
0
100
AcDbBlockEnd
  0
BLOCK
  5
5C
330
5B
100
AcDbEntity
  8
0
100
AcDbBlockBegin
  2
ZONE_1
 70
    0
 10
0
 20
0
  3
ZONE_1
  1

  0
LINE
  5
9E1
100
AcDbEntity
  8
0
  6
ByLayer
 62
    0
370
   -1
100
AcDbLine
 10
0.1756066411238825
 20
0.0049489144316731
 11
0.0095785440613027
 21
0.0049489144316731
  0
LINE
  5
9E2
100
AcDbEntity
  8
0
  6
ByLayer
 62
    0
370
   -1
100
AcDbLine
 10
0.0095785440613027
 20
0.0049489144316731
 11
0.0095785440613027
 21
0.0343231162196679
  0
LINE
  5
9E3
100
AcDbEntity
  8
0
  6
ByLayer
 62
    0
370
   -1
100
AcDbLine
 10
0.0095785440613027
 20
0.0343231162196679
 11
0.1368135376756066
 21
0.2145593869731801
  0
LINE
  5
9E4
100
AcDbEntity
  8
0
  6
ByLayer
 62
    0
370
   -1
100
AcDbLine
 10
0.1368135376756066
 20
0.2145593869731801
 11
0.0153256704980843
 21
0.2145593869731801
  0
LINE
  5
9E5
100
AcDbEntity
  8
0
  6
ByLayer
 62
    0
370
   -1
100
AcDbLine
 10
0.0153256704980843
 20
0.2145593869731801
 11
0.0153256704980843
 21
0.2426564495530013
  0
LINE
  5
9E6
100
AcDbEntity
  8
0
  6
ByLayer
 62
    0
370
   -1
100
AcDbLine
 10
0.0153256704980843
 20
0.2426564495530013
 11
0.1724137931034483
 21
0.2426564495530013
  0
LINE
  5
9E7
100
AcDbEntity
  8
0
  6
ByLayer
 62
    0
370
   -1
100
AcDbLine
 10
0.1724137931034483
 20
0.2426564495530013
 11
0.1724137931034483
 21
0.2140804597701149
  0
LINE
  5
9E8
100
AcDbEntity
  8
0
  6
ByLayer
 62
    0
370
   -1
100
AcDbLine
 10
0.1724137931034483
 20
0.2140804597701149
 11
0.0437420178799489
 21
0.0330459770114943
  0
LINE
  5
9E9
100
AcDbEntity
  8
0
  6
ByLayer
 62
    0
370
   -1
100
AcDbLine
 10
0.0437420178799489
 20
0.0330459770114943
 11
0.1756066411238825
 21
0.0330459770114943
  0
LINE
  5
9EA
100
AcDbEntity
  8
0
  6
ByLayer
 62
    0
370
   -1
100
AcDbLine
 10
0.1756066411238825
 20
0.0330459770114943
 11
0.1756066411238825
 21
0.0049489144316731
  0
LINE
  5
9EB
100
AcDbEntity
  8
0
  6
ByLayer
 62
    0
370
   -1
100
AcDbLine
 10
0.6082375478927203
 20
0.0049489144316731
 11
0.5727969348659004
 21
0.0049489144316731
  0
LINE
  5
9EC
100
AcDbEntity
  8
0
  6
ByLayer
 62
    0
370
   -1
100
AcDbLine
 10
0.5727969348659004
 20
0.0049489144316731
 11
0.4677522349936143
 21
0.2099297573435504
  0
LINE
  5
9ED
100
AcDbEntity
  8
0
  6
ByLayer
 62
    0
370
   -1
100
AcDbLine
 10
0.4677522349936143
 20
0.2099297573435504
 11
0.4677522349936143
 21
0.0049489144316731
  0
LINE
  5
9EE
100
AcDbEntity
  8
0
  6
ByLayer
 62
    0
370
   -1
100
AcDbLine
 10
0.4677522349936143
 20
0.0049489144316731
 11
0.4382183908045977
 21
0.0049489144316731
  0
LINE
  5
9EF
100
AcDbEntity
  8
0
  6
ByLayer
 62
    0
370
   -1
100
AcDbLine
 10
0.4382183908045977
 20
0.0049489144316731
 11
0.4382183908045977
 21
0.2426564495530013
  0
LINE
  5
9F0
100
AcDbEntity
  8
0
  6
ByLayer
 62
    0
370
   -1
100
AcDbLine
 10
0.4382183908045977
 20
0.2426564495530013
 11
0.4830779054916987
 21
0.2426564495530013
  0
LINE
  5
9F1
100
AcDbEntity
  8
0
  6
ByLayer
 62
    0
370
   -1
100
AcDbLine
 10
0.4830779054916987
 20
0.2426564495530013
 11
0.5787037037037037
 21
0.0544380587484036
  0
LINE
  5
9F2
100
AcDbEntity
  8
0
  6
ByLayer
 62
    0
370
   -1
100
AcDbLine
 10
0.5787037037037037
 20
0.0544380587484036
 11
0.5787037037037037
 21
0.2426564495530013
  0
LINE
  5
9F3
100
AcDbEntity
  8
0
  6
ByLayer
 62
    0
370
   -1
100
AcDbLine
 10
0.5787037037037037
 20
0.2426564495530013
 11
0.6082375478927203
 21
0.2426564495530013
  0
LINE
  5
9F4
100
AcDbEntity
  8
0
  6
ByLayer
 62
    0
370
   -1
100
AcDbLine
 10
0.6082375478927203
 20
0.2426564495530013
 11
0.6082375478927203
 21
0.0049489144316731
  0
LINE
  5
9F5
100
AcDbEntity
  8
0
  6
ByLayer
 62
    0
370
   -1
100
AcDbLine
 10
0.6564495530012772
 20
0.0049489144316731
 11
0.6564495530012772
 21
0.2426564495530013
  0
LINE
  5
9F6
100
AcDbEntity
  8
0
  6
ByLayer
 62
    0
370
   -1
100
AcDbLine
 10
0.6564495530012772
 20
0.2426564495530013
 11
0.8050766283524905
 21
0.2426564495530013
  0
LINE
  5
9F7
100
AcDbEntity
  8
0
  6
ByLayer
 62
    0
370
   -1
100
AcDbLine
 10
0.8050766283524905
 20
0.2426564495530013
 11
0.8050766283524905
 21
0.2145593869731801
  0
LINE
  5
9F8
100
AcDbEntity
  8
0
  6
ByLayer
 62
    0
370
   -1
100
AcDbLine
 10
0.8050766283524905
 20
0.2145593869731801
 11
0.6880587484035759
 21
0.2145593869731801
  0
LINE
  5
9F9
100
AcDbEntity
  8
0
  6
ByLayer
 62
    0
370
   -1
100
AcDbLine
 10
0.6880587484035759
 20
0.2145593869731801
 11
0.6880587484035759
 21
0.1494252873563219
  0
LINE
  5
9FA
100
AcDbEntity
  8
0
  6
ByLayer
 62
    0
370
   -1
100
AcDbLine
 10
0.6880587484035759
 20
0.1494252873563219
 11
0.7970945083014048
 21
0.1494252873563219
  0
LINE
  5
9FB
100
AcDbEntity
  8
0
  6
ByLayer
 62
    0
370
   -1
100
AcDbLine
 10
0.7970945083014048
 20
0.1494252873563219
 11
0.7970945083014048
 21
0.1213282247765006
  0
LINE
  5
9FC
100
AcDbEntity
  8
0
  6
ByLayer
 62
    0
370
   -1
100
AcDbLine
 10
0.7970945083014048
 20
0.1213282247765006
 11
0.6880587484035759
 21
0.1213282247765006
  0
LINE
  5
9FD
100
AcDbEntity
  8
0
  6
ByLayer
 62
    0
370
   -1
100
AcDbLine
 10
0.6880587484035759
 20
0.1213282247765006
 11
0.6880587484035759
 21
0.0330459770114943
  0
LINE
  5
9FE
100
AcDbEntity
  8
0
  6
ByLayer
 62
    0
370
   -1
100
AcDbLine
 10
0.6880587484035759
 20
0.0330459770114943
 11
0.8050766283524905
 21
0.0330459770114943
  0
LINE
  5
9FF
100
AcDbEntity
  8
0
  6
ByLayer
 62
    0
370
   -1
100
AcDbLine
 10
0.8050766283524905
 20
0.0330459770114943
 11
0.8050766283524905
 21
0.0049489144316731
  0
LINE
  5
A00
100
AcDbEntity
  8
0
  6
ByLayer
 62
    0
370
   -1
100
AcDbLine
 10
0.8050766283524905
 20
0.0049489144316731
 11
0.6564495530012772
 21
0.0049489144316731
  0
LINE
  5
A01
100
AcDbEntity
  8
0
  6
ByLayer
 62
    0
370
   -1
100
AcDbLine
 10
1.06992337164751
 20
0.0049489144316731
 11
0.9540229885057472
 21
0.0049489144316731
  0
LINE
  5
A02
100
AcDbEntity
  8
0
  6
ByLayer
 62
    0
370
   -1
100
AcDbLine
 10
0.9540229885057472
 20
0.0049489144316731
 11
0.9540229885057472
 21
0.0292145593869732
  0
LINE
  5
A03
100
AcDbEntity
  8
0
  6
ByLayer
 62
    0
370
   -1
100
AcDbLine
 10
0.9540229885057472
 20
0.0292145593869732
 11
0.9971264367816092
 21
0.0292145593869732
  0
LINE
  5
A04
100
AcDbEntity
  8
0
  6
ByLayer
 62
    0
370
   -1
100
AcDbLine
 10
0.9971264367816092
 20
0.0292145593869732
 11
0.9971264367816092
 21
0.1885376756066411
  0
LINE
  5
A05
100
AcDbEntity
  8
0
  6
ByLayer
 62
    0
370
   -1
100
AcDbLine
 10
0.9971264367816092
 20
0.1885376756066411
 11
0.9540229885057472
 21
0.1885376756066411
  0
LINE
  5
A06
100
AcDbEntity
  8
0
  6
ByLayer
 62
    0
370
   -1
100
AcDbLine
 10
0.9540229885057472
 20
0.1885376756066411
 11
0.9540229885057472
 21
0.2102490421455939
  0
LINE
  5
A07
100
AcDbEntity
  8
0
  6
ByLayer
 62
    0
370
   -1
100
AcDbLine
 10
1.003033205619412
 20
0.2434546615581099
 11
1.027777777777778
 21
0.2434546615581099
  0
LINE
  5
A08
100
AcDbEntity
  8
0
  6
ByLayer
 62
    0
370
   -1
100
AcDbLine
 10
1.027777777777778
 20
0.2434546615581099
 11
1.027777777777778
 21
0.0292145593869732
  0
LINE
  5
A09
100
AcDbEntity
  8
0
  6
ByLayer
 62
    0
370
   -1
100
AcDbLine
 10
1.027777777777778
 20
0.0292145593869732
 11
1.06992337164751
 21
0.0292145593869732
  0
LINE
  5
A0A
100
AcDbEntity
  8
0
  6
ByLayer
 62
    0
370
   -1
100
AcDbLine
 10
1.06992337164751
 20
0.0292145593869732
 11
1.06992337164751
 21
0.0049489144316731
  0
LINE
  5
A0B
100
AcDbEntity
  8
0
  6
ByLayer
 62
    0
370
   -1
100
AcDbLine
 10
0.1756066411238825
 20
0.0049489144316731
 11
0.0095785440613027
 21
0.0049489144316731
  0
LINE
  5
A0C
100
AcDbEntity
  8
0
  6
ByLayer
 62
    0
370
   -1
100
AcDbLine
 10
0.1756066411238825
 20
0.0330459770114943
 11
0.1756066411238825
 21
0.0049489144316731
  0
LINE
  5
A0D
100
AcDbEntity
  8
0
  6
ByLayer
 62
    0
370
   -1
100
AcDbLine
 10
0.0437420178799489
 20
0.0330459770114943
 11
0.1756066411238825
 21
0.0330459770114943
  0
LINE
  5
A0E
100
AcDbEntity
  8
0
  6
ByLayer
 62
    0
370
   -1
100
AcDbLine
 10
0.1724137931034483
 20
0.2140804597701149
 11
0.0437420178799489
 21
0.0330459770114943
  0
LINE
  5
A0F
100
AcDbEntity
  8
0
  6
ByLayer
 62
    0
370
   -1
100
AcDbLine
 10
0.1724137931034483
 20
0.2426564495530013
 11
0.1724137931034483
 21
0.2140804597701149
  0
LINE
  5
A10
100
AcDbEntity
  8
0
  6
ByLayer
 62
    0
370
   -1
100
AcDbLine
 10
0.0153256704980843
 20
0.2426564495530013
 11
0.1724137931034483
 21
0.2426564495530013
  0
LINE
  5
A11
100
AcDbEntity
  8
0
  6
ByLayer
 62
    0
370
   -1
100
AcDbLine
 10
0.0153256704980843
 20
0.2145593869731801
 11
0.0153256704980843
 21
0.2426564495530013
  0
LINE
  5
A12
100
AcDbEntity
  8
0
  6
ByLayer
 62
    0
370
   -1
100
AcDbLine
 10
0.1368135376756066
 20
0.2145593869731801
 11
0.0153256704980843
 21
0.2145593869731801
  0
LINE
  5
A13
100
AcDbEntity
  8
0
  6
ByLayer
 62
    0
370
   -1
100
AcDbLine
 10
0.0095785440613027
 20
0.0343231162196679
 11
0.1368135376756066
 21
0.2145593869731801
  0
LINE
  5
A14
100
AcDbEntity
  8
0
  6
ByLayer
 62
    0
370
   -1
100
AcDbLine
 10
0.0095785440613027
 20
0.0049489144316731
 11
0.0095785440613027
 21
0.0343231162196679
  0
LINE
  5
A15
100
AcDbEntity
  8
0
  6
ByLayer
 62
    0
370
   -1
100
AcDbLine
 10
0.1756066411238825
 20
0.0049489144316731
 11
0.0095785440613027
 21
0.0049489144316731
  0
LINE
  5
A16
100
AcDbEntity
  8
0
  6
ByLayer
 62
    0
370
   -1
100
AcDbLine
 10
0.1756066411238825
 20
0.0049489144316731
 11
0.1756066411238825
 21
0.0049489144316731
  0
LINE
  5
A17
100
AcDbEntity
  8
0
  6
ByLayer
 62
    0
370
   -1
100
AcDbLine
 10
0.1756066411238825
 20
0.0049489144316731
 11
0.0095785440613027
 21
0.0049489144316731
  0
LINE
  5
A18
100
AcDbEntity
  8
0
  6
ByLayer
 62
    0
370
   -1
100
AcDbLine
 10
0.0095785440613027
 20
0.0049489144316731
 11
0.0095785440613027
 21
0.0049489144316731
  0
LINE
  5
A19
100
AcDbEntity
  8
0
  6
ByLayer
 62
    0
370
   -1
100
AcDbLine
 10
0.0095785440613027
 20
0.0049489144316731
 11
0.0095785440613027
 21
0.0343231162196679
  0
LINE
  5
A1A
100
AcDbEntity
  8
0
  6
ByLayer
 62
    0
370
   -1
100
AcDbLine
 10
0.0095785440613027
 20
0.0049489144316731
 11
0.0095785440613027
 21
0.0049489144316731
  0
LINE
  5
A1B
100
AcDbEntity
  8
0
  6
ByLayer
 62
    0
370
   -1
100
AcDbLine
 10
0.0095785440613027
 20
0.0049489144316731
 11
0.0095785440613027
 21
0.0343231162196679
  0
LINE
  5
A1C
100
AcDbEntity
  8
0
  6
ByLayer
 62
    0
370
   -1
100
AcDbLine
 10
0.0095785440613027
 20
0.0343231162196679
 11
0.0095785440613027
 21
0.0343231162196679
  0
LINE
  5
A1D
100
AcDbEntity
  8
0
  6
ByLayer
 62
    0
370
   -1
100
AcDbLine
 10
0.0095785440613027
 20
0.0343231162196679
 11
0.1368135376756066
 21
0.2145593869731801
  0
LINE
  5
A1E
100
AcDbEntity
  8
0
  6
ByLayer
 62
    0
370
   -1
100
AcDbLine
 10
0.0095785440613027
 20
0.0343231162196679
 11
0.0095785440613027
 21
0.0343231162196679
  0
LINE
  5
A1F
100
AcDbEntity
  8
0
  6
ByLayer
 62
    0
370
   -1
100
AcDbLine
 10
0.0095785440613027
 20
0.0343231162196679
 11
0.1368135376756066
 21
0.2145593869731801
  0
LINE
  5
A20
100
AcDbEntity
  8
0
  6
ByLayer
 62
    0
370
   -1
100
AcDbLine
 10
0.1368135376756066
 20
0.2145593869731801
 11
0.1368135376756066
 21
0.2145593869731801
  0
LINE
  5
A21
100
AcDbEntity
  8
0
  6
ByLayer
 62
    0
370
   -1
100
AcDbLine
 10
0.1368135376756066
 20
0.2145593869731801
 11
0.0153256704980843
 21
0.2145593869731801
  0
LINE
  5
A22
100
AcDbEntity
  8
0
  6
ByLayer
 62
    0
370
   -1
100
AcDbLine
 10
0.1368135376756066
 20
0.2145593869731801
 11
0.1368135376756066
 21
0.2145593869731801
  0
LINE
  5
A23
100
AcDbEntity
  8
0
  6
ByLayer
 62
    0
370
   -1
100
AcDbLine
 10
0.1368135376756066
 20
0.2145593869731801
 11
0.0153256704980843
 21
0.2145593869731801
  0
LINE
  5
A24
100
AcDbEntity
  8
0
  6
ByLayer
 62
    0
370
   -1
100
AcDbLine
 10
0.0153256704980843
 20
0.2145593869731801
 11
0.0153256704980843
 21
0.2145593869731801
  0
LINE
  5
A25
100
AcDbEntity
  8
0
  6
ByLayer
 62
    0
370
   -1
100
AcDbLine
 10
0.0153256704980843
 20
0.2145593869731801
 11
0.0153256704980843
 21
0.2426564495530013
  0
LINE
  5
A26
100
AcDbEntity
  8
0
  6
ByLayer
 62
    0
370
   -1
100
AcDbLine
 10
0.0153256704980843
 20
0.2145593869731801
 11
0.0153256704980843
 21
0.2145593869731801
  0
LINE
  5
A27
100
AcDbEntity
  8
0
  6
ByLayer
 62
    0
370
   -1
100
AcDbLine
 10
0.0153256704980843
 20
0.2145593869731801
 11
0.0153256704980843
 21
0.2426564495530013
  0
LINE
  5
A28
100
AcDbEntity
  8
0
  6
ByLayer
 62
    0
370
   -1
100
AcDbLine
 10
0.0153256704980843
 20
0.2426564495530013
 11
0.0153256704980843
 21
0.2426564495530013
  0
LINE
  5
A29
100
AcDbEntity
  8
0
  6
ByLayer
 62
    0
370
   -1
100
AcDbLine
 10
0.0153256704980843
 20
0.2426564495530013
 11
0.1724137931034483
 21
0.2426564495530013
  0
LINE
  5
A2A
100
AcDbEntity
  8
0
  6
ByLayer
 62
    0
370
   -1
100
AcDbLine
 10
0.0153256704980843
 20
0.2426564495530013
 11
0.0153256704980843
 21
0.2426564495530013
  0
LINE
  5
A2B
100
AcDbEntity
  8
0
  6
ByLayer
 62
    0
370
   -1
100
AcDbLine
 10
0.0153256704980843
 20
0.2426564495530013
 11
0.1724137931034483
 21
0.2426564495530013
  0
LINE
  5
A2C
100
AcDbEntity
  8
0
  6
ByLayer
 62
    0
370
   -1
100
AcDbLine
 10
0.1724137931034483
 20
0.2426564495530013
 11
0.1724137931034483
 21
0.2426564495530013
  0
LINE
  5
A2D
100
AcDbEntity
  8
0
  6
ByLayer
 62
    0
370
   -1
100
AcDbLine
 10
0.1724137931034483
 20
0.2426564495530013
 11
0.1724137931034483
 21
0.2140804597701149
  0
LINE
  5
A2E
100
AcDbEntity
  8
0
  6
ByLayer
 62
    0
370
   -1
100
AcDbLine
 10
0.1724137931034483
 20
0.2426564495530013
 11
0.1724137931034483
 21
0.2426564495530013
  0
LINE
  5
A2F
100
AcDbEntity
  8
0
  6
ByLayer
 62
    0
370
   -1
100
AcDbLine
 10
0.1724137931034483
 20
0.2426564495530013
 11
0.1724137931034483
 21
0.2140804597701149
  0
LINE
  5
A30
100
AcDbEntity
  8
0
  6
ByLayer
 62
    0
370
   -1
100
AcDbLine
 10
0.1724137931034483
 20
0.2140804597701149
 11
0.1724137931034483
 21
0.2140804597701149
  0
LINE
  5
A31
100
AcDbEntity
  8
0
  6
ByLayer
 62
    0
370
   -1
100
AcDbLine
 10
0.1724137931034483
 20
0.2140804597701149
 11
0.0437420178799489
 21
0.0330459770114943
  0
LINE
  5
A32
100
AcDbEntity
  8
0
  6
ByLayer
 62
    0
370
   -1
100
AcDbLine
 10
0.1724137931034483
 20
0.2140804597701149
 11
0.1724137931034483
 21
0.2140804597701149
  0
LINE
  5
A33
100
AcDbEntity
  8
0
  6
ByLayer
 62
    0
370
   -1
100
AcDbLine
 10
0.1724137931034483
 20
0.2140804597701149
 11
0.0437420178799489
 21
0.0330459770114943
  0
LINE
  5
A34
100
AcDbEntity
  8
0
  6
ByLayer
 62
    0
370
   -1
100
AcDbLine
 10
0.0437420178799489
 20
0.0330459770114943
 11
0.0437420178799489
 21
0.0330459770114943
  0
LINE
  5
A35
100
AcDbEntity
  8
0
  6
ByLayer
 62
    0
370
   -1
100
AcDbLine
 10
0.0437420178799489
 20
0.0330459770114943
 11
0.1756066411238825
 21
0.0330459770114943
  0
LINE
  5
A36
100
AcDbEntity
  8
0
  6
ByLayer
 62
    0
370
   -1
100
AcDbLine
 10
0.0437420178799489
 20
0.0330459770114943
 11
0.0437420178799489
 21
0.0330459770114943
  0
LINE
  5
A37
100
AcDbEntity
  8
0
  6
ByLayer
 62
    0
370
   -1
100
AcDbLine
 10
0.0437420178799489
 20
0.0330459770114943
 11
0.1756066411238825
 21
0.0330459770114943
  0
LINE
  5
A38
100
AcDbEntity
  8
0
  6
ByLayer
 62
    0
370
   -1
100
AcDbLine
 10
0.1756066411238825
 20
0.0330459770114943
 11
0.1756066411238825
 21
0.0330459770114943
  0
LINE
  5
A39
100
AcDbEntity
  8
0
  6
ByLayer
 62
    0
370
   -1
100
AcDbLine
 10
0.1756066411238825
 20
0.0330459770114943
 11
0.1756066411238825
 21
0.0049489144316731
  0
LINE
  5
A3A
100
AcDbEntity
  8
0
  6
ByLayer
 62
    0
370
   -1
100
AcDbLine
 10
0.1756066411238825
 20
0.0330459770114943
 11
0.1756066411238825
 21
0.0330459770114943
  0
LINE
  5
A3B
100
AcDbEntity
  8
0
  6
ByLayer
 62
    0
370
   -1
100
AcDbLine
 10
0.1756066411238825
 20
0.0330459770114943
 11
0.1756066411238825
 21
0.0049489144316731
  0
LINE
  5
A3C
100
AcDbEntity
  8
0
  6
ByLayer
 62
    0
370
   -1
100
AcDbLine
 10
0.1756066411238825
 20
0.0049489144316731
 11
0.1756066411238825
 21
0.0049489144316731
  0
LINE
  5
A3D
100
AcDbEntity
  8
0
  6
ByLayer
 62
    0
370
   -1
100
AcDbLine
 10
0.375
 20
0.2153575989782887
 11
0.375
 21
0.2153575989782887
  0
LINE
  5
A3E
100
AcDbEntity
  8
0
  6
ByLayer
 62
    0
370
   -1
100
AcDbLine
 10
0.3870530012771392
 20
0.1978368454661558
 11
0.3870530012771392
 21
0.1978368454661558
  0
LINE
  5
A3F
100
AcDbEntity
  8
0
  6
ByLayer
 62
    0
370
   -1
100
AcDbLine
 10
0.3870530012771392
 20
0.1978368454661558
 11
0.3870530012771392
 21
0.1978368454661558
  0
LINE
  5
A40
100
AcDbEntity
  8
0
  6
ByLayer
 62
    0
370
   -1
100
AcDbLine
 10
0.3960727969348659
 20
0.1765644955300128
 11
0.3960727969348659
 21
0.1765644955300128
  0
LINE
  5
A41
100
AcDbEntity
  8
0
  6
ByLayer
 62
    0
370
   -1
100
AcDbLine
 10
0.3960727969348659
 20
0.1765644955300128
 11
0.3960727969348659
 21
0.1765644955300128
  0
LINE
  5
A42
100
AcDbEntity
  8
0
  6
ByLayer
 62
    0
370
   -1
100
AcDbLine
 10
0.4017001915708812
 20
0.1517800127713921
 11
0.4017001915708812
 21
0.1517800127713921
  0
LINE
  5
A43
100
AcDbEntity
  8
0
  6
ByLayer
 62
    0
370
   -1
100
AcDbLine
 10
0.4017001915708812
 20
0.1517800127713921
 11
0.4017001915708812
 21
0.1517800127713921
  0
LINE
  5
A44
100
AcDbEntity
  8
0
  6
ByLayer
 62
    0
370
   -1
100
AcDbLine
 10
0.4035759897828863
 20
0.1237228607918263
 11
0.4035759897828863
 21
0.1237228607918263
  0
LINE
  5
A45
100
AcDbEntity
  8
0
  6
ByLayer
 62
    0
370
   -1
100
AcDbLine
 10
0.4035759897828863
 20
0.1237228607918263
 11
0.4035759897828863
 21
0.1237228607918263
  0
LINE
  5
A46
100
AcDbEntity
  8
0
  6
ByLayer
 62
    0
370
   -1
100
AcDbLine
 10
0.4017401021711367
 20
0.0962244572158365
 11
0.4017401021711367
 21
0.0962244572158365
  0
LINE
  5
A47
100
AcDbEntity
  8
0
  6
ByLayer
 62
    0
370
   -1
100
AcDbLine
 10
0.4017401021711367
 20
0.0962244572158365
 11
0.4017401021711367
 21
0.0962244572158365
  0
LINE
  5
A48
100
AcDbEntity
  8
0
  6
ByLayer
 62
    0
370
   -1
100
AcDbLine
 10
0.3962324393358876
 20
0.0715197956577267
 11
0.3962324393358876
 21
0.0715197956577267
  0
LINE
  5
A49
100
AcDbEntity
  8
0
  6
ByLayer
 62
    0
370
   -1
100
AcDbLine
 10
0.3962324393358876
 20
0.0715197956577267
 11
0.3962324393358876
 21
0.0715197956577267
  0
LINE
  5
A4A
100
AcDbEntity
  8
0
  6
ByLayer
 62
    0
370
   -1
100
AcDbLine
 10
0.3872525542784163
 20
0.0500878033205619
 11
0.3872525542784163
 21
0.0500878033205619
  0
LINE
  5
A4B
100
AcDbEntity
  8
0
  6
ByLayer
 62
    0
370
   -1
100
AcDbLine
 10
0.3872525542784163
 20
0.0500878033205619
 11
0.3872525542784163
 21
0.0500878033205619
  0
LINE
  5
A4C
100
AcDbEntity
  8
0
  6
ByLayer
 62
    0
370
   -1
100
AcDbLine
 10
0.375
 20
0.0324074074074074
 11
0.375
 21
0.0324074074074074
  0
LINE
  5
A4D
100
AcDbEntity
  8
0
  6
ByLayer
 62
    0
370
   -1
100
AcDbLine
 10
0.375
 20
0.0324074074074074
 11
0.375
 21
0.0324074074074074
  0
LINE
  5
A4E
100
AcDbEntity
  8
0
  6
ByLayer
 62
    0
370
   -1
100
AcDbLine
 10
0.3592552681992336
 20
0.0179797254150702
 11
0.3592552681992336
 21
0.0179797254150702
  0
LINE
  5
A4F
100
AcDbEntity
  8
0
  6
ByLayer
 62
    0
370
   -1
100
AcDbLine
 10
0.3592552681992336
 20
0.0179797254150702
 11
0.3592552681992336
 21
0.0179797254150702
  0
LINE
  5
A50
100
AcDbEntity
  8
0
  6
ByLayer
 62
    0
370
   -1
100
AcDbLine
 10
0.3410759897828863
 20
0.0079022988505747
 11
0.3410759897828863
 21
0.0079022988505747
  0
LINE
  5
A51
100
AcDbEntity
  8
0
  6
ByLayer
 62
    0
370
   -1
100
AcDbLine
 10
0.3410759897828863
 20
0.0079022988505747
 11
0.3410759897828863
 21
0.0079022988505747
  0
LINE
  5
A52
100
AcDbEntity
  8
0
  6
ByLayer
 62
    0
370
   -1
100
AcDbLine
 10
0.3207016283524904
 20
0.0019755747126437
 11
0.3207016283524904
 21
0.0019755747126437
  0
LINE
  5
A53
100
AcDbEntity
  8
0
  6
ByLayer
 62
    0
370
   -1
100
AcDbLine
 10
0.3207016283524904
 20
0.0019755747126437
 11
0.3207016283524904
 21
0.0019755747126437
  0
LINE
  5
A54
100
AcDbEntity
  8
0
  6
ByLayer
 62
    0
370
   -1
100
AcDbLine
 10
0.2983716475095785
 20
0
 11
0.2983716475095785
 21
0
  0
LINE
  5
A55
100
AcDbEntity
  8
0
  6
ByLayer
 62
    0
370
   -1
100
AcDbLine
 10
0.2983716475095785
 20
0
 11
0.2983716475095785
 21
0
  0
LINE
  5
A56
100
AcDbEntity
  8
0
  6
ByLayer
 62
    0
370
   -1
100
AcDbLine
 10
0.275462962962963
 20
0.0020354406130268
 11
0.275462962962963
 21
0.0020354406130268
  0
LINE
  5
A57
100
AcDbEntity
  8
0
  6
ByLayer
 62
    0
370
   -1
100
AcDbLine
 10
0.275462962962963
 20
0.0020354406130268
 11
0.275462962962963
 21
0.0020354406130268
  0
LINE
  5
A58
100
AcDbEntity
  8
0
  6
ByLayer
 62
    0
370
   -1
100
AcDbLine
 10
0.2549489144316731
 20
0.0081417624521073
 11
0.2549489144316731
 21
0.0081417624521073
  0
LINE
  5
A59
100
AcDbEntity
  8
0
  6
ByLayer
 62
    0
370
   -1
100
AcDbLine
 10
0.2549489144316731
 20
0.0081417624521073
 11
0.2549489144316731
 21
0.0081417624521073
  0
LINE
  5
A5A
100
AcDbEntity
  8
0
  6
ByLayer
 62
    0
370
   -1
100
AcDbLine
 10
0.2369891443167305
 20
0.018279054916986
 11
0.2369891443167305
 21
0.018279054916986
  0
LINE
  5
A5B
100
AcDbEntity
  8
0
  6
ByLayer
 62
    0
370
   -1
100
AcDbLine
 10
0.2369891443167305
 20
0.018279054916986
 11
0.2369891443167305
 21
0.018279054916986
  0
LINE
  5
A5C
100
AcDbEntity
  8
0
  6
ByLayer
 62
    0
370
   -1
100
AcDbLine
 10
0.2217432950191571
 20
0.0324074074074074
 11
0.2217432950191571
 21
0.0324074074074074
  0
LINE
  5
A5D
100
AcDbEntity
  8
0
  6
ByLayer
 62
    0
370
   -1
100
AcDbLine
 10
0.2217432950191571
 20
0.0324074074074074
 11
0.2217432950191571
 21
0.0324074074074074
  0
LINE
  5
A5E
100
AcDbEntity
  8
0
  6
ByLayer
 62
    0
370
   -1
100
AcDbLine
 10
0.209610472541507
 20
0.0500478927203065
 11
0.209610472541507
 21
0.0500478927203065
  0
LINE
  5
A5F
100
AcDbEntity
  8
0
  6
ByLayer
 62
    0
370
   -1
100
AcDbLine
 10
0.209610472541507
 20
0.0500478927203065
 11
0.209610472541507
 21
0.0500478927203065
  0
LINE
  5
A60
100
AcDbEntity
  8
0
  6
ByLayer
 62
    0
370
   -1
100
AcDbLine
 10
0.2006704980842912
 20
0.071360153256705
 11
0.2006704980842912
 21
0.071360153256705
  0
LINE
  5
A61
100
AcDbEntity
  8
0
  6
ByLayer
 62
    0
370
   -1
100
AcDbLine
 10
0.2006704980842912
 20
0.071360153256705
 11
0.2006704980842912
 21
0.071360153256705
  0
LINE
  5
A62
100
AcDbEntity
  8
0
  6
ByLayer
 62
    0
370
   -1
100
AcDbLine
 10
0.1951628352490422
 20
0.09602490421455941
 11
0.1951628352490422
 21
0.09602490421455941
  0
LINE
  5
A63
100
AcDbEntity
  8
0
  6
ByLayer
 62
    0
370
   -1
100
AcDbLine
 10
0.1951628352490422
 20
0.09602490421455941
 11
0.1951628352490422
 21
0.09602490421455941
  0
LINE
  5
A64
100
AcDbEntity
  8
0
  6
ByLayer
 62
    0
370
   -1
100
AcDbLine
 10
0.1933269476372925
 20
0.1237228607918263
 11
0.1933269476372925
 21
0.1237228607918263
  0
LINE
  5
A65
100
AcDbEntity
  8
0
  6
ByLayer
 62
    0
370
   -1
100
AcDbLine
 10
0.1933269476372925
 20
0.1237228607918263
 11
0.1933269476372925
 21
0.1237228607918263
  0
LINE
  5
A66
100
AcDbEntity
  8
0
  6
ByLayer
 62
    0
370
   -1
100
AcDbLine
 10
0.1951827905491699
 20
0.1518997445721584
 11
0.1951827905491699
 21
0.1518997445721584
  0
LINE
  5
A67
100
AcDbEntity
  8
0
  6
ByLayer
 62
    0
370
   -1
100
AcDbLine
 10
0.1951827905491699
 20
0.1518997445721584
 11
0.1951827905491699
 21
0.1518997445721584
  0
LINE
  5
A68
100
AcDbEntity
  8
0
  6
ByLayer
 62
    0
370
   -1
100
AcDbLine
 10
0.200750319284802
 20
0.1764048531289911
 11
0.200750319284802
 21
0.1764048531289911
  0
LINE
  5
A69
100
AcDbEntity
  8
0
  6
ByLayer
 62
    0
370
   -1
100
AcDbLine
 10
0.200750319284802
 20
0.1764048531289911
 11
0.200750319284802
 21
0.1764048531289911
  0
LINE
  5
A6A
100
AcDbEntity
  8
0
  6
ByLayer
 62
    0
370
   -1
100
AcDbLine
 10
0.209750159642401
 20
0.197477650063857
 11
0.209750159642401
 21
0.197477650063857
  0
LINE
  5
A6B
100
AcDbEntity
  8
0
  6
ByLayer
 62
    0
370
   -1
100
AcDbLine
 10
0.209750159642401
 20
0.197477650063857
 11
0.209750159642401
 21
0.197477650063857
  0
LINE
  5
A6C
100
AcDbEntity
  8
0
  6
ByLayer
 62
    0
370
   -1
100
AcDbLine
 10
0.2219029374201788
 20
0.2153575989782887
 11
0.2219029374201788
 21
0.2153575989782887
  0
LINE
  5
A6D
100
AcDbEntity
  8
0
  6
ByLayer
 62
    0
370
   -1
100
AcDbLine
 10
0.2219029374201788
 20
0.2153575989782887
 11
0.2219029374201788
 21
0.2153575989782887
  0
LINE
  5
A6E
100
AcDbEntity
  8
0
  6
ByLayer
 62
    0
370
   -1
100
AcDbLine
 10
0.2370490102171137
 20
0.2292664431673052
 11
0.2370490102171137
 21
0.2292664431673052
  0
LINE
  5
A6F
100
AcDbEntity
  8
0
  6
ByLayer
 62
    0
370
   -1
100
AcDbLine
 10
0.2370490102171137
 20
0.2292664431673052
 11
0.2370490102171137
 21
0.2292664431673052
  0
LINE
  5
A70
100
AcDbEntity
  8
0
  6
ByLayer
 62
    0
370
   -1
100
AcDbLine
 10
0.2550287356321839
 20
0.2393837803320562
 11
0.2550287356321839
 21
0.2393837803320562
  0
LINE
  5
A71
100
AcDbEntity
  8
0
  6
ByLayer
 62
    0
370
   -1
100
AcDbLine
 10
0.2550287356321839
 20
0.2393837803320562
 11
0.2550287356321839
 21
0.2393837803320562
  0
LINE
  5
A72
100
AcDbEntity
  8
0
  6
ByLayer
 62
    0
370
   -1
100
AcDbLine
 10
0.2755627394636015
 20
0.2455499680715198
 11
0.2755627394636015
 21
0.2455499680715198
  0
LINE
  5
A73
100
AcDbEntity
  8
0
  6
ByLayer
 62
    0
370
   -1
100
AcDbLine
 10
0.2755627394636015
 20
0.2455499680715198
 11
0.2755627394636015
 21
0.2455499680715198
  0
LINE
  5
A74
100
AcDbEntity
  8
0
  6
ByLayer
 62
    0
370
   -1
100
AcDbLine
 10
0.2983716475095785
 20
0.2476053639846744
 11
0.2983716475095785
 21
0.2476053639846744
  0
LINE
  5
A75
100
AcDbEntity
  8
0
  6
ByLayer
 62
    0
370
   -1
100
AcDbLine
 10
0.2983716475095785
 20
0.2476053639846744
 11
0.2983716475095785
 21
0.2476053639846744
  0
LINE
  5
A76
100
AcDbEntity
  8
0
  6
ByLayer
 62
    0
370
   -1
100
AcDbLine
 10
0.3214399744572158
 20
0.2454901021711366
 11
0.3214399744572158
 21
0.2454901021711366
  0
LINE
  5
A77
100
AcDbEntity
  8
0
  6
ByLayer
 62
    0
370
   -1
100
AcDbLine
 10
0.3214399744572158
 20
0.2454901021711366
 11
0.3214399744572158
 21
0.2454901021711366
  0
LINE
  5
A78
100
AcDbEntity
  8
0
  6
ByLayer
 62
    0
370
   -1
100
AcDbLine
 10
0.3421136653895275
 20
0.2391443167305236
 11
0.3421136653895275
 21
0.2391443167305236
  0
LINE
  5
A79
100
AcDbEntity
  8
0
  6
ByLayer
 62
    0
370
   -1
100
AcDbLine
 10
0.3421136653895275
 20
0.2391443167305236
 11
0.3421136653895275
 21
0.2391443167305236
  0
LINE
  5
A7A
100
AcDbEntity
  8
0
  6
ByLayer
 62
    0
370
   -1
100
AcDbLine
 10
0.36007343550447
 20
0.2289671136653896
 11
0.36007343550447
 21
0.2289671136653896
  0
LINE
  5
A7B
100
AcDbEntity
  8
0
  6
ByLayer
 62
    0
370
   -1
100
AcDbLine
 10
0.36007343550447
 20
0.2289671136653896
 11
0.36007343550447
 21
0.2289671136653896
  0
LINE
  5
A7C
100
AcDbEntity
  8
0
  6
ByLayer
 62
    0
370
   -1
100
AcDbLine
 10
0.375
 20
0.2153575989782887
 11
0.375
 21
0.2153575989782887
  0
LINE
  5
A7D
100
AcDbEntity
  8
0
  6
ByLayer
 62
    0
370
   -1
100
AcDbLine
 10
0.3706896551724138
 20
0.1237228607918263
 11
0.3706896551724138
 21
0.1237228607918263
  0
LINE
  5
A7E
100
AcDbEntity
  8
0
  6
ByLayer
 62
    0
370
   -1
100
AcDbLine
 10
0.3694125159642401
 20
0.145992975734355
 11
0.3694125159642401
 21
0.145992975734355
  0
LINE
  5
A7F
100
AcDbEntity
  8
0
  6
ByLayer
 62
    0
370
   -1
100
AcDbLine
 10
0.3694125159642401
 20
0.145992975734355
 11
0.3694125159642401
 21
0.145992975734355
  0
LINE
  5
A80
100
AcDbEntity
  8
0
  6
ByLayer
 62
    0
370
   -1
100
AcDbLine
 10
0.365581098339719
 20
0.1655491698595147
 11
0.365581098339719
 21
0.1655491698595147
  0
LINE
  5
A81
100
AcDbEntity
  8
0
  6
ByLayer
 62
    0
370
   -1
100
AcDbLine
 10
0.365581098339719
 20
0.1655491698595147
 11
0.365581098339719
 21
0.1655491698595147
  0
LINE
  5
A82
100
AcDbEntity
  8
0
  6
ByLayer
 62
    0
370
   -1
100
AcDbLine
 10
0.3594348659003831
 20
0.1821918901660281
 11
0.3594348659003831
 21
0.1821918901660281
  0
LINE
  5
A83
100
AcDbEntity
  8
0
  6
ByLayer
 62
    0
370
   -1
100
AcDbLine
 10
0.3594348659003831
 20
0.1821918901660281
 11
0.3594348659003831
 21
0.1821918901660281
  0
LINE
  5
A84
100
AcDbEntity
  8
0
  6
ByLayer
 62
    0
370
   -1
100
AcDbLine
 10
0.351213282247765
 20
0.1957215836526181
 11
0.351213282247765
 21
0.1957215836526181
  0
LINE
  5
A85
100
AcDbEntity
  8
0
  6
ByLayer
 62
    0
370
   -1
100
AcDbLine
 10
0.351213282247765
 20
0.1957215836526181
 11
0.351213282247765
 21
0.1957215836526181
  0
LINE
  5
A86
100
AcDbEntity
  8
0
  6
ByLayer
 62
    0
370
   -1
100
AcDbLine
 10
0.340816570881226
 20
0.2064774904214559
 11
0.340816570881226
 21
0.2064774904214559
  0
LINE
  5
A87
100
AcDbEntity
  8
0
  6
ByLayer
 62
    0
370
   -1
100
AcDbLine
 10
0.340816570881226
 20
0.2064774904214559
 11
0.340816570881226
 21
0.2064774904214559
  0
LINE
  5
A88
100
AcDbEntity
  8
0
  6
ByLayer
 62
    0
370
   -1
100
AcDbLine
 10
0.3284642401021711
 20
0.2141602809706258
 11
0.3284642401021711
 21
0.2141602809706258
  0
LINE
  5
A89
100
AcDbEntity
  8
0
  6
ByLayer
 62
    0
370
   -1
100
AcDbLine
 10
0.3284642401021711
 20
0.2141602809706258
 11
0.3284642401021711
 21
0.2141602809706258
  0
LINE
  5
A8A
100
AcDbEntity
  8
0
  6
ByLayer
 62
    0
370
   -1
100
AcDbLine
 10
0.314315932311622
 20
0.2187699553001277
 11
0.314315932311622
 21
0.2187699553001277
  0
LINE
  5
A8B
100
AcDbEntity
  8
0
  6
ByLayer
 62
    0
370
   -1
100
AcDbLine
 10
0.314315932311622
 20
0.2187699553001277
 11
0.314315932311622
 21
0.2187699553001277
  0
LINE
  5
A8C
100
AcDbEntity
  8
0
  6
ByLayer
 62
    0
370
   -1
100
AcDbLine
 10
0.2985312899106003
 20
0.2203065134099617
 11
0.2985312899106003
 21
0.2203065134099617
  0
LINE
  5
A8D
100
AcDbEntity
  8
0
  6
ByLayer
 62
    0
370
   -1
100
AcDbLine
 10
0.2985312899106003
 20
0.2203065134099617
 11
0.2985312899106003
 21
0.2203065134099617
  0
LINE
  5
A8E
100
AcDbEntity
  8
0
  6
ByLayer
 62
    0
370
   -1
100
AcDbLine
 10
0.2823874521072797
 20
0.2188098659003831
 11
0.2823874521072797
 21
0.2188098659003831
  0
LINE
  5
A8F
100
AcDbEntity
  8
0
  6
ByLayer
 62
    0
370
   -1
100
AcDbLine
 10
0.2823874521072797
 20
0.2188098659003831
 11
0.2823874521072797
 21
0.2188098659003831
  0
LINE
  5
A90
100
AcDbEntity
  8
0
  6
ByLayer
 62
    0
370
   -1
100
AcDbLine
 10
0.2684386973180077
 20
0.2143199233716475
 11
0.2684386973180077
 21
0.2143199233716475
  0
LINE
  5
A91
100
AcDbEntity
  8
0
  6
ByLayer
 62
    0
370
   -1
100
AcDbLine
 10
0.2684386973180077
 20
0.2143199233716475
 11
0.2684386973180077
 21
0.2143199233716475
  0
LINE
  5
A92
100
AcDbEntity
  8
0
  6
ByLayer
 62
    0
370
   -1
100
AcDbLine
 10
0.2563258301404853
 20
0.2066770434227331
 11
0.2563258301404853
 21
0.2066770434227331
  0
LINE
  5
A93
100
AcDbEntity
  8
0
  6
ByLayer
 62
    0
370
   -1
100
AcDbLine
 10
0.2563258301404853
 20
0.2066770434227331
 11
0.2563258301404853
 21
0.2066770434227331
  0
LINE
  5
A94
100
AcDbEntity
  8
0
  6
ByLayer
 62
    0
370
   -1
100
AcDbLine
 10
0.2456896551724138
 20
0.1957215836526181
 11
0.2456896551724138
 21
0.1957215836526181
  0
LINE
  5
A95
100
AcDbEntity
  8
0
  6
ByLayer
 62
    0
370
   -1
100
AcDbLine
 10
0.2456896551724138
 20
0.1957215836526181
 11
0.2456896551724138
 21
0.1957215836526181
  0
LINE
  5
A96
100
AcDbEntity
  8
0
  6
ByLayer
 62
    0
370
   -1
100
AcDbLine
 10
0.2373682950191571
 20
0.1820322477650064
 11
0.2373682950191571
 21
0.1820322477650064
  0
LINE
  5
A97
100
AcDbEntity
  8
0
  6
ByLayer
 62
    0
370
   -1
100
AcDbLine
 10
0.2373682950191571
 20
0.1820322477650064
 11
0.2373682950191571
 21
0.1820322477650064
  0
LINE
  5
A98
100
AcDbEntity
  8
0
  6
ByLayer
 62
    0
370
   -1
100
AcDbLine
 10
0.2312420178799489
 20
0.1652298850574713
 11
0.2312420178799489
 21
0.1652298850574713
  0
LINE
  5
A99
100
AcDbEntity
  8
0
  6
ByLayer
 62
    0
370
   -1
100
AcDbLine
 10
0.2312420178799489
 20
0.1652298850574713
 11
0.2312420178799489
 21
0.1652298850574713
  0
LINE
  5
A9A
100
AcDbEntity
  8
0
  6
ByLayer
 62
    0
370
   -1
100
AcDbLine
 10
0.227470466155811
 20
0.1456736909323116
 11
0.227470466155811
 21
0.1456736909323116
  0
LINE
  5
A9B
100
AcDbEntity
  8
0
  6
ByLayer
 62
    0
370
   -1
100
AcDbLine
 10
0.227470466155811
 20
0.1456736909323116
 11
0.227470466155811
 21
0.1456736909323116
  0
LINE
  5
A9C
100
AcDbEntity
  8
0
  6
ByLayer
 62
    0
370
   -1
100
AcDbLine
 10
0.226213282247765
 20
0.1237228607918263
 11
0.226213282247765
 21
0.1237228607918263
  0
LINE
  5
A9D
100
AcDbEntity
  8
0
  6
ByLayer
 62
    0
370
   -1
100
AcDbLine
 10
0.226213282247765
 20
0.1237228607918263
 11
0.226213282247765
 21
0.1237228607918263
  0
LINE
  5
A9E
100
AcDbEntity
  8
0
  6
ByLayer
 62
    0
370
   -1
100
AcDbLine
 10
0.2274405332056194
 20
0.1017071759259259
 11
0.2274405332056194
 21
0.1017071759259259
  0
LINE
  5
A9F
100
AcDbEntity
  8
0
  6
ByLayer
 62
    0
370
   -1
100
AcDbLine
 10
0.2274405332056194
 20
0.1017071759259259
 11
0.2274405332056194
 21
0.1017071759259259
  0
LINE
  5
AA0
100
AcDbEntity
  8
0
  6
ByLayer
 62
    0
370
   -1
100
AcDbLine
 10
0.2311222860791827
 20
0.0824353448275862
 11
0.2311222860791827
 21
0.0824353448275862
  0
LINE
  5
AA1
100
AcDbEntity
  8
0
  6
ByLayer
 62
    0
370
   -1
100
AcDbLine
 10
0.2311222860791827
 20
0.0824353448275862
 11
0.2311222860791827
 21
0.0824353448275862
  0
LINE
  5
AA2
100
AcDbEntity
  8
0
  6
ByLayer
 62
    0
370
   -1
100
AcDbLine
 10
0.2372585408684547
 20
0.0659073674968071
 11
0.2372585408684547
 21
0.0659073674968071
  0
LINE
  5
AA3
100
AcDbEntity
  8
0
  6
ByLayer
 62
    0
370
   -1
100
AcDbLine
 10
0.2372585408684547
 20
0.0659073674968071
 11
0.2372585408684547
 21
0.0659073674968071
  0
LINE
  5
AA4
100
AcDbEntity
  8
0
  6
ByLayer
 62
    0
370
   -1
100
AcDbLine
 10
0.2458492975734355
 20
0.0521232439335888
 11
0.2458492975734355
 21
0.0521232439335888
  0
LINE
  5
AA5
100
AcDbEntity
  8
0
  6
ByLayer
 62
    0
370
   -1
100
AcDbLine
 10
0.2458492975734355
 20
0.0521232439335888
 11
0.2458492975734355
 21
0.0521232439335888
  0
LINE
  5
AA6
100
AcDbEntity
  8
0
  6
ByLayer
 62
    0
370
   -1
100
AcDbLine
 10
0.2565054278416347
 20
0.0412625718390805
 11
0.2565054278416347
 21
0.0412625718390805
  0
LINE
  5
AA7
100
AcDbEntity
  8
0
  6
ByLayer
 62
    0
370
   -1
100
AcDbLine
 10
0.2565054278416347
 20
0.0412625718390805
 11
0.2565054278416347
 21
0.0412625718390805
  0
LINE
  5
AA8
100
AcDbEntity
  8
0
  6
ByLayer
 62
    0
370
   -1
100
AcDbLine
 10
0.268837803320562
 20
0.0335049489144317
 11
0.268837803320562
 21
0.0335049489144317
  0
LINE
  5
AA9
100
AcDbEntity
  8
0
  6
ByLayer
 62
    0
370
   -1
100
AcDbLine
 10
0.268837803320562
 20
0.0335049489144317
 11
0.268837803320562
 21
0.0335049489144317
  0
LINE
  5
AAA
100
AcDbEntity
  8
0
  6
ByLayer
 62
    0
370
   -1
100
AcDbLine
 10
0.2828464240102172
 20
0.0288503751596424
 11
0.2828464240102172
 21
0.0288503751596424
  0
LINE
  5
AAB
100
AcDbEntity
  8
0
  6
ByLayer
 62
    0
370
   -1
100
AcDbLine
 10
0.2828464240102172
 20
0.0288503751596424
 11
0.2828464240102172
 21
0.0288503751596424
  0
LINE
  5
AAC
100
AcDbEntity
  8
0
  6
ByLayer
 62
    0
370
   -1
100
AcDbLine
 10
0.2985312899106003
 20
0.0272988505747126
 11
0.2985312899106003
 21
0.0272988505747126
  0
LINE
  5
AAD
100
AcDbEntity
  8
0
  6
ByLayer
 62
    0
370
   -1
100
AcDbLine
 10
0.2985312899106003
 20
0.0272988505747126
 11
0.2985312899106003
 21
0.0272988505747126
  0
LINE
  5
AAE
100
AcDbEntity
  8
0
  6
ByLayer
 62
    0
370
   -1
100
AcDbLine
 10
0.3142111669859515
 20
0.0288503751596424
 11
0.3142111669859515
 21
0.0288503751596424
  0
LINE
  5
AAF
100
AcDbEntity
  8
0
  6
ByLayer
 62
    0
370
   -1
100
AcDbLine
 10
0.3142111669859515
 20
0.0288503751596424
 11
0.3142111669859515
 21
0.0288503751596424
  0
LINE
  5
AB0
100
AcDbEntity
  8
0
  6
ByLayer
 62
    0
370
   -1
100
AcDbLine
 10
0.3282048212005109
 20
0.0335049489144317
 11
0.3282048212005109
 21
0.0335049489144317
  0
LINE
  5
AB1
100
AcDbEntity
  8
0
  6
ByLayer
 62
    0
370
   -1
100
AcDbLine
 10
0.3282048212005109
 20
0.0335049489144317
 11
0.3282048212005109
 21
0.0335049489144317
  0
LINE
  5
AB2
100
AcDbEntity
  8
0
  6
ByLayer
 62
    0
370
   -1
100
AcDbLine
 10
0.3405122525542784
 20
0.0412625718390805
 11
0.3405122525542784
 21
0.0412625718390805
  0
LINE
  5
AB3
100
AcDbEntity
  8
0
  6
ByLayer
 62
    0
370
   -1
100
AcDbLine
 10
0.3405122525542784
 20
0.0412625718390805
 11
0.3405122525542784
 21
0.0412625718390805
  0
LINE
  5
AB4
100
AcDbEntity
  8
0
  6
ByLayer
 62
    0
370
   -1
100
AcDbLine
 10
0.3511334610472541
 20
0.0521232439335888
 11
0.3511334610472541
 21
0.0521232439335888
  0
LINE
  5
AB5
100
AcDbEntity
  8
0
  6
ByLayer
 62
    0
370
   -1
100
AcDbLine
 10
0.3511334610472541
 20
0.0521232439335888
 11
0.3511334610472541
 21
0.0521232439335888
  0
LINE
  5
AB6
100
AcDbEntity
  8
0
  6
ByLayer
 62
    0
370
   -1
100
AcDbLine
 10
0.3596892959770115
 20
0.0659073674968071
 11
0.3596892959770115
 21
0.0659073674968071
  0
LINE
  5
AB7
100
AcDbEntity
  8
0
  6
ByLayer
 62
    0
370
   -1
100
AcDbLine
 10
0.3596892959770115
 20
0.0659073674968071
 11
0.3596892959770115
 21
0.0659073674968071
  0
LINE
  5
AB8
100
AcDbEntity
  8
0
  6
ByLayer
 62
    0
370
   -1
100
AcDbLine
 10
0.3658006066411238
 20
0.0824353448275862
 11
0.3658006066411238
 21
0.0824353448275862
  0
LINE
  5
AB9
100
AcDbEntity
  8
0
  6
ByLayer
 62
    0
370
   -1
100
AcDbLine
 10
0.3658006066411238
 20
0.0824353448275862
 11
0.3658006066411238
 21
0.0824353448275862
  0
LINE
  5
ABA
100
AcDbEntity
  8
0
  6
ByLayer
 62
    0
370
   -1
100
AcDbLine
 10
0.3694673930395914
 20
0.1017071759259259
 11
0.3694673930395914
 21
0.1017071759259259
  0
LINE
  5
ABB
100
AcDbEntity
  8
0
  6
ByLayer
 62
    0
370
   -1
100
AcDbLine
 10
0.3694673930395914
 20
0.1017071759259259
 11
0.3694673930395914
 21
0.1017071759259259
  0
LINE
  5
ABC
100
AcDbEntity
  8
0
  6
ByLayer
 62
    0
370
   -1
100
AcDbLine
 10
0.3706896551724138
 20
0.1237228607918263
 11
0.3706896551724138
 21
0.1237228607918263
  0
LINE
  5
ABD
100
AcDbEntity
  8
0
  6
ByLayer
 62
    0
370
   -1
100
AcDbLine
 10
0.6082375478927203
 20
0.0049489144316731
 11
0.5727969348659004
 21
0.0049489144316731
  0
LINE
  5
ABE
100
AcDbEntity
  8
0
  6
ByLayer
 62
    0
370
   -1
100
AcDbLine
 10
0.6082375478927203
 20
0.2426564495530013
 11
0.6082375478927203
 21
0.0049489144316731
  0
LINE
  5
ABF
100
AcDbEntity
  8
0
  6
ByLayer
 62
    0
370
   -1
100
AcDbLine
 10
0.5787037037037037
 20
0.2426564495530013
 11
0.6082375478927203
 21
0.2426564495530013
  0
LINE
  5
AC0
100
AcDbEntity
  8
0
  6
ByLayer
 62
    0
370
   -1
100
AcDbLine
 10
0.5787037037037037
 20
0.0544380587484036
 11
0.5787037037037037
 21
0.2426564495530013
  0
LINE
  5
AC1
100
AcDbEntity
  8
0
  6
ByLayer
 62
    0
370
   -1
100
AcDbLine
 10
0.4830779054916987
 20
0.2426564495530013
 11
0.5787037037037037
 21
0.0544380587484036
  0
LINE
  5
AC2
100
AcDbEntity
  8
0
  6
ByLayer
 62
    0
370
   -1
100
AcDbLine
 10
0.4382183908045977
 20
0.2426564495530013
 11
0.4830779054916987
 21
0.2426564495530013
  0
LINE
  5
AC3
100
AcDbEntity
  8
0
  6
ByLayer
 62
    0
370
   -1
100
AcDbLine
 10
0.4382183908045977
 20
0.0049489144316731
 11
0.4382183908045977
 21
0.2426564495530013
  0
LINE
  5
AC4
100
AcDbEntity
  8
0
  6
ByLayer
 62
    0
370
   -1
100
AcDbLine
 10
0.4677522349936143
 20
0.0049489144316731
 11
0.4382183908045977
 21
0.0049489144316731
  0
LINE
  5
AC5
100
AcDbEntity
  8
0
  6
ByLayer
 62
    0
370
   -1
100
AcDbLine
 10
0.4677522349936143
 20
0.2099297573435504
 11
0.4677522349936143
 21
0.0049489144316731
  0
LINE
  5
AC6
100
AcDbEntity
  8
0
  6
ByLayer
 62
    0
370
   -1
100
AcDbLine
 10
0.5727969348659004
 20
0.0049489144316731
 11
0.4677522349936143
 21
0.2099297573435504
  0
LINE
  5
AC7
100
AcDbEntity
  8
0
  6
ByLayer
 62
    0
370
   -1
100
AcDbLine
 10
0.6082375478927203
 20
0.0049489144316731
 11
0.5727969348659004
 21
0.0049489144316731
  0
LINE
  5
AC8
100
AcDbEntity
  8
0
  6
ByLayer
 62
    0
370
   -1
100
AcDbLine
 10
0.6082375478927203
 20
0.0049489144316731
 11
0.6082375478927203
 21
0.0049489144316731
  0
LINE
  5
AC9
100
AcDbEntity
  8
0
  6
ByLayer
 62
    0
370
   -1
100
AcDbLine
 10
0.6082375478927203
 20
0.0049489144316731
 11
0.5727969348659004
 21
0.0049489144316731
  0
LINE
  5
ACA
100
AcDbEntity
  8
0
  6
ByLayer
 62
    0
370
   -1
100
AcDbLine
 10
0.5727969348659004
 20
0.0049489144316731
 11
0.5727969348659004
 21
0.0049489144316731
  0
LINE
  5
ACB
100
AcDbEntity
  8
0
  6
ByLayer
 62
    0
370
   -1
100
AcDbLine
 10
0.5727969348659004
 20
0.0049489144316731
 11
0.4677522349936143
 21
0.2099297573435504
  0
LINE
  5
ACC
100
AcDbEntity
  8
0
  6
ByLayer
 62
    0
370
   -1
100
AcDbLine
 10
0.5727969348659004
 20
0.0049489144316731
 11
0.5727969348659004
 21
0.0049489144316731
  0
LINE
  5
ACD
100
AcDbEntity
  8
0
  6
ByLayer
 62
    0
370
   -1
100
AcDbLine
 10
0.5727969348659004
 20
0.0049489144316731
 11
0.4677522349936143
 21
0.2099297573435504
  0
LINE
  5
ACE
100
AcDbEntity
  8
0
  6
ByLayer
 62
    0
370
   -1
100
AcDbLine
 10
0.4677522349936143
 20
0.2099297573435504
 11
0.4677522349936143
 21
0.2099297573435504
  0
LINE
  5
ACF
100
AcDbEntity
  8
0
  6
ByLayer
 62
    0
370
   -1
100
AcDbLine
 10
0.4677522349936143
 20
0.2099297573435504
 11
0.4677522349936143
 21
0.0049489144316731
  0
LINE
  5
AD0
100
AcDbEntity
  8
0
  6
ByLayer
 62
    0
370
   -1
100
AcDbLine
 10
0.4677522349936143
 20
0.2099297573435504
 11
0.4677522349936143
 21
0.2099297573435504
  0
LINE
  5
AD1
100
AcDbEntity
  8
0
  6
ByLayer
 62
    0
370
   -1
100
AcDbLine
 10
0.4677522349936143
 20
0.2099297573435504
 11
0.4677522349936143
 21
0.0049489144316731
  0
LINE
  5
AD2
100
AcDbEntity
  8
0
  6
ByLayer
 62
    0
370
   -1
100
AcDbLine
 10
0.4677522349936143
 20
0.0049489144316731
 11
0.4677522349936143
 21
0.0049489144316731
  0
LINE
  5
AD3
100
AcDbEntity
  8
0
  6
ByLayer
 62
    0
370
   -1
100
AcDbLine
 10
0.4677522349936143
 20
0.0049489144316731
 11
0.4382183908045977
 21
0.0049489144316731
  0
LINE
  5
AD4
100
AcDbEntity
  8
0
  6
ByLayer
 62
    0
370
   -1
100
AcDbLine
 10
0.4677522349936143
 20
0.0049489144316731
 11
0.4677522349936143
 21
0.0049489144316731
  0
LINE
  5
AD5
100
AcDbEntity
  8
0
  6
ByLayer
 62
    0
370
   -1
100
AcDbLine
 10
0.4677522349936143
 20
0.0049489144316731
 11
0.4382183908045977
 21
0.0049489144316731
  0
LINE
  5
AD6
100
AcDbEntity
  8
0
  6
ByLayer
 62
    0
370
   -1
100
AcDbLine
 10
0.4382183908045977
 20
0.0049489144316731
 11
0.4382183908045977
 21
0.0049489144316731
  0
LINE
  5
AD7
100
AcDbEntity
  8
0
  6
ByLayer
 62
    0
370
   -1
100
AcDbLine
 10
0.4382183908045977
 20
0.0049489144316731
 11
0.4382183908045977
 21
0.2426564495530013
  0
LINE
  5
AD8
100
AcDbEntity
  8
0
  6
ByLayer
 62
    0
370
   -1
100
AcDbLine
 10
0.4382183908045977
 20
0.0049489144316731
 11
0.4382183908045977
 21
0.0049489144316731
  0
LINE
  5
AD9
100
AcDbEntity
  8
0
  6
ByLayer
 62
    0
370
   -1
100
AcDbLine
 10
0.4382183908045977
 20
0.0049489144316731
 11
0.4382183908045977
 21
0.2426564495530013
  0
LINE
  5
ADA
100
AcDbEntity
  8
0
  6
ByLayer
 62
    0
370
   -1
100
AcDbLine
 10
0.4382183908045977
 20
0.2426564495530013
 11
0.4382183908045977
 21
0.2426564495530013
  0
LINE
  5
ADB
100
AcDbEntity
  8
0
  6
ByLayer
 62
    0
370
   -1
100
AcDbLine
 10
0.4382183908045977
 20
0.2426564495530013
 11
0.4830779054916987
 21
0.2426564495530013
  0
LINE
  5
ADC
100
AcDbEntity
  8
0
  6
ByLayer
 62
    0
370
   -1
100
AcDbLine
 10
0.4382183908045977
 20
0.2426564495530013
 11
0.4382183908045977
 21
0.2426564495530013
  0
LINE
  5
ADD
100
AcDbEntity
  8
0
  6
ByLayer
 62
    0
370
   -1
100
AcDbLine
 10
0.4382183908045977
 20
0.2426564495530013
 11
0.4830779054916987
 21
0.2426564495530013
  0
LINE
  5
ADE
100
AcDbEntity
  8
0
  6
ByLayer
 62
    0
370
   -1
100
AcDbLine
 10
0.4830779054916987
 20
0.2426564495530013
 11
0.4830779054916987
 21
0.2426564495530013
  0
LINE
  5
ADF
100
AcDbEntity
  8
0
  6
ByLayer
 62
    0
370
   -1
100
AcDbLine
 10
0.4830779054916987
 20
0.2426564495530013
 11
0.5787037037037037
 21
0.0544380587484036
  0
LINE
  5
AE0
100
AcDbEntity
  8
0
  6
ByLayer
 62
    0
370
   -1
100
AcDbLine
 10
0.4830779054916987
 20
0.2426564495530013
 11
0.4830779054916987
 21
0.2426564495530013
  0
LINE
  5
AE1
100
AcDbEntity
  8
0
  6
ByLayer
 62
    0
370
   -1
100
AcDbLine
 10
0.4830779054916987
 20
0.2426564495530013
 11
0.5787037037037037
 21
0.0544380587484036
  0
LINE
  5
AE2
100
AcDbEntity
  8
0
  6
ByLayer
 62
    0
370
   -1
100
AcDbLine
 10
0.5787037037037037
 20
0.0544380587484036
 11
0.5787037037037037
 21
0.0544380587484036
  0
LINE
  5
AE3
100
AcDbEntity
  8
0
  6
ByLayer
 62
    0
370
   -1
100
AcDbLine
 10
0.5787037037037037
 20
0.0544380587484036
 11
0.5787037037037037
 21
0.2426564495530013
  0
LINE
  5
AE4
100
AcDbEntity
  8
0
  6
ByLayer
 62
    0
370
   -1
100
AcDbLine
 10
0.5787037037037037
 20
0.0544380587484036
 11
0.5787037037037037
 21
0.0544380587484036
  0
LINE
  5
AE5
100
AcDbEntity
  8
0
  6
ByLayer
 62
    0
370
   -1
100
AcDbLine
 10
0.5787037037037037
 20
0.0544380587484036
 11
0.5787037037037037
 21
0.2426564495530013
  0
LINE
  5
AE6
100
AcDbEntity
  8
0
  6
ByLayer
 62
    0
370
   -1
100
AcDbLine
 10
0.5787037037037037
 20
0.2426564495530013
 11
0.5787037037037037
 21
0.2426564495530013
  0
LINE
  5
AE7
100
AcDbEntity
  8
0
  6
ByLayer
 62
    0
370
   -1
100
AcDbLine
 10
0.5787037037037037
 20
0.2426564495530013
 11
0.6082375478927203
 21
0.2426564495530013
  0
LINE
  5
AE8
100
AcDbEntity
  8
0
  6
ByLayer
 62
    0
370
   -1
100
AcDbLine
 10
0.5787037037037037
 20
0.2426564495530013
 11
0.5787037037037037
 21
0.2426564495530013
  0
LINE
  5
AE9
100
AcDbEntity
  8
0
  6
ByLayer
 62
    0
370
   -1
100
AcDbLine
 10
0.5787037037037037
 20
0.2426564495530013
 11
0.6082375478927203
 21
0.2426564495530013
  0
LINE
  5
AEA
100
AcDbEntity
  8
0
  6
ByLayer
 62
    0
370
   -1
100
AcDbLine
 10
0.6082375478927203
 20
0.2426564495530013
 11
0.6082375478927203
 21
0.2426564495530013
  0
LINE
  5
AEB
100
AcDbEntity
  8
0
  6
ByLayer
 62
    0
370
   -1
100
AcDbLine
 10
0.6082375478927203
 20
0.2426564495530013
 11
0.6082375478927203
 21
0.0049489144316731
  0
LINE
  5
AEC
100
AcDbEntity
  8
0
  6
ByLayer
 62
    0
370
   -1
100
AcDbLine
 10
0.6082375478927203
 20
0.2426564495530013
 11
0.6082375478927203
 21
0.2426564495530013
  0
LINE
  5
AED
100
AcDbEntity
  8
0
  6
ByLayer
 62
    0
370
   -1
100
AcDbLine
 10
0.6082375478927203
 20
0.2426564495530013
 11
0.6082375478927203
 21
0.0049489144316731
  0
LINE
  5
AEE
100
AcDbEntity
  8
0
  6
ByLayer
 62
    0
370
   -1
100
AcDbLine
 10
0.6082375478927203
 20
0.0049489144316731
 11
0.6082375478927203
 21
0.0049489144316731
  0
LINE
  5
AEF
100
AcDbEntity
  8
0
  6
ByLayer
 62
    0
370
   -1
100
AcDbLine
 10
0.6564495530012772
 20
0.0049489144316731
 11
0.6564495530012772
 21
0.2426564495530013
  0
LINE
  5
AF0
100
AcDbEntity
  8
0
  6
ByLayer
 62
    0
370
   -1
100
AcDbLine
 10
0.8050766283524905
 20
0.0049489144316731
 11
0.6564495530012772
 21
0.0049489144316731
  0
LINE
  5
AF1
100
AcDbEntity
  8
0
  6
ByLayer
 62
    0
370
   -1
100
AcDbLine
 10
0.8050766283524905
 20
0.0330459770114943
 11
0.8050766283524905
 21
0.0049489144316731
  0
LINE
  5
AF2
100
AcDbEntity
  8
0
  6
ByLayer
 62
    0
370
   -1
100
AcDbLine
 10
0.6880587484035759
 20
0.0330459770114943
 11
0.8050766283524905
 21
0.0330459770114943
  0
LINE
  5
AF3
100
AcDbEntity
  8
0
  6
ByLayer
 62
    0
370
   -1
100
AcDbLine
 10
0.6880587484035759
 20
0.1213282247765006
 11
0.6880587484035759
 21
0.0330459770114943
  0
LINE
  5
AF4
100
AcDbEntity
  8
0
  6
ByLayer
 62
    0
370
   -1
100
AcDbLine
 10
0.7970945083014048
 20
0.1213282247765006
 11
0.6880587484035759
 21
0.1213282247765006
  0
LINE
  5
AF5
100
AcDbEntity
  8
0
  6
ByLayer
 62
    0
370
   -1
100
AcDbLine
 10
0.7970945083014048
 20
0.1494252873563219
 11
0.7970945083014048
 21
0.1213282247765006
  0
LINE
  5
AF6
100
AcDbEntity
  8
0
  6
ByLayer
 62
    0
370
   -1
100
AcDbLine
 10
0.6880587484035759
 20
0.1494252873563219
 11
0.7970945083014048
 21
0.1494252873563219
  0
LINE
  5
AF7
100
AcDbEntity
  8
0
  6
ByLayer
 62
    0
370
   -1
100
AcDbLine
 10
0.6880587484035759
 20
0.2145593869731801
 11
0.6880587484035759
 21
0.1494252873563219
  0
LINE
  5
AF8
100
AcDbEntity
  8
0
  6
ByLayer
 62
    0
370
   -1
100
AcDbLine
 10
0.8050766283524905
 20
0.2145593869731801
 11
0.6880587484035759
 21
0.2145593869731801
  0
LINE
  5
AF9
100
AcDbEntity
  8
0
  6
ByLayer
 62
    0
370
   -1
100
AcDbLine
 10
0.8050766283524905
 20
0.2426564495530013
 11
0.8050766283524905
 21
0.2145593869731801
  0
LINE
  5
AFA
100
AcDbEntity
  8
0
  6
ByLayer
 62
    0
370
   -1
100
AcDbLine
 10
0.6564495530012772
 20
0.2426564495530013
 11
0.8050766283524905
 21
0.2426564495530013
  0
LINE
  5
AFB
100
AcDbEntity
  8
0
  6
ByLayer
 62
    0
370
   -1
100
AcDbLine
 10
0.6564495530012772
 20
0.0049489144316731
 11
0.6564495530012772
 21
0.2426564495530013
  0
LINE
  5
AFC
100
AcDbEntity
  8
0
  6
ByLayer
 62
    0
370
   -1
100
AcDbLine
 10
0.6564495530012772
 20
0.0049489144316731
 11
0.6564495530012772
 21
0.0049489144316731
  0
LINE
  5
AFD
100
AcDbEntity
  8
0
  6
ByLayer
 62
    0
370
   -1
100
AcDbLine
 10
0.6564495530012772
 20
0.0049489144316731
 11
0.6564495530012772
 21
0.2426564495530013
  0
LINE
  5
AFE
100
AcDbEntity
  8
0
  6
ByLayer
 62
    0
370
   -1
100
AcDbLine
 10
0.6564495530012772
 20
0.2426564495530013
 11
0.6564495530012772
 21
0.2426564495530013
  0
LINE
  5
AFF
100
AcDbEntity
  8
0
  6
ByLayer
 62
    0
370
   -1
100
AcDbLine
 10
0.6564495530012772
 20
0.2426564495530013
 11
0.8050766283524905
 21
0.2426564495530013
  0
LINE
  5
B00
100
AcDbEntity
  8
0
  6
ByLayer
 62
    0
370
   -1
100
AcDbLine
 10
0.6564495530012772
 20
0.2426564495530013
 11
0.6564495530012772
 21
0.2426564495530013
  0
LINE
  5
B01
100
AcDbEntity
  8
0
  6
ByLayer
 62
    0
370
   -1
100
AcDbLine
 10
0.6564495530012772
 20
0.2426564495530013
 11
0.8050766283524905
 21
0.2426564495530013
  0
LINE
  5
B02
100
AcDbEntity
  8
0
  6
ByLayer
 62
    0
370
   -1
100
AcDbLine
 10
0.8050766283524905
 20
0.2426564495530013
 11
0.8050766283524905
 21
0.2426564495530013
  0
LINE
  5
B03
100
AcDbEntity
  8
0
  6
ByLayer
 62
    0
370
   -1
100
AcDbLine
 10
0.8050766283524905
 20
0.2426564495530013
 11
0.8050766283524905
 21
0.2145593869731801
  0
LINE
  5
B04
100
AcDbEntity
  8
0
  6
ByLayer
 62
    0
370
   -1
100
AcDbLine
 10
0.8050766283524905
 20
0.2426564495530013
 11
0.8050766283524905
 21
0.2426564495530013
  0
LINE
  5
B05
100
AcDbEntity
  8
0
  6
ByLayer
 62
    0
370
   -1
100
AcDbLine
 10
0.8050766283524905
 20
0.2426564495530013
 11
0.8050766283524905
 21
0.2145593869731801
  0
LINE
  5
B06
100
AcDbEntity
  8
0
  6
ByLayer
 62
    0
370
   -1
100
AcDbLine
 10
0.8050766283524905
 20
0.2145593869731801
 11
0.8050766283524905
 21
0.2145593869731801
  0
LINE
  5
B07
100
AcDbEntity
  8
0
  6
ByLayer
 62
    0
370
   -1
100
AcDbLine
 10
0.8050766283524905
 20
0.2145593869731801
 11
0.6880587484035759
 21
0.2145593869731801
  0
LINE
  5
B08
100
AcDbEntity
  8
0
  6
ByLayer
 62
    0
370
   -1
100
AcDbLine
 10
0.8050766283524905
 20
0.2145593869731801
 11
0.8050766283524905
 21
0.2145593869731801
  0
LINE
  5
B09
100
AcDbEntity
  8
0
  6
ByLayer
 62
    0
370
   -1
100
AcDbLine
 10
0.8050766283524905
 20
0.2145593869731801
 11
0.6880587484035759
 21
0.2145593869731801
  0
LINE
  5
B0A
100
AcDbEntity
  8
0
  6
ByLayer
 62
    0
370
   -1
100
AcDbLine
 10
0.6880587484035759
 20
0.2145593869731801
 11
0.6880587484035759
 21
0.2145593869731801
  0
LINE
  5
B0B
100
AcDbEntity
  8
0
  6
ByLayer
 62
    0
370
   -1
100
AcDbLine
 10
0.6880587484035759
 20
0.2145593869731801
 11
0.6880587484035759
 21
0.1494252873563219
  0
LINE
  5
B0C
100
AcDbEntity
  8
0
  6
ByLayer
 62
    0
370
   -1
100
AcDbLine
 10
0.6880587484035759
 20
0.2145593869731801
 11
0.6880587484035759
 21
0.2145593869731801
  0
LINE
  5
B0D
100
AcDbEntity
  8
0
  6
ByLayer
 62
    0
370
   -1
100
AcDbLine
 10
0.6880587484035759
 20
0.2145593869731801
 11
0.6880587484035759
 21
0.1494252873563219
  0
LINE
  5
B0E
100
AcDbEntity
  8
0
  6
ByLayer
 62
    0
370
   -1
100
AcDbLine
 10
0.6880587484035759
 20
0.1494252873563219
 11
0.6880587484035759
 21
0.1494252873563219
  0
LINE
  5
B0F
100
AcDbEntity
  8
0
  6
ByLayer
 62
    0
370
   -1
100
AcDbLine
 10
0.6880587484035759
 20
0.1494252873563219
 11
0.7970945083014048
 21
0.1494252873563219
  0
LINE
  5
B10
100
AcDbEntity
  8
0
  6
ByLayer
 62
    0
370
   -1
100
AcDbLine
 10
0.6880587484035759
 20
0.1494252873563219
 11
0.6880587484035759
 21
0.1494252873563219
  0
LINE
  5
B11
100
AcDbEntity
  8
0
  6
ByLayer
 62
    0
370
   -1
100
AcDbLine
 10
0.6880587484035759
 20
0.1494252873563219
 11
0.7970945083014048
 21
0.1494252873563219
  0
LINE
  5
B12
100
AcDbEntity
  8
0
  6
ByLayer
 62
    0
370
   -1
100
AcDbLine
 10
0.7970945083014048
 20
0.1494252873563219
 11
0.7970945083014048
 21
0.1494252873563219
  0
LINE
  5
B13
100
AcDbEntity
  8
0
  6
ByLayer
 62
    0
370
   -1
100
AcDbLine
 10
0.7970945083014048
 20
0.1494252873563219
 11
0.7970945083014048
 21
0.1213282247765006
  0
LINE
  5
B14
100
AcDbEntity
  8
0
  6
ByLayer
 62
    0
370
   -1
100
AcDbLine
 10
0.7970945083014048
 20
0.1494252873563219
 11
0.7970945083014048
 21
0.1494252873563219
  0
LINE
  5
B15
100
AcDbEntity
  8
0
  6
ByLayer
 62
    0
370
   -1
100
AcDbLine
 10
0.7970945083014048
 20
0.1494252873563219
 11
0.7970945083014048
 21
0.1213282247765006
  0
LINE
  5
B16
100
AcDbEntity
  8
0
  6
ByLayer
 62
    0
370
   -1
100
AcDbLine
 10
0.7970945083014048
 20
0.1213282247765006
 11
0.7970945083014048
 21
0.1213282247765006
  0
LINE
  5
B17
100
AcDbEntity
  8
0
  6
ByLayer
 62
    0
370
   -1
100
AcDbLine
 10
0.7970945083014048
 20
0.1213282247765006
 11
0.6880587484035759
 21
0.1213282247765006
  0
LINE
  5
B18
100
AcDbEntity
  8
0
  6
ByLayer
 62
    0
370
   -1
100
AcDbLine
 10
0.7970945083014048
 20
0.1213282247765006
 11
0.7970945083014048
 21
0.1213282247765006
  0
LINE
  5
B19
100
AcDbEntity
  8
0
  6
ByLayer
 62
    0
370
   -1
100
AcDbLine
 10
0.7970945083014048
 20
0.1213282247765006
 11
0.6880587484035759
 21
0.1213282247765006
  0
LINE
  5
B1A
100
AcDbEntity
  8
0
  6
ByLayer
 62
    0
370
   -1
100
AcDbLine
 10
0.6880587484035759
 20
0.1213282247765006
 11
0.6880587484035759
 21
0.1213282247765006
  0
LINE
  5
B1B
100
AcDbEntity
  8
0
  6
ByLayer
 62
    0
370
   -1
100
AcDbLine
 10
0.6880587484035759
 20
0.1213282247765006
 11
0.6880587484035759
 21
0.0330459770114943
  0
LINE
  5
B1C
100
AcDbEntity
  8
0
  6
ByLayer
 62
    0
370
   -1
100
AcDbLine
 10
0.6880587484035759
 20
0.1213282247765006
 11
0.6880587484035759
 21
0.1213282247765006
  0
LINE
  5
B1D
100
AcDbEntity
  8
0
  6
ByLayer
 62
    0
370
   -1
100
AcDbLine
 10
0.6880587484035759
 20
0.1213282247765006
 11
0.6880587484035759
 21
0.0330459770114943
  0
LINE
  5
B1E
100
AcDbEntity
  8
0
  6
ByLayer
 62
    0
370
   -1
100
AcDbLine
 10
0.6880587484035759
 20
0.0330459770114943
 11
0.6880587484035759
 21
0.0330459770114943
  0
LINE
  5
B1F
100
AcDbEntity
  8
0
  6
ByLayer
 62
    0
370
   -1
100
AcDbLine
 10
0.6880587484035759
 20
0.0330459770114943
 11
0.8050766283524905
 21
0.0330459770114943
  0
LINE
  5
B20
100
AcDbEntity
  8
0
  6
ByLayer
 62
    0
370
   -1
100
AcDbLine
 10
0.6880587484035759
 20
0.0330459770114943
 11
0.6880587484035759
 21
0.0330459770114943
  0
LINE
  5
B21
100
AcDbEntity
  8
0
  6
ByLayer
 62
    0
370
   -1
100
AcDbLine
 10
0.6880587484035759
 20
0.0330459770114943
 11
0.8050766283524905
 21
0.0330459770114943
  0
LINE
  5
B22
100
AcDbEntity
  8
0
  6
ByLayer
 62
    0
370
   -1
100
AcDbLine
 10
0.8050766283524905
 20
0.0330459770114943
 11
0.8050766283524905
 21
0.0330459770114943
  0
LINE
  5
B23
100
AcDbEntity
  8
0
  6
ByLayer
 62
    0
370
   -1
100
AcDbLine
 10
0.8050766283524905
 20
0.0330459770114943
 11
0.8050766283524905
 21
0.0049489144316731
  0
LINE
  5
B24
100
AcDbEntity
  8
0
  6
ByLayer
 62
    0
370
   -1
100
AcDbLine
 10
0.8050766283524905
 20
0.0330459770114943
 11
0.8050766283524905
 21
0.0330459770114943
  0
LINE
  5
B25
100
AcDbEntity
  8
0
  6
ByLayer
 62
    0
370
   -1
100
AcDbLine
 10
0.8050766283524905
 20
0.0330459770114943
 11
0.8050766283524905
 21
0.0049489144316731
  0
LINE
  5
B26
100
AcDbEntity
  8
0
  6
ByLayer
 62
    0
370
   -1
100
AcDbLine
 10
0.8050766283524905
 20
0.0049489144316731
 11
0.8050766283524905
 21
0.0049489144316731
  0
LINE
  5
B27
100
AcDbEntity
  8
0
  6
ByLayer
 62
    0
370
   -1
100
AcDbLine
 10
0.8050766283524905
 20
0.0049489144316731
 11
0.6564495530012772
 21
0.0049489144316731
  0
LINE
  5
B28
100
AcDbEntity
  8
0
  6
ByLayer
 62
    0
370
   -1
100
AcDbLine
 10
0.8050766283524905
 20
0.0049489144316731
 11
0.8050766283524905
 21
0.0049489144316731
  0
LINE
  5
B29
100
AcDbEntity
  8
0
  6
ByLayer
 62
    0
370
   -1
100
AcDbLine
 10
0.8050766283524905
 20
0.0049489144316731
 11
0.6564495530012772
 21
0.0049489144316731
  0
LINE
  5
B2A
100
AcDbEntity
  8
0
  6
ByLayer
 62
    0
370
   -1
100
AcDbLine
 10
0.6564495530012772
 20
0.0049489144316731
 11
0.6564495530012772
 21
0.0049489144316731
  0
LINE
  5
B2B
100
AcDbEntity
  8
0
  6
ByLayer
 62
    0
370
   -1
100
AcDbLine
 10
1.06992337164751
 20
0.0049489144316731
 11
0.9540229885057472
 21
0.0049489144316731
  0
LINE
  5
B2C
100
AcDbEntity
  8
0
  6
ByLayer
 62
    0
370
   -1
100
AcDbLine
 10
1.06992337164751
 20
0.0292145593869732
 11
1.06992337164751
 21
0.0049489144316731
  0
LINE
  5
B2D
100
AcDbEntity
  8
0
  6
ByLayer
 62
    0
370
   -1
100
AcDbLine
 10
1.027777777777778
 20
0.0292145593869732
 11
1.06992337164751
 21
0.0292145593869732
  0
LINE
  5
B2E
100
AcDbEntity
  8
0
  6
ByLayer
 62
    0
370
   -1
100
AcDbLine
 10
1.027777777777778
 20
0.2434546615581099
 11
1.027777777777778
 21
0.0292145593869732
  0
LINE
  5
B2F
100
AcDbEntity
  8
0
  6
ByLayer
 62
    0
370
   -1
100
AcDbLine
 10
1.003033205619412
 20
0.2434546615581099
 11
1.027777777777778
 21
0.2434546615581099
  0
LINE
  5
B30
100
AcDbEntity
  8
0
  6
ByLayer
 62
    0
370
   -1
100
AcDbLine
 10
0.9540229885057472
 20
0.1885376756066411
 11
0.9540229885057472
 21
0.2102490421455939
  0
LINE
  5
B31
100
AcDbEntity
  8
0
  6
ByLayer
 62
    0
370
   -1
100
AcDbLine
 10
0.9971264367816092
 20
0.1885376756066411
 11
0.9540229885057472
 21
0.1885376756066411
  0
LINE
  5
B32
100
AcDbEntity
  8
0
  6
ByLayer
 62
    0
370
   -1
100
AcDbLine
 10
0.9971264367816092
 20
0.0292145593869732
 11
0.9971264367816092
 21
0.1885376756066411
  0
LINE
  5
B33
100
AcDbEntity
  8
0
  6
ByLayer
 62
    0
370
   -1
100
AcDbLine
 10
0.9540229885057472
 20
0.0292145593869732
 11
0.9971264367816092
 21
0.0292145593869732
  0
LINE
  5
B34
100
AcDbEntity
  8
0
  6
ByLayer
 62
    0
370
   -1
100
AcDbLine
 10
0.9540229885057472
 20
0.0049489144316731
 11
0.9540229885057472
 21
0.0292145593869732
  0
LINE
  5
B35
100
AcDbEntity
  8
0
  6
ByLayer
 62
    0
370
   -1
100
AcDbLine
 10
1.06992337164751
 20
0.0049489144316731
 11
0.9540229885057472
 21
0.0049489144316731
  0
LINE
  5
B36
100
AcDbEntity
  8
0
  6
ByLayer
 62
    0
370
   -1
100
AcDbLine
 10
1.06992337164751
 20
0.0049489144316731
 11
1.06992337164751
 21
0.0049489144316731
  0
LINE
  5
B37
100
AcDbEntity
  8
0
  6
ByLayer
 62
    0
370
   -1
100
AcDbLine
 10
1.06992337164751
 20
0.0049489144316731
 11
0.9540229885057472
 21
0.0049489144316731
  0
LINE
  5
B38
100
AcDbEntity
  8
0
  6
ByLayer
 62
    0
370
   -1
100
AcDbLine
 10
0.9540229885057472
 20
0.0049489144316731
 11
0.9540229885057472
 21
0.0049489144316731
  0
LINE
  5
B39
100
AcDbEntity
  8
0
  6
ByLayer
 62
    0
370
   -1
100
AcDbLine
 10
0.9540229885057472
 20
0.0049489144316731
 11
0.9540229885057472
 21
0.0292145593869732
  0
LINE
  5
B3A
100
AcDbEntity
  8
0
  6
ByLayer
 62
    0
370
   -1
100
AcDbLine
 10
0.9540229885057472
 20
0.0049489144316731
 11
0.9540229885057472
 21
0.0049489144316731
  0
LINE
  5
B3B
100
AcDbEntity
  8
0
  6
ByLayer
 62
    0
370
   -1
100
AcDbLine
 10
0.9540229885057472
 20
0.0049489144316731
 11
0.9540229885057472
 21
0.0292145593869732
  0
LINE
  5
B3C
100
AcDbEntity
  8
0
  6
ByLayer
 62
    0
370
   -1
100
AcDbLine
 10
0.9540229885057472
 20
0.0292145593869732
 11
0.9540229885057472
 21
0.0292145593869732
  0
LINE
  5
B3D
100
AcDbEntity
  8
0
  6
ByLayer
 62
    0
370
   -1
100
AcDbLine
 10
0.9540229885057472
 20
0.0292145593869732
 11
0.9971264367816092
 21
0.0292145593869732
  0
LINE
  5
B3E
100
AcDbEntity
  8
0
  6
ByLayer
 62
    0
370
   -1
100
AcDbLine
 10
0.9540229885057472
 20
0.0292145593869732
 11
0.9540229885057472
 21
0.0292145593869732
  0
LINE
  5
B3F
100
AcDbEntity
  8
0
  6
ByLayer
 62
    0
370
   -1
100
AcDbLine
 10
0.9540229885057472
 20
0.0292145593869732
 11
0.9971264367816092
 21
0.0292145593869732
  0
LINE
  5
B40
100
AcDbEntity
  8
0
  6
ByLayer
 62
    0
370
   -1
100
AcDbLine
 10
0.9971264367816092
 20
0.0292145593869732
 11
0.9971264367816092
 21
0.0292145593869732
  0
LINE
  5
B41
100
AcDbEntity
  8
0
  6
ByLayer
 62
    0
370
   -1
100
AcDbLine
 10
0.9971264367816092
 20
0.0292145593869732
 11
0.9971264367816092
 21
0.1885376756066411
  0
LINE
  5
B42
100
AcDbEntity
  8
0
  6
ByLayer
 62
    0
370
   -1
100
AcDbLine
 10
0.9971264367816092
 20
0.0292145593869732
 11
0.9971264367816092
 21
0.0292145593869732
  0
LINE
  5
B43
100
AcDbEntity
  8
0
  6
ByLayer
 62
    0
370
   -1
100
AcDbLine
 10
0.9971264367816092
 20
0.0292145593869732
 11
0.9971264367816092
 21
0.1885376756066411
  0
LINE
  5
B44
100
AcDbEntity
  8
0
  6
ByLayer
 62
    0
370
   -1
100
AcDbLine
 10
0.9971264367816092
 20
0.1885376756066411
 11
0.9971264367816092
 21
0.1885376756066411
  0
LINE
  5
B45
100
AcDbEntity
  8
0
  6
ByLayer
 62
    0
370
   -1
100
AcDbLine
 10
0.9971264367816092
 20
0.1885376756066411
 11
0.9540229885057472
 21
0.1885376756066411
  0
LINE
  5
B46
100
AcDbEntity
  8
0
  6
ByLayer
 62
    0
370
   -1
100
AcDbLine
 10
0.9971264367816092
 20
0.1885376756066411
 11
0.9971264367816092
 21
0.1885376756066411
  0
LINE
  5
B47
100
AcDbEntity
  8
0
  6
ByLayer
 62
    0
370
   -1
100
AcDbLine
 10
0.9971264367816092
 20
0.1885376756066411
 11
0.9540229885057472
 21
0.1885376756066411
  0
LINE
  5
B48
100
AcDbEntity
  8
0
  6
ByLayer
 62
    0
370
   -1
100
AcDbLine
 10
0.9540229885057472
 20
0.1885376756066411
 11
0.9540229885057472
 21
0.1885376756066411
  0
LINE
  5
B49
100
AcDbEntity
  8
0
  6
ByLayer
 62
    0
370
   -1
100
AcDbLine
 10
0.9540229885057472
 20
0.1885376756066411
 11
0.9540229885057472
 21
0.2102490421455939
  0
LINE
  5
B4A
100
AcDbEntity
  8
0
  6
ByLayer
 62
    0
370
   -1
100
AcDbLine
 10
0.9540229885057472
 20
0.1885376756066411
 11
0.9540229885057472
 21
0.1885376756066411
  0
LINE
  5
B4B
100
AcDbEntity
  8
0
  6
ByLayer
 62
    0
370
   -1
100
AcDbLine
 10
0.9540229885057472
 20
0.1885376756066411
 11
0.9540229885057472
 21
0.2102490421455939
  0
LINE
  5
B4C
100
AcDbEntity
  8
0
  6
ByLayer
 62
    0
370
   -1
100
AcDbLine
 10
0.9540229885057472
 20
0.2102490421455939
 11
0.9540229885057472
 21
0.2102490421455939
  0
LINE
  5
B4D
100
AcDbEntity
  8
0
  6
ByLayer
 62
    0
370
   -1
100
AcDbLine
 10
0.9540229885057472
 20
0.2102490421455939
 11
0.9540229885057472
 21
0.2102490421455939
  0
LINE
  5
B4E
100
AcDbEntity
  8
0
  6
ByLayer
 62
    0
370
   -1
100
AcDbLine
 10
0.9752354725415071
 20
0.211985153256705
 11
0.9752354725415071
 21
0.211985153256705
  0
LINE
  5
B4F
100
AcDbEntity
  8
0
  6
ByLayer
 62
    0
370
   -1
100
AcDbLine
 10
0.9752354725415071
 20
0.211985153256705
 11
0.9752354725415071
 21
0.211985153256705
  0
LINE
  5
B50
100
AcDbEntity
  8
0
  6
ByLayer
 62
    0
370
   -1
100
AcDbLine
 10
0.9900223499361431
 20
0.2171934865900383
 11
0.9900223499361431
 21
0.2171934865900383
  0
LINE
  5
B51
100
AcDbEntity
  8
0
  6
ByLayer
 62
    0
370
   -1
100
AcDbLine
 10
0.9900223499361431
 20
0.2171934865900383
 11
0.9900223499361431
 21
0.2171934865900383
  0
LINE
  5
B52
100
AcDbEntity
  8
0
  6
ByLayer
 62
    0
370
   -1
100
AcDbLine
 10
0.9951758061941252
 20
0.2214389766922095
 11
0.9951758061941252
 21
0.2214389766922095
  0
LINE
  5
B53
100
AcDbEntity
  8
0
  6
ByLayer
 62
    0
370
   -1
100
AcDbLine
 10
0.9951758061941252
 20
0.2214389766922095
 11
0.9951758061941252
 21
0.2214389766922095
  0
LINE
  5
B54
100
AcDbEntity
  8
0
  6
ByLayer
 62
    0
370
   -1
100
AcDbLine
 10
0.9990621008939975
 20
0.2272310025542784
 11
0.9990621008939975
 21
0.2272310025542784
  0
LINE
  5
B55
100
AcDbEntity
  8
0
  6
ByLayer
 62
    0
370
   -1
100
AcDbLine
 10
0.9990621008939975
 20
0.2272310025542784
 11
0.9990621008939975
 21
0.2272310025542784
  0
LINE
  5
B56
100
AcDbEntity
  8
0
  6
ByLayer
 62
    0
370
   -1
100
AcDbLine
 10
1.003033205619412
 20
0.2434546615581099
 11
1.003033205619412
 21
0.2434546615581099
  0
LINE
  5
B57
100
AcDbEntity
  8
0
  6
ByLayer
 62
    0
370
   -1
100
AcDbLine
 10
1.003033205619412
 20
0.2434546615581099
 11
1.027777777777778
 21
0.2434546615581099
  0
LINE
  5
B58
100
AcDbEntity
  8
0
  6
ByLayer
 62
    0
370
   -1
100
AcDbLine
 10
1.003033205619412
 20
0.2434546615581099
 11
1.003033205619412
 21
0.2434546615581099
  0
LINE
  5
B59
100
AcDbEntity
  8
0
  6
ByLayer
 62
    0
370
   -1
100
AcDbLine
 10
1.003033205619412
 20
0.2434546615581099
 11
1.027777777777778
 21
0.2434546615581099
  0
LINE
  5
B5A
100
AcDbEntity
  8
0
  6
ByLayer
 62
    0
370
   -1
100
AcDbLine
 10
1.027777777777778
 20
0.2434546615581099
 11
1.027777777777778
 21
0.2434546615581099
  0
LINE
  5
B5B
100
AcDbEntity
  8
0
  6
ByLayer
 62
    0
370
   -1
100
AcDbLine
 10
1.027777777777778
 20
0.2434546615581099
 11
1.027777777777778
 21
0.0292145593869732
  0
LINE
  5
B5C
100
AcDbEntity
  8
0
  6
ByLayer
 62
    0
370
   -1
100
AcDbLine
 10
1.027777777777778
 20
0.2434546615581099
 11
1.027777777777778
 21
0.2434546615581099
  0
LINE
  5
B5D
100
AcDbEntity
  8
0
  6
ByLayer
 62
    0
370
   -1
100
AcDbLine
 10
1.027777777777778
 20
0.2434546615581099
 11
1.027777777777778
 21
0.0292145593869732
  0
LINE
  5
B5E
100
AcDbEntity
  8
0
  6
ByLayer
 62
    0
370
   -1
100
AcDbLine
 10
1.027777777777778
 20
0.0292145593869732
 11
1.027777777777778
 21
0.0292145593869732
  0
LINE
  5
B5F
100
AcDbEntity
  8
0
  6
ByLayer
 62
    0
370
   -1
100
AcDbLine
 10
1.027777777777778
 20
0.0292145593869732
 11
1.06992337164751
 21
0.0292145593869732
  0
LINE
  5
B60
100
AcDbEntity
  8
0
  6
ByLayer
 62
    0
370
   -1
100
AcDbLine
 10
1.027777777777778
 20
0.0292145593869732
 11
1.027777777777778
 21
0.0292145593869732
  0
LINE
  5
B61
100
AcDbEntity
  8
0
  6
ByLayer
 62
    0
370
   -1
100
AcDbLine
 10
1.027777777777778
 20
0.0292145593869732
 11
1.06992337164751
 21
0.0292145593869732
  0
LINE
  5
B62
100
AcDbEntity
  8
0
  6
ByLayer
 62
    0
370
   -1
100
AcDbLine
 10
1.06992337164751
 20
0.0292145593869732
 11
1.06992337164751
 21
0.0292145593869732
  0
LINE
  5
B63
100
AcDbEntity
  8
0
  6
ByLayer
 62
    0
370
   -1
100
AcDbLine
 10
1.06992337164751
 20
0.0292145593869732
 11
1.06992337164751
 21
0.0049489144316731
  0
LINE
  5
B64
100
AcDbEntity
  8
0
  6
ByLayer
 62
    0
370
   -1
100
AcDbLine
 10
1.06992337164751
 20
0.0292145593869732
 11
1.06992337164751
 21
0.0292145593869732
  0
LINE
  5
B65
100
AcDbEntity
  8
0
  6
ByLayer
 62
    0
370
   -1
100
AcDbLine
 10
1.06992337164751
 20
0.0292145593869732
 11
1.06992337164751
 21
0.0049489144316731
  0
LINE
  5
B66
100
AcDbEntity
  8
0
  6
ByLayer
 62
    0
370
   -1
100
AcDbLine
 10
1.06992337164751
 20
0.0049489144316731
 11
1.06992337164751
 21
0.0049489144316731
  0
ENDBLK
  5
5D
330
5B
100
AcDbEntity
  8
0
100
AcDbBlockEnd
  0
BLOCK
  5
5F
330
5E
100
AcDbEntity
  8
0
100
AcDbBlockBegin
  2
ZONE_2
 70
    0
 10
0
 20
0
  3
ZONE_2
  1

  0
LINE
  5
B67
100
AcDbEntity
  8
0
  6
ByLayer
 62
    0
370
   -1
100
AcDbLine
 10
0.1756066411238825
 20
0.0049489144316731
 11
0.0095785440613027
 21
0.0049489144316731
  0
LINE
  5
B68
100
AcDbEntity
  8
0
  6
ByLayer
 62
    0
370
   -1
100
AcDbLine
 10
0.0095785440613027
 20
0.0049489144316731
 11
0.0095785440613027
 21
0.0343231162196679
  0
LINE
  5
B69
100
AcDbEntity
  8
0
  6
ByLayer
 62
    0
370
   -1
100
AcDbLine
 10
0.0095785440613027
 20
0.0343231162196679
 11
0.1368135376756066
 21
0.2145593869731801
  0
LINE
  5
B6A
100
AcDbEntity
  8
0
  6
ByLayer
 62
    0
370
   -1
100
AcDbLine
 10
0.1368135376756066
 20
0.2145593869731801
 11
0.0153256704980843
 21
0.2145593869731801
  0
LINE
  5
B6B
100
AcDbEntity
  8
0
  6
ByLayer
 62
    0
370
   -1
100
AcDbLine
 10
0.0153256704980843
 20
0.2145593869731801
 11
0.0153256704980843
 21
0.2426564495530013
  0
LINE
  5
B6C
100
AcDbEntity
  8
0
  6
ByLayer
 62
    0
370
   -1
100
AcDbLine
 10
0.0153256704980843
 20
0.2426564495530013
 11
0.1724137931034483
 21
0.2426564495530013
  0
LINE
  5
B6D
100
AcDbEntity
  8
0
  6
ByLayer
 62
    0
370
   -1
100
AcDbLine
 10
0.1724137931034483
 20
0.2426564495530013
 11
0.1724137931034483
 21
0.2140804597701149
  0
LINE
  5
B6E
100
AcDbEntity
  8
0
  6
ByLayer
 62
    0
370
   -1
100
AcDbLine
 10
0.1724137931034483
 20
0.2140804597701149
 11
0.0437420178799489
 21
0.0330459770114943
  0
LINE
  5
B6F
100
AcDbEntity
  8
0
  6
ByLayer
 62
    0
370
   -1
100
AcDbLine
 10
0.0437420178799489
 20
0.0330459770114943
 11
0.1756066411238825
 21
0.0330459770114943
  0
LINE
  5
B70
100
AcDbEntity
  8
0
  6
ByLayer
 62
    0
370
   -1
100
AcDbLine
 10
0.1756066411238825
 20
0.0330459770114943
 11
0.1756066411238825
 21
0.0049489144316731
  0
LINE
  5
B71
100
AcDbEntity
  8
0
  6
ByLayer
 62
    0
370
   -1
100
AcDbLine
 10
0.6082375478927203
 20
0.0049489144316731
 11
0.5727969348659004
 21
0.0049489144316731
  0
LINE
  5
B72
100
AcDbEntity
  8
0
  6
ByLayer
 62
    0
370
   -1
100
AcDbLine
 10
0.5727969348659004
 20
0.0049489144316731
 11
0.4677522349936143
 21
0.2099297573435504
  0
LINE
  5
B73
100
AcDbEntity
  8
0
  6
ByLayer
 62
    0
370
   -1
100
AcDbLine
 10
0.4677522349936143
 20
0.2099297573435504
 11
0.4677522349936143
 21
0.0049489144316731
  0
LINE
  5
B74
100
AcDbEntity
  8
0
  6
ByLayer
 62
    0
370
   -1
100
AcDbLine
 10
0.4677522349936143
 20
0.0049489144316731
 11
0.4382183908045977
 21
0.0049489144316731
  0
LINE
  5
B75
100
AcDbEntity
  8
0
  6
ByLayer
 62
    0
370
   -1
100
AcDbLine
 10
0.4382183908045977
 20
0.0049489144316731
 11
0.4382183908045977
 21
0.2426564495530013
  0
LINE
  5
B76
100
AcDbEntity
  8
0
  6
ByLayer
 62
    0
370
   -1
100
AcDbLine
 10
0.4382183908045977
 20
0.2426564495530013
 11
0.4830779054916987
 21
0.2426564495530013
  0
LINE
  5
B77
100
AcDbEntity
  8
0
  6
ByLayer
 62
    0
370
   -1
100
AcDbLine
 10
0.4830779054916987
 20
0.2426564495530013
 11
0.5787037037037037
 21
0.0544380587484036
  0
LINE
  5
B78
100
AcDbEntity
  8
0
  6
ByLayer
 62
    0
370
   -1
100
AcDbLine
 10
0.5787037037037037
 20
0.0544380587484036
 11
0.5787037037037037
 21
0.2426564495530013
  0
LINE
  5
B79
100
AcDbEntity
  8
0
  6
ByLayer
 62
    0
370
   -1
100
AcDbLine
 10
0.5787037037037037
 20
0.2426564495530013
 11
0.6082375478927203
 21
0.2426564495530013
  0
LINE
  5
B7A
100
AcDbEntity
  8
0
  6
ByLayer
 62
    0
370
   -1
100
AcDbLine
 10
0.6082375478927203
 20
0.2426564495530013
 11
0.6082375478927203
 21
0.0049489144316731
  0
LINE
  5
B7B
100
AcDbEntity
  8
0
  6
ByLayer
 62
    0
370
   -1
100
AcDbLine
 10
0.6564495530012772
 20
0.0049489144316731
 11
0.6564495530012772
 21
0.2426564495530013
  0
LINE
  5
B7C
100
AcDbEntity
  8
0
  6
ByLayer
 62
    0
370
   -1
100
AcDbLine
 10
0.6564495530012772
 20
0.2426564495530013
 11
0.8050766283524905
 21
0.2426564495530013
  0
LINE
  5
B7D
100
AcDbEntity
  8
0
  6
ByLayer
 62
    0
370
   -1
100
AcDbLine
 10
0.8050766283524905
 20
0.2426564495530013
 11
0.8050766283524905
 21
0.2145593869731801
  0
LINE
  5
B7E
100
AcDbEntity
  8
0
  6
ByLayer
 62
    0
370
   -1
100
AcDbLine
 10
0.8050766283524905
 20
0.2145593869731801
 11
0.6880587484035759
 21
0.2145593869731801
  0
LINE
  5
B7F
100
AcDbEntity
  8
0
  6
ByLayer
 62
    0
370
   -1
100
AcDbLine
 10
0.6880587484035759
 20
0.2145593869731801
 11
0.6880587484035759
 21
0.1494252873563219
  0
LINE
  5
B80
100
AcDbEntity
  8
0
  6
ByLayer
 62
    0
370
   -1
100
AcDbLine
 10
0.6880587484035759
 20
0.1494252873563219
 11
0.7970945083014048
 21
0.1494252873563219
  0
LINE
  5
B81
100
AcDbEntity
  8
0
  6
ByLayer
 62
    0
370
   -1
100
AcDbLine
 10
0.7970945083014048
 20
0.1494252873563219
 11
0.7970945083014048
 21
0.1213282247765006
  0
LINE
  5
B82
100
AcDbEntity
  8
0
  6
ByLayer
 62
    0
370
   -1
100
AcDbLine
 10
0.7970945083014048
 20
0.1213282247765006
 11
0.6880587484035759
 21
0.1213282247765006
  0
LINE
  5
B83
100
AcDbEntity
  8
0
  6
ByLayer
 62
    0
370
   -1
100
AcDbLine
 10
0.6880587484035759
 20
0.1213282247765006
 11
0.6880587484035759
 21
0.0330459770114943
  0
LINE
  5
B84
100
AcDbEntity
  8
0
  6
ByLayer
 62
    0
370
   -1
100
AcDbLine
 10
0.6880587484035759
 20
0.0330459770114943
 11
0.8050766283524905
 21
0.0330459770114943
  0
LINE
  5
B85
100
AcDbEntity
  8
0
  6
ByLayer
 62
    0
370
   -1
100
AcDbLine
 10
0.8050766283524905
 20
0.0330459770114943
 11
0.8050766283524905
 21
0.0049489144316731
  0
LINE
  5
B86
100
AcDbEntity
  8
0
  6
ByLayer
 62
    0
370
   -1
100
AcDbLine
 10
0.8050766283524905
 20
0.0049489144316731
 11
0.6564495530012772
 21
0.0049489144316731
  0
LINE
  5
B87
100
AcDbEntity
  8
0
  6
ByLayer
 62
    0
370
   -1
100
AcDbLine
 10
1.08205619412516
 20
0.0049489144316731
 11
0.935344827586207
 21
0.0049489144316731
  0
LINE
  5
B88
100
AcDbEntity
  8
0
  6
ByLayer
 62
    0
370
   -1
100
AcDbLine
 10
0.935344827586207
 20
0.0049489144316731
 11
0.935344827586207
 21
0.0383141762452107
  0
LINE
  5
B89
100
AcDbEntity
  8
0
  6
ByLayer
 62
    0
370
   -1
100
AcDbLine
 10
0.9420498084291187
 20
0.1993933588761175
 11
0.94029374201788
 21
0.1993933588761175
  0
LINE
  5
B8A
100
AcDbEntity
  8
0
  6
ByLayer
 62
    0
370
   -1
100
AcDbLine
 10
0.94029374201788
 20
0.1993933588761175
 11
0.94029374201788
 21
0.2332375478927203
  0
LINE
  5
B8B
100
AcDbEntity
  8
0
  6
ByLayer
 62
    0
370
   -1
100
AcDbLine
 10
0.9651979565772669
 20
0.0322477650063857
 11
1.08205619412516
 21
0.0322477650063857
  0
LINE
  5
B8C
100
AcDbEntity
  8
0
  6
ByLayer
 62
    0
370
   -1
100
AcDbLine
 10
1.08205619412516
 20
0.0322477650063857
 11
1.08205619412516
 21
0.0049489144316731
  0
LINE
  5
B8D
100
AcDbEntity
  8
0
  6
ByLayer
 62
    0
370
   -1
100
AcDbLine
 10
0.1756066411238825
 20
0.0049489144316731
 11
0.0095785440613027
 21
0.0049489144316731
  0
LINE
  5
B8E
100
AcDbEntity
  8
0
  6
ByLayer
 62
    0
370
   -1
100
AcDbLine
 10
0.1756066411238825
 20
0.0330459770114943
 11
0.1756066411238825
 21
0.0049489144316731
  0
LINE
  5
B8F
100
AcDbEntity
  8
0
  6
ByLayer
 62
    0
370
   -1
100
AcDbLine
 10
0.0437420178799489
 20
0.0330459770114943
 11
0.1756066411238825
 21
0.0330459770114943
  0
LINE
  5
B90
100
AcDbEntity
  8
0
  6
ByLayer
 62
    0
370
   -1
100
AcDbLine
 10
0.1724137931034483
 20
0.2140804597701149
 11
0.0437420178799489
 21
0.0330459770114943
  0
LINE
  5
B91
100
AcDbEntity
  8
0
  6
ByLayer
 62
    0
370
   -1
100
AcDbLine
 10
0.1724137931034483
 20
0.2426564495530013
 11
0.1724137931034483
 21
0.2140804597701149
  0
LINE
  5
B92
100
AcDbEntity
  8
0
  6
ByLayer
 62
    0
370
   -1
100
AcDbLine
 10
0.0153256704980843
 20
0.2426564495530013
 11
0.1724137931034483
 21
0.2426564495530013
  0
LINE
  5
B93
100
AcDbEntity
  8
0
  6
ByLayer
 62
    0
370
   -1
100
AcDbLine
 10
0.0153256704980843
 20
0.2145593869731801
 11
0.0153256704980843
 21
0.2426564495530013
  0
LINE
  5
B94
100
AcDbEntity
  8
0
  6
ByLayer
 62
    0
370
   -1
100
AcDbLine
 10
0.1368135376756066
 20
0.2145593869731801
 11
0.0153256704980843
 21
0.2145593869731801
  0
LINE
  5
B95
100
AcDbEntity
  8
0
  6
ByLayer
 62
    0
370
   -1
100
AcDbLine
 10
0.0095785440613027
 20
0.0343231162196679
 11
0.1368135376756066
 21
0.2145593869731801
  0
LINE
  5
B96
100
AcDbEntity
  8
0
  6
ByLayer
 62
    0
370
   -1
100
AcDbLine
 10
0.0095785440613027
 20
0.0049489144316731
 11
0.0095785440613027
 21
0.0343231162196679
  0
LINE
  5
B97
100
AcDbEntity
  8
0
  6
ByLayer
 62
    0
370
   -1
100
AcDbLine
 10
0.1756066411238825
 20
0.0049489144316731
 11
0.0095785440613027
 21
0.0049489144316731
  0
LINE
  5
B98
100
AcDbEntity
  8
0
  6
ByLayer
 62
    0
370
   -1
100
AcDbLine
 10
0.1756066411238825
 20
0.0049489144316731
 11
0.1756066411238825
 21
0.0049489144316731
  0
LINE
  5
B99
100
AcDbEntity
  8
0
  6
ByLayer
 62
    0
370
   -1
100
AcDbLine
 10
0.1756066411238825
 20
0.0049489144316731
 11
0.0095785440613027
 21
0.0049489144316731
  0
LINE
  5
B9A
100
AcDbEntity
  8
0
  6
ByLayer
 62
    0
370
   -1
100
AcDbLine
 10
0.0095785440613027
 20
0.0049489144316731
 11
0.0095785440613027
 21
0.0049489144316731
  0
LINE
  5
B9B
100
AcDbEntity
  8
0
  6
ByLayer
 62
    0
370
   -1
100
AcDbLine
 10
0.0095785440613027
 20
0.0049489144316731
 11
0.0095785440613027
 21
0.0343231162196679
  0
LINE
  5
B9C
100
AcDbEntity
  8
0
  6
ByLayer
 62
    0
370
   -1
100
AcDbLine
 10
0.0095785440613027
 20
0.0049489144316731
 11
0.0095785440613027
 21
0.0049489144316731
  0
LINE
  5
B9D
100
AcDbEntity
  8
0
  6
ByLayer
 62
    0
370
   -1
100
AcDbLine
 10
0.0095785440613027
 20
0.0049489144316731
 11
0.0095785440613027
 21
0.0343231162196679
  0
LINE
  5
B9E
100
AcDbEntity
  8
0
  6
ByLayer
 62
    0
370
   -1
100
AcDbLine
 10
0.0095785440613027
 20
0.0343231162196679
 11
0.0095785440613027
 21
0.0343231162196679
  0
LINE
  5
B9F
100
AcDbEntity
  8
0
  6
ByLayer
 62
    0
370
   -1
100
AcDbLine
 10
0.0095785440613027
 20
0.0343231162196679
 11
0.1368135376756066
 21
0.2145593869731801
  0
LINE
  5
BA0
100
AcDbEntity
  8
0
  6
ByLayer
 62
    0
370
   -1
100
AcDbLine
 10
0.0095785440613027
 20
0.0343231162196679
 11
0.0095785440613027
 21
0.0343231162196679
  0
LINE
  5
BA1
100
AcDbEntity
  8
0
  6
ByLayer
 62
    0
370
   -1
100
AcDbLine
 10
0.0095785440613027
 20
0.0343231162196679
 11
0.1368135376756066
 21
0.2145593869731801
  0
LINE
  5
BA2
100
AcDbEntity
  8
0
  6
ByLayer
 62
    0
370
   -1
100
AcDbLine
 10
0.1368135376756066
 20
0.2145593869731801
 11
0.1368135376756066
 21
0.2145593869731801
  0
LINE
  5
BA3
100
AcDbEntity
  8
0
  6
ByLayer
 62
    0
370
   -1
100
AcDbLine
 10
0.1368135376756066
 20
0.2145593869731801
 11
0.0153256704980843
 21
0.2145593869731801
  0
LINE
  5
BA4
100
AcDbEntity
  8
0
  6
ByLayer
 62
    0
370
   -1
100
AcDbLine
 10
0.1368135376756066
 20
0.2145593869731801
 11
0.1368135376756066
 21
0.2145593869731801
  0
LINE
  5
BA5
100
AcDbEntity
  8
0
  6
ByLayer
 62
    0
370
   -1
100
AcDbLine
 10
0.1368135376756066
 20
0.2145593869731801
 11
0.0153256704980843
 21
0.2145593869731801
  0
LINE
  5
BA6
100
AcDbEntity
  8
0
  6
ByLayer
 62
    0
370
   -1
100
AcDbLine
 10
0.0153256704980843
 20
0.2145593869731801
 11
0.0153256704980843
 21
0.2145593869731801
  0
LINE
  5
BA7
100
AcDbEntity
  8
0
  6
ByLayer
 62
    0
370
   -1
100
AcDbLine
 10
0.0153256704980843
 20
0.2145593869731801
 11
0.0153256704980843
 21
0.2426564495530013
  0
LINE
  5
BA8
100
AcDbEntity
  8
0
  6
ByLayer
 62
    0
370
   -1
100
AcDbLine
 10
0.0153256704980843
 20
0.2145593869731801
 11
0.0153256704980843
 21
0.2145593869731801
  0
LINE
  5
BA9
100
AcDbEntity
  8
0
  6
ByLayer
 62
    0
370
   -1
100
AcDbLine
 10
0.0153256704980843
 20
0.2145593869731801
 11
0.0153256704980843
 21
0.2426564495530013
  0
LINE
  5
BAA
100
AcDbEntity
  8
0
  6
ByLayer
 62
    0
370
   -1
100
AcDbLine
 10
0.0153256704980843
 20
0.2426564495530013
 11
0.0153256704980843
 21
0.2426564495530013
  0
LINE
  5
BAB
100
AcDbEntity
  8
0
  6
ByLayer
 62
    0
370
   -1
100
AcDbLine
 10
0.0153256704980843
 20
0.2426564495530013
 11
0.1724137931034483
 21
0.2426564495530013
  0
LINE
  5
BAC
100
AcDbEntity
  8
0
  6
ByLayer
 62
    0
370
   -1
100
AcDbLine
 10
0.0153256704980843
 20
0.2426564495530013
 11
0.0153256704980843
 21
0.2426564495530013
  0
LINE
  5
BAD
100
AcDbEntity
  8
0
  6
ByLayer
 62
    0
370
   -1
100
AcDbLine
 10
0.0153256704980843
 20
0.2426564495530013
 11
0.1724137931034483
 21
0.2426564495530013
  0
LINE
  5
BAE
100
AcDbEntity
  8
0
  6
ByLayer
 62
    0
370
   -1
100
AcDbLine
 10
0.1724137931034483
 20
0.2426564495530013
 11
0.1724137931034483
 21
0.2426564495530013
  0
LINE
  5
BAF
100
AcDbEntity
  8
0
  6
ByLayer
 62
    0
370
   -1
100
AcDbLine
 10
0.1724137931034483
 20
0.2426564495530013
 11
0.1724137931034483
 21
0.2140804597701149
  0
LINE
  5
BB0
100
AcDbEntity
  8
0
  6
ByLayer
 62
    0
370
   -1
100
AcDbLine
 10
0.1724137931034483
 20
0.2426564495530013
 11
0.1724137931034483
 21
0.2426564495530013
  0
LINE
  5
BB1
100
AcDbEntity
  8
0
  6
ByLayer
 62
    0
370
   -1
100
AcDbLine
 10
0.1724137931034483
 20
0.2426564495530013
 11
0.1724137931034483
 21
0.2140804597701149
  0
LINE
  5
BB2
100
AcDbEntity
  8
0
  6
ByLayer
 62
    0
370
   -1
100
AcDbLine
 10
0.1724137931034483
 20
0.2140804597701149
 11
0.1724137931034483
 21
0.2140804597701149
  0
LINE
  5
BB3
100
AcDbEntity
  8
0
  6
ByLayer
 62
    0
370
   -1
100
AcDbLine
 10
0.1724137931034483
 20
0.2140804597701149
 11
0.0437420178799489
 21
0.0330459770114943
  0
LINE
  5
BB4
100
AcDbEntity
  8
0
  6
ByLayer
 62
    0
370
   -1
100
AcDbLine
 10
0.1724137931034483
 20
0.2140804597701149
 11
0.1724137931034483
 21
0.2140804597701149
  0
LINE
  5
BB5
100
AcDbEntity
  8
0
  6
ByLayer
 62
    0
370
   -1
100
AcDbLine
 10
0.1724137931034483
 20
0.2140804597701149
 11
0.0437420178799489
 21
0.0330459770114943
  0
LINE
  5
BB6
100
AcDbEntity
  8
0
  6
ByLayer
 62
    0
370
   -1
100
AcDbLine
 10
0.0437420178799489
 20
0.0330459770114943
 11
0.0437420178799489
 21
0.0330459770114943
  0
LINE
  5
BB7
100
AcDbEntity
  8
0
  6
ByLayer
 62
    0
370
   -1
100
AcDbLine
 10
0.0437420178799489
 20
0.0330459770114943
 11
0.1756066411238825
 21
0.0330459770114943
  0
LINE
  5
BB8
100
AcDbEntity
  8
0
  6
ByLayer
 62
    0
370
   -1
100
AcDbLine
 10
0.0437420178799489
 20
0.0330459770114943
 11
0.0437420178799489
 21
0.0330459770114943
  0
LINE
  5
BB9
100
AcDbEntity
  8
0
  6
ByLayer
 62
    0
370
   -1
100
AcDbLine
 10
0.0437420178799489
 20
0.0330459770114943
 11
0.1756066411238825
 21
0.0330459770114943
  0
LINE
  5
BBA
100
AcDbEntity
  8
0
  6
ByLayer
 62
    0
370
   -1
100
AcDbLine
 10
0.1756066411238825
 20
0.0330459770114943
 11
0.1756066411238825
 21
0.0330459770114943
  0
LINE
  5
BBB
100
AcDbEntity
  8
0
  6
ByLayer
 62
    0
370
   -1
100
AcDbLine
 10
0.1756066411238825
 20
0.0330459770114943
 11
0.1756066411238825
 21
0.0049489144316731
  0
LINE
  5
BBC
100
AcDbEntity
  8
0
  6
ByLayer
 62
    0
370
   -1
100
AcDbLine
 10
0.1756066411238825
 20
0.0330459770114943
 11
0.1756066411238825
 21
0.0330459770114943
  0
LINE
  5
BBD
100
AcDbEntity
  8
0
  6
ByLayer
 62
    0
370
   -1
100
AcDbLine
 10
0.1756066411238825
 20
0.0330459770114943
 11
0.1756066411238825
 21
0.0049489144316731
  0
LINE
  5
BBE
100
AcDbEntity
  8
0
  6
ByLayer
 62
    0
370
   -1
100
AcDbLine
 10
0.1756066411238825
 20
0.0049489144316731
 11
0.1756066411238825
 21
0.0049489144316731
  0
LINE
  5
BBF
100
AcDbEntity
  8
0
  6
ByLayer
 62
    0
370
   -1
100
AcDbLine
 10
0.375
 20
0.2153575989782887
 11
0.375
 21
0.2153575989782887
  0
LINE
  5
BC0
100
AcDbEntity
  8
0
  6
ByLayer
 62
    0
370
   -1
100
AcDbLine
 10
0.3870530012771392
 20
0.1978368454661558
 11
0.3870530012771392
 21
0.1978368454661558
  0
LINE
  5
BC1
100
AcDbEntity
  8
0
  6
ByLayer
 62
    0
370
   -1
100
AcDbLine
 10
0.3870530012771392
 20
0.1978368454661558
 11
0.3870530012771392
 21
0.1978368454661558
  0
LINE
  5
BC2
100
AcDbEntity
  8
0
  6
ByLayer
 62
    0
370
   -1
100
AcDbLine
 10
0.3960727969348659
 20
0.1765644955300128
 11
0.3960727969348659
 21
0.1765644955300128
  0
LINE
  5
BC3
100
AcDbEntity
  8
0
  6
ByLayer
 62
    0
370
   -1
100
AcDbLine
 10
0.3960727969348659
 20
0.1765644955300128
 11
0.3960727969348659
 21
0.1765644955300128
  0
LINE
  5
BC4
100
AcDbEntity
  8
0
  6
ByLayer
 62
    0
370
   -1
100
AcDbLine
 10
0.4017001915708812
 20
0.1517800127713921
 11
0.4017001915708812
 21
0.1517800127713921
  0
LINE
  5
BC5
100
AcDbEntity
  8
0
  6
ByLayer
 62
    0
370
   -1
100
AcDbLine
 10
0.4017001915708812
 20
0.1517800127713921
 11
0.4017001915708812
 21
0.1517800127713921
  0
LINE
  5
BC6
100
AcDbEntity
  8
0
  6
ByLayer
 62
    0
370
   -1
100
AcDbLine
 10
0.4035759897828863
 20
0.1237228607918263
 11
0.4035759897828863
 21
0.1237228607918263
  0
LINE
  5
BC7
100
AcDbEntity
  8
0
  6
ByLayer
 62
    0
370
   -1
100
AcDbLine
 10
0.4035759897828863
 20
0.1237228607918263
 11
0.4035759897828863
 21
0.1237228607918263
  0
LINE
  5
BC8
100
AcDbEntity
  8
0
  6
ByLayer
 62
    0
370
   -1
100
AcDbLine
 10
0.4017401021711367
 20
0.0962244572158365
 11
0.4017401021711367
 21
0.0962244572158365
  0
LINE
  5
BC9
100
AcDbEntity
  8
0
  6
ByLayer
 62
    0
370
   -1
100
AcDbLine
 10
0.4017401021711367
 20
0.0962244572158365
 11
0.4017401021711367
 21
0.0962244572158365
  0
LINE
  5
BCA
100
AcDbEntity
  8
0
  6
ByLayer
 62
    0
370
   -1
100
AcDbLine
 10
0.3962324393358876
 20
0.0715197956577267
 11
0.3962324393358876
 21
0.0715197956577267
  0
LINE
  5
BCB
100
AcDbEntity
  8
0
  6
ByLayer
 62
    0
370
   -1
100
AcDbLine
 10
0.3962324393358876
 20
0.0715197956577267
 11
0.3962324393358876
 21
0.0715197956577267
  0
LINE
  5
BCC
100
AcDbEntity
  8
0
  6
ByLayer
 62
    0
370
   -1
100
AcDbLine
 10
0.3872525542784163
 20
0.0500878033205619
 11
0.3872525542784163
 21
0.0500878033205619
  0
LINE
  5
BCD
100
AcDbEntity
  8
0
  6
ByLayer
 62
    0
370
   -1
100
AcDbLine
 10
0.3872525542784163
 20
0.0500878033205619
 11
0.3872525542784163
 21
0.0500878033205619
  0
LINE
  5
BCE
100
AcDbEntity
  8
0
  6
ByLayer
 62
    0
370
   -1
100
AcDbLine
 10
0.375
 20
0.0324074074074074
 11
0.375
 21
0.0324074074074074
  0
LINE
  5
BCF
100
AcDbEntity
  8
0
  6
ByLayer
 62
    0
370
   -1
100
AcDbLine
 10
0.375
 20
0.0324074074074074
 11
0.375
 21
0.0324074074074074
  0
LINE
  5
BD0
100
AcDbEntity
  8
0
  6
ByLayer
 62
    0
370
   -1
100
AcDbLine
 10
0.3592552681992336
 20
0.0179797254150702
 11
0.3592552681992336
 21
0.0179797254150702
  0
LINE
  5
BD1
100
AcDbEntity
  8
0
  6
ByLayer
 62
    0
370
   -1
100
AcDbLine
 10
0.3592552681992336
 20
0.0179797254150702
 11
0.3592552681992336
 21
0.0179797254150702
  0
LINE
  5
BD2
100
AcDbEntity
  8
0
  6
ByLayer
 62
    0
370
   -1
100
AcDbLine
 10
0.3410759897828863
 20
0.0079022988505747
 11
0.3410759897828863
 21
0.0079022988505747
  0
LINE
  5
BD3
100
AcDbEntity
  8
0
  6
ByLayer
 62
    0
370
   -1
100
AcDbLine
 10
0.3410759897828863
 20
0.0079022988505747
 11
0.3410759897828863
 21
0.0079022988505747
  0
LINE
  5
BD4
100
AcDbEntity
  8
0
  6
ByLayer
 62
    0
370
   -1
100
AcDbLine
 10
0.3207016283524904
 20
0.0019755747126437
 11
0.3207016283524904
 21
0.0019755747126437
  0
LINE
  5
BD5
100
AcDbEntity
  8
0
  6
ByLayer
 62
    0
370
   -1
100
AcDbLine
 10
0.3207016283524904
 20
0.0019755747126437
 11
0.3207016283524904
 21
0.0019755747126437
  0
LINE
  5
BD6
100
AcDbEntity
  8
0
  6
ByLayer
 62
    0
370
   -1
100
AcDbLine
 10
0.2983716475095785
 20
0
 11
0.2983716475095785
 21
0
  0
LINE
  5
BD7
100
AcDbEntity
  8
0
  6
ByLayer
 62
    0
370
   -1
100
AcDbLine
 10
0.2983716475095785
 20
0
 11
0.2983716475095785
 21
0
  0
LINE
  5
BD8
100
AcDbEntity
  8
0
  6
ByLayer
 62
    0
370
   -1
100
AcDbLine
 10
0.275462962962963
 20
0.0020354406130268
 11
0.275462962962963
 21
0.0020354406130268
  0
LINE
  5
BD9
100
AcDbEntity
  8
0
  6
ByLayer
 62
    0
370
   -1
100
AcDbLine
 10
0.275462962962963
 20
0.0020354406130268
 11
0.275462962962963
 21
0.0020354406130268
  0
LINE
  5
BDA
100
AcDbEntity
  8
0
  6
ByLayer
 62
    0
370
   -1
100
AcDbLine
 10
0.2549489144316731
 20
0.0081417624521073
 11
0.2549489144316731
 21
0.0081417624521073
  0
LINE
  5
BDB
100
AcDbEntity
  8
0
  6
ByLayer
 62
    0
370
   -1
100
AcDbLine
 10
0.2549489144316731
 20
0.0081417624521073
 11
0.2549489144316731
 21
0.0081417624521073
  0
LINE
  5
BDC
100
AcDbEntity
  8
0
  6
ByLayer
 62
    0
370
   -1
100
AcDbLine
 10
0.2369891443167305
 20
0.018279054916986
 11
0.2369891443167305
 21
0.018279054916986
  0
LINE
  5
BDD
100
AcDbEntity
  8
0
  6
ByLayer
 62
    0
370
   -1
100
AcDbLine
 10
0.2369891443167305
 20
0.018279054916986
 11
0.2369891443167305
 21
0.018279054916986
  0
LINE
  5
BDE
100
AcDbEntity
  8
0
  6
ByLayer
 62
    0
370
   -1
100
AcDbLine
 10
0.2217432950191571
 20
0.0324074074074074
 11
0.2217432950191571
 21
0.0324074074074074
  0
LINE
  5
BDF
100
AcDbEntity
  8
0
  6
ByLayer
 62
    0
370
   -1
100
AcDbLine
 10
0.2217432950191571
 20
0.0324074074074074
 11
0.2217432950191571
 21
0.0324074074074074
  0
LINE
  5
BE0
100
AcDbEntity
  8
0
  6
ByLayer
 62
    0
370
   -1
100
AcDbLine
 10
0.209610472541507
 20
0.0500478927203065
 11
0.209610472541507
 21
0.0500478927203065
  0
LINE
  5
BE1
100
AcDbEntity
  8
0
  6
ByLayer
 62
    0
370
   -1
100
AcDbLine
 10
0.209610472541507
 20
0.0500478927203065
 11
0.209610472541507
 21
0.0500478927203065
  0
LINE
  5
BE2
100
AcDbEntity
  8
0
  6
ByLayer
 62
    0
370
   -1
100
AcDbLine
 10
0.2006704980842912
 20
0.071360153256705
 11
0.2006704980842912
 21
0.071360153256705
  0
LINE
  5
BE3
100
AcDbEntity
  8
0
  6
ByLayer
 62
    0
370
   -1
100
AcDbLine
 10
0.2006704980842912
 20
0.071360153256705
 11
0.2006704980842912
 21
0.071360153256705
  0
LINE
  5
BE4
100
AcDbEntity
  8
0
  6
ByLayer
 62
    0
370
   -1
100
AcDbLine
 10
0.1951628352490422
 20
0.09602490421455941
 11
0.1951628352490422
 21
0.09602490421455941
  0
LINE
  5
BE5
100
AcDbEntity
  8
0
  6
ByLayer
 62
    0
370
   -1
100
AcDbLine
 10
0.1951628352490422
 20
0.09602490421455941
 11
0.1951628352490422
 21
0.09602490421455941
  0
LINE
  5
BE6
100
AcDbEntity
  8
0
  6
ByLayer
 62
    0
370
   -1
100
AcDbLine
 10
0.1933269476372925
 20
0.1237228607918263
 11
0.1933269476372925
 21
0.1237228607918263
  0
LINE
  5
BE7
100
AcDbEntity
  8
0
  6
ByLayer
 62
    0
370
   -1
100
AcDbLine
 10
0.1933269476372925
 20
0.1237228607918263
 11
0.1933269476372925
 21
0.1237228607918263
  0
LINE
  5
BE8
100
AcDbEntity
  8
0
  6
ByLayer
 62
    0
370
   -1
100
AcDbLine
 10
0.1951827905491699
 20
0.1518997445721584
 11
0.1951827905491699
 21
0.1518997445721584
  0
LINE
  5
BE9
100
AcDbEntity
  8
0
  6
ByLayer
 62
    0
370
   -1
100
AcDbLine
 10
0.1951827905491699
 20
0.1518997445721584
 11
0.1951827905491699
 21
0.1518997445721584
  0
LINE
  5
BEA
100
AcDbEntity
  8
0
  6
ByLayer
 62
    0
370
   -1
100
AcDbLine
 10
0.200750319284802
 20
0.1764048531289911
 11
0.200750319284802
 21
0.1764048531289911
  0
LINE
  5
BEB
100
AcDbEntity
  8
0
  6
ByLayer
 62
    0
370
   -1
100
AcDbLine
 10
0.200750319284802
 20
0.1764048531289911
 11
0.200750319284802
 21
0.1764048531289911
  0
LINE
  5
BEC
100
AcDbEntity
  8
0
  6
ByLayer
 62
    0
370
   -1
100
AcDbLine
 10
0.209750159642401
 20
0.197477650063857
 11
0.209750159642401
 21
0.197477650063857
  0
LINE
  5
BED
100
AcDbEntity
  8
0
  6
ByLayer
 62
    0
370
   -1
100
AcDbLine
 10
0.209750159642401
 20
0.197477650063857
 11
0.209750159642401
 21
0.197477650063857
  0
LINE
  5
BEE
100
AcDbEntity
  8
0
  6
ByLayer
 62
    0
370
   -1
100
AcDbLine
 10
0.2219029374201788
 20
0.2153575989782887
 11
0.2219029374201788
 21
0.2153575989782887
  0
LINE
  5
BEF
100
AcDbEntity
  8
0
  6
ByLayer
 62
    0
370
   -1
100
AcDbLine
 10
0.2219029374201788
 20
0.2153575989782887
 11
0.2219029374201788
 21
0.2153575989782887
  0
LINE
  5
BF0
100
AcDbEntity
  8
0
  6
ByLayer
 62
    0
370
   -1
100
AcDbLine
 10
0.2370490102171137
 20
0.2292664431673052
 11
0.2370490102171137
 21
0.2292664431673052
  0
LINE
  5
BF1
100
AcDbEntity
  8
0
  6
ByLayer
 62
    0
370
   -1
100
AcDbLine
 10
0.2370490102171137
 20
0.2292664431673052
 11
0.2370490102171137
 21
0.2292664431673052
  0
LINE
  5
BF2
100
AcDbEntity
  8
0
  6
ByLayer
 62
    0
370
   -1
100
AcDbLine
 10
0.2550287356321839
 20
0.2393837803320562
 11
0.2550287356321839
 21
0.2393837803320562
  0
LINE
  5
BF3
100
AcDbEntity
  8
0
  6
ByLayer
 62
    0
370
   -1
100
AcDbLine
 10
0.2550287356321839
 20
0.2393837803320562
 11
0.2550287356321839
 21
0.2393837803320562
  0
LINE
  5
BF4
100
AcDbEntity
  8
0
  6
ByLayer
 62
    0
370
   -1
100
AcDbLine
 10
0.2755627394636015
 20
0.2455499680715198
 11
0.2755627394636015
 21
0.2455499680715198
  0
LINE
  5
BF5
100
AcDbEntity
  8
0
  6
ByLayer
 62
    0
370
   -1
100
AcDbLine
 10
0.2755627394636015
 20
0.2455499680715198
 11
0.2755627394636015
 21
0.2455499680715198
  0
LINE
  5
BF6
100
AcDbEntity
  8
0
  6
ByLayer
 62
    0
370
   -1
100
AcDbLine
 10
0.2983716475095785
 20
0.2476053639846744
 11
0.2983716475095785
 21
0.2476053639846744
  0
LINE
  5
BF7
100
AcDbEntity
  8
0
  6
ByLayer
 62
    0
370
   -1
100
AcDbLine
 10
0.2983716475095785
 20
0.2476053639846744
 11
0.2983716475095785
 21
0.2476053639846744
  0
LINE
  5
BF8
100
AcDbEntity
  8
0
  6
ByLayer
 62
    0
370
   -1
100
AcDbLine
 10
0.3214399744572158
 20
0.2454901021711366
 11
0.3214399744572158
 21
0.2454901021711366
  0
LINE
  5
BF9
100
AcDbEntity
  8
0
  6
ByLayer
 62
    0
370
   -1
100
AcDbLine
 10
0.3214399744572158
 20
0.2454901021711366
 11
0.3214399744572158
 21
0.2454901021711366
  0
LINE
  5
BFA
100
AcDbEntity
  8
0
  6
ByLayer
 62
    0
370
   -1
100
AcDbLine
 10
0.3421136653895275
 20
0.2391443167305236
 11
0.3421136653895275
 21
0.2391443167305236
  0
LINE
  5
BFB
100
AcDbEntity
  8
0
  6
ByLayer
 62
    0
370
   -1
100
AcDbLine
 10
0.3421136653895275
 20
0.2391443167305236
 11
0.3421136653895275
 21
0.2391443167305236
  0
LINE
  5
BFC
100
AcDbEntity
  8
0
  6
ByLayer
 62
    0
370
   -1
100
AcDbLine
 10
0.36007343550447
 20
0.2289671136653896
 11
0.36007343550447
 21
0.2289671136653896
  0
LINE
  5
BFD
100
AcDbEntity
  8
0
  6
ByLayer
 62
    0
370
   -1
100
AcDbLine
 10
0.36007343550447
 20
0.2289671136653896
 11
0.36007343550447
 21
0.2289671136653896
  0
LINE
  5
BFE
100
AcDbEntity
  8
0
  6
ByLayer
 62
    0
370
   -1
100
AcDbLine
 10
0.375
 20
0.2153575989782887
 11
0.375
 21
0.2153575989782887
  0
LINE
  5
BFF
100
AcDbEntity
  8
0
  6
ByLayer
 62
    0
370
   -1
100
AcDbLine
 10
0.3706896551724138
 20
0.1237228607918263
 11
0.3706896551724138
 21
0.1237228607918263
  0
LINE
  5
C00
100
AcDbEntity
  8
0
  6
ByLayer
 62
    0
370
   -1
100
AcDbLine
 10
0.3694125159642401
 20
0.145992975734355
 11
0.3694125159642401
 21
0.145992975734355
  0
LINE
  5
C01
100
AcDbEntity
  8
0
  6
ByLayer
 62
    0
370
   -1
100
AcDbLine
 10
0.3694125159642401
 20
0.145992975734355
 11
0.3694125159642401
 21
0.145992975734355
  0
LINE
  5
C02
100
AcDbEntity
  8
0
  6
ByLayer
 62
    0
370
   -1
100
AcDbLine
 10
0.365581098339719
 20
0.1655491698595147
 11
0.365581098339719
 21
0.1655491698595147
  0
LINE
  5
C03
100
AcDbEntity
  8
0
  6
ByLayer
 62
    0
370
   -1
100
AcDbLine
 10
0.365581098339719
 20
0.1655491698595147
 11
0.365581098339719
 21
0.1655491698595147
  0
LINE
  5
C04
100
AcDbEntity
  8
0
  6
ByLayer
 62
    0
370
   -1
100
AcDbLine
 10
0.3594348659003831
 20
0.1821918901660281
 11
0.3594348659003831
 21
0.1821918901660281
  0
LINE
  5
C05
100
AcDbEntity
  8
0
  6
ByLayer
 62
    0
370
   -1
100
AcDbLine
 10
0.3594348659003831
 20
0.1821918901660281
 11
0.3594348659003831
 21
0.1821918901660281
  0
LINE
  5
C06
100
AcDbEntity
  8
0
  6
ByLayer
 62
    0
370
   -1
100
AcDbLine
 10
0.351213282247765
 20
0.1957215836526181
 11
0.351213282247765
 21
0.1957215836526181
  0
LINE
  5
C07
100
AcDbEntity
  8
0
  6
ByLayer
 62
    0
370
   -1
100
AcDbLine
 10
0.351213282247765
 20
0.1957215836526181
 11
0.351213282247765
 21
0.1957215836526181
  0
LINE
  5
C08
100
AcDbEntity
  8
0
  6
ByLayer
 62
    0
370
   -1
100
AcDbLine
 10
0.340816570881226
 20
0.2064774904214559
 11
0.340816570881226
 21
0.2064774904214559
  0
LINE
  5
C09
100
AcDbEntity
  8
0
  6
ByLayer
 62
    0
370
   -1
100
AcDbLine
 10
0.340816570881226
 20
0.2064774904214559
 11
0.340816570881226
 21
0.2064774904214559
  0
LINE
  5
C0A
100
AcDbEntity
  8
0
  6
ByLayer
 62
    0
370
   -1
100
AcDbLine
 10
0.3284642401021711
 20
0.2141602809706258
 11
0.3284642401021711
 21
0.2141602809706258
  0
LINE
  5
C0B
100
AcDbEntity
  8
0
  6
ByLayer
 62
    0
370
   -1
100
AcDbLine
 10
0.3284642401021711
 20
0.2141602809706258
 11
0.3284642401021711
 21
0.2141602809706258
  0
LINE
  5
C0C
100
AcDbEntity
  8
0
  6
ByLayer
 62
    0
370
   -1
100
AcDbLine
 10
0.314315932311622
 20
0.2187699553001277
 11
0.314315932311622
 21
0.2187699553001277
  0
LINE
  5
C0D
100
AcDbEntity
  8
0
  6
ByLayer
 62
    0
370
   -1
100
AcDbLine
 10
0.314315932311622
 20
0.2187699553001277
 11
0.314315932311622
 21
0.2187699553001277
  0
LINE
  5
C0E
100
AcDbEntity
  8
0
  6
ByLayer
 62
    0
370
   -1
100
AcDbLine
 10
0.2985312899106003
 20
0.2203065134099617
 11
0.2985312899106003
 21
0.2203065134099617
  0
LINE
  5
C0F
100
AcDbEntity
  8
0
  6
ByLayer
 62
    0
370
   -1
100
AcDbLine
 10
0.2985312899106003
 20
0.2203065134099617
 11
0.2985312899106003
 21
0.2203065134099617
  0
LINE
  5
C10
100
AcDbEntity
  8
0
  6
ByLayer
 62
    0
370
   -1
100
AcDbLine
 10
0.2823874521072797
 20
0.2188098659003831
 11
0.2823874521072797
 21
0.2188098659003831
  0
LINE
  5
C11
100
AcDbEntity
  8
0
  6
ByLayer
 62
    0
370
   -1
100
AcDbLine
 10
0.2823874521072797
 20
0.2188098659003831
 11
0.2823874521072797
 21
0.2188098659003831
  0
LINE
  5
C12
100
AcDbEntity
  8
0
  6
ByLayer
 62
    0
370
   -1
100
AcDbLine
 10
0.2684386973180077
 20
0.2143199233716475
 11
0.2684386973180077
 21
0.2143199233716475
  0
LINE
  5
C13
100
AcDbEntity
  8
0
  6
ByLayer
 62
    0
370
   -1
100
AcDbLine
 10
0.2684386973180077
 20
0.2143199233716475
 11
0.2684386973180077
 21
0.2143199233716475
  0
LINE
  5
C14
100
AcDbEntity
  8
0
  6
ByLayer
 62
    0
370
   -1
100
AcDbLine
 10
0.2563258301404853
 20
0.2066770434227331
 11
0.2563258301404853
 21
0.2066770434227331
  0
LINE
  5
C15
100
AcDbEntity
  8
0
  6
ByLayer
 62
    0
370
   -1
100
AcDbLine
 10
0.2563258301404853
 20
0.2066770434227331
 11
0.2563258301404853
 21
0.2066770434227331
  0
LINE
  5
C16
100
AcDbEntity
  8
0
  6
ByLayer
 62
    0
370
   -1
100
AcDbLine
 10
0.2456896551724138
 20
0.1957215836526181
 11
0.2456896551724138
 21
0.1957215836526181
  0
LINE
  5
C17
100
AcDbEntity
  8
0
  6
ByLayer
 62
    0
370
   -1
100
AcDbLine
 10
0.2456896551724138
 20
0.1957215836526181
 11
0.2456896551724138
 21
0.1957215836526181
  0
LINE
  5
C18
100
AcDbEntity
  8
0
  6
ByLayer
 62
    0
370
   -1
100
AcDbLine
 10
0.2373682950191571
 20
0.1820322477650064
 11
0.2373682950191571
 21
0.1820322477650064
  0
LINE
  5
C19
100
AcDbEntity
  8
0
  6
ByLayer
 62
    0
370
   -1
100
AcDbLine
 10
0.2373682950191571
 20
0.1820322477650064
 11
0.2373682950191571
 21
0.1820322477650064
  0
LINE
  5
C1A
100
AcDbEntity
  8
0
  6
ByLayer
 62
    0
370
   -1
100
AcDbLine
 10
0.2312420178799489
 20
0.1652298850574713
 11
0.2312420178799489
 21
0.1652298850574713
  0
LINE
  5
C1B
100
AcDbEntity
  8
0
  6
ByLayer
 62
    0
370
   -1
100
AcDbLine
 10
0.2312420178799489
 20
0.1652298850574713
 11
0.2312420178799489
 21
0.1652298850574713
  0
LINE
  5
C1C
100
AcDbEntity
  8
0
  6
ByLayer
 62
    0
370
   -1
100
AcDbLine
 10
0.227470466155811
 20
0.1456736909323116
 11
0.227470466155811
 21
0.1456736909323116
  0
LINE
  5
C1D
100
AcDbEntity
  8
0
  6
ByLayer
 62
    0
370
   -1
100
AcDbLine
 10
0.227470466155811
 20
0.1456736909323116
 11
0.227470466155811
 21
0.1456736909323116
  0
LINE
  5
C1E
100
AcDbEntity
  8
0
  6
ByLayer
 62
    0
370
   -1
100
AcDbLine
 10
0.226213282247765
 20
0.1237228607918263
 11
0.226213282247765
 21
0.1237228607918263
  0
LINE
  5
C1F
100
AcDbEntity
  8
0
  6
ByLayer
 62
    0
370
   -1
100
AcDbLine
 10
0.226213282247765
 20
0.1237228607918263
 11
0.226213282247765
 21
0.1237228607918263
  0
LINE
  5
C20
100
AcDbEntity
  8
0
  6
ByLayer
 62
    0
370
   -1
100
AcDbLine
 10
0.2274405332056194
 20
0.1017071759259259
 11
0.2274405332056194
 21
0.1017071759259259
  0
LINE
  5
C21
100
AcDbEntity
  8
0
  6
ByLayer
 62
    0
370
   -1
100
AcDbLine
 10
0.2274405332056194
 20
0.1017071759259259
 11
0.2274405332056194
 21
0.1017071759259259
  0
LINE
  5
C22
100
AcDbEntity
  8
0
  6
ByLayer
 62
    0
370
   -1
100
AcDbLine
 10
0.2311222860791827
 20
0.0824353448275862
 11
0.2311222860791827
 21
0.0824353448275862
  0
LINE
  5
C23
100
AcDbEntity
  8
0
  6
ByLayer
 62
    0
370
   -1
100
AcDbLine
 10
0.2311222860791827
 20
0.0824353448275862
 11
0.2311222860791827
 21
0.0824353448275862
  0
LINE
  5
C24
100
AcDbEntity
  8
0
  6
ByLayer
 62
    0
370
   -1
100
AcDbLine
 10
0.2372585408684547
 20
0.0659073674968071
 11
0.2372585408684547
 21
0.0659073674968071
  0
LINE
  5
C25
100
AcDbEntity
  8
0
  6
ByLayer
 62
    0
370
   -1
100
AcDbLine
 10
0.2372585408684547
 20
0.0659073674968071
 11
0.2372585408684547
 21
0.0659073674968071
  0
LINE
  5
C26
100
AcDbEntity
  8
0
  6
ByLayer
 62
    0
370
   -1
100
AcDbLine
 10
0.2458492975734355
 20
0.0521232439335888
 11
0.2458492975734355
 21
0.0521232439335888
  0
LINE
  5
C27
100
AcDbEntity
  8
0
  6
ByLayer
 62
    0
370
   -1
100
AcDbLine
 10
0.2458492975734355
 20
0.0521232439335888
 11
0.2458492975734355
 21
0.0521232439335888
  0
LINE
  5
C28
100
AcDbEntity
  8
0
  6
ByLayer
 62
    0
370
   -1
100
AcDbLine
 10
0.2565054278416347
 20
0.0412625718390805
 11
0.2565054278416347
 21
0.0412625718390805
  0
LINE
  5
C29
100
AcDbEntity
  8
0
  6
ByLayer
 62
    0
370
   -1
100
AcDbLine
 10
0.2565054278416347
 20
0.0412625718390805
 11
0.2565054278416347
 21
0.0412625718390805
  0
LINE
  5
C2A
100
AcDbEntity
  8
0
  6
ByLayer
 62
    0
370
   -1
100
AcDbLine
 10
0.268837803320562
 20
0.0335049489144317
 11
0.268837803320562
 21
0.0335049489144317
  0
LINE
  5
C2B
100
AcDbEntity
  8
0
  6
ByLayer
 62
    0
370
   -1
100
AcDbLine
 10
0.268837803320562
 20
0.0335049489144317
 11
0.268837803320562
 21
0.0335049489144317
  0
LINE
  5
C2C
100
AcDbEntity
  8
0
  6
ByLayer
 62
    0
370
   -1
100
AcDbLine
 10
0.2828464240102172
 20
0.0288503751596424
 11
0.2828464240102172
 21
0.0288503751596424
  0
LINE
  5
C2D
100
AcDbEntity
  8
0
  6
ByLayer
 62
    0
370
   -1
100
AcDbLine
 10
0.2828464240102172
 20
0.0288503751596424
 11
0.2828464240102172
 21
0.0288503751596424
  0
LINE
  5
C2E
100
AcDbEntity
  8
0
  6
ByLayer
 62
    0
370
   -1
100
AcDbLine
 10
0.2985312899106003
 20
0.0272988505747126
 11
0.2985312899106003
 21
0.0272988505747126
  0
LINE
  5
C2F
100
AcDbEntity
  8
0
  6
ByLayer
 62
    0
370
   -1
100
AcDbLine
 10
0.2985312899106003
 20
0.0272988505747126
 11
0.2985312899106003
 21
0.0272988505747126
  0
LINE
  5
C30
100
AcDbEntity
  8
0
  6
ByLayer
 62
    0
370
   -1
100
AcDbLine
 10
0.3142111669859515
 20
0.0288503751596424
 11
0.3142111669859515
 21
0.0288503751596424
  0
LINE
  5
C31
100
AcDbEntity
  8
0
  6
ByLayer
 62
    0
370
   -1
100
AcDbLine
 10
0.3142111669859515
 20
0.0288503751596424
 11
0.3142111669859515
 21
0.0288503751596424
  0
LINE
  5
C32
100
AcDbEntity
  8
0
  6
ByLayer
 62
    0
370
   -1
100
AcDbLine
 10
0.3282048212005109
 20
0.0335049489144317
 11
0.3282048212005109
 21
0.0335049489144317
  0
LINE
  5
C33
100
AcDbEntity
  8
0
  6
ByLayer
 62
    0
370
   -1
100
AcDbLine
 10
0.3282048212005109
 20
0.0335049489144317
 11
0.3282048212005109
 21
0.0335049489144317
  0
LINE
  5
C34
100
AcDbEntity
  8
0
  6
ByLayer
 62
    0
370
   -1
100
AcDbLine
 10
0.3405122525542784
 20
0.0412625718390805
 11
0.3405122525542784
 21
0.0412625718390805
  0
LINE
  5
C35
100
AcDbEntity
  8
0
  6
ByLayer
 62
    0
370
   -1
100
AcDbLine
 10
0.3405122525542784
 20
0.0412625718390805
 11
0.3405122525542784
 21
0.0412625718390805
  0
LINE
  5
C36
100
AcDbEntity
  8
0
  6
ByLayer
 62
    0
370
   -1
100
AcDbLine
 10
0.3511334610472541
 20
0.0521232439335888
 11
0.3511334610472541
 21
0.0521232439335888
  0
LINE
  5
C37
100
AcDbEntity
  8
0
  6
ByLayer
 62
    0
370
   -1
100
AcDbLine
 10
0.3511334610472541
 20
0.0521232439335888
 11
0.3511334610472541
 21
0.0521232439335888
  0
LINE
  5
C38
100
AcDbEntity
  8
0
  6
ByLayer
 62
    0
370
   -1
100
AcDbLine
 10
0.3596892959770115
 20
0.0659073674968071
 11
0.3596892959770115
 21
0.0659073674968071
  0
LINE
  5
C39
100
AcDbEntity
  8
0
  6
ByLayer
 62
    0
370
   -1
100
AcDbLine
 10
0.3596892959770115
 20
0.0659073674968071
 11
0.3596892959770115
 21
0.0659073674968071
  0
LINE
  5
C3A
100
AcDbEntity
  8
0
  6
ByLayer
 62
    0
370
   -1
100
AcDbLine
 10
0.3658006066411238
 20
0.0824353448275862
 11
0.3658006066411238
 21
0.0824353448275862
  0
LINE
  5
C3B
100
AcDbEntity
  8
0
  6
ByLayer
 62
    0
370
   -1
100
AcDbLine
 10
0.3658006066411238
 20
0.0824353448275862
 11
0.3658006066411238
 21
0.0824353448275862
  0
LINE
  5
C3C
100
AcDbEntity
  8
0
  6
ByLayer
 62
    0
370
   -1
100
AcDbLine
 10
0.3694673930395914
 20
0.1017071759259259
 11
0.3694673930395914
 21
0.1017071759259259
  0
LINE
  5
C3D
100
AcDbEntity
  8
0
  6
ByLayer
 62
    0
370
   -1
100
AcDbLine
 10
0.3694673930395914
 20
0.1017071759259259
 11
0.3694673930395914
 21
0.1017071759259259
  0
LINE
  5
C3E
100
AcDbEntity
  8
0
  6
ByLayer
 62
    0
370
   -1
100
AcDbLine
 10
0.3706896551724138
 20
0.1237228607918263
 11
0.3706896551724138
 21
0.1237228607918263
  0
LINE
  5
C3F
100
AcDbEntity
  8
0
  6
ByLayer
 62
    0
370
   -1
100
AcDbLine
 10
0.6082375478927203
 20
0.0049489144316731
 11
0.5727969348659004
 21
0.0049489144316731
  0
LINE
  5
C40
100
AcDbEntity
  8
0
  6
ByLayer
 62
    0
370
   -1
100
AcDbLine
 10
0.6082375478927203
 20
0.2426564495530013
 11
0.6082375478927203
 21
0.0049489144316731
  0
LINE
  5
C41
100
AcDbEntity
  8
0
  6
ByLayer
 62
    0
370
   -1
100
AcDbLine
 10
0.5787037037037037
 20
0.2426564495530013
 11
0.6082375478927203
 21
0.2426564495530013
  0
LINE
  5
C42
100
AcDbEntity
  8
0
  6
ByLayer
 62
    0
370
   -1
100
AcDbLine
 10
0.5787037037037037
 20
0.0544380587484036
 11
0.5787037037037037
 21
0.2426564495530013
  0
LINE
  5
C43
100
AcDbEntity
  8
0
  6
ByLayer
 62
    0
370
   -1
100
AcDbLine
 10
0.4830779054916987
 20
0.2426564495530013
 11
0.5787037037037037
 21
0.0544380587484036
  0
LINE
  5
C44
100
AcDbEntity
  8
0
  6
ByLayer
 62
    0
370
   -1
100
AcDbLine
 10
0.4382183908045977
 20
0.2426564495530013
 11
0.4830779054916987
 21
0.2426564495530013
  0
LINE
  5
C45
100
AcDbEntity
  8
0
  6
ByLayer
 62
    0
370
   -1
100
AcDbLine
 10
0.4382183908045977
 20
0.0049489144316731
 11
0.4382183908045977
 21
0.2426564495530013
  0
LINE
  5
C46
100
AcDbEntity
  8
0
  6
ByLayer
 62
    0
370
   -1
100
AcDbLine
 10
0.4677522349936143
 20
0.0049489144316731
 11
0.4382183908045977
 21
0.0049489144316731
  0
LINE
  5
C47
100
AcDbEntity
  8
0
  6
ByLayer
 62
    0
370
   -1
100
AcDbLine
 10
0.4677522349936143
 20
0.2099297573435504
 11
0.4677522349936143
 21
0.0049489144316731
  0
LINE
  5
C48
100
AcDbEntity
  8
0
  6
ByLayer
 62
    0
370
   -1
100
AcDbLine
 10
0.5727969348659004
 20
0.0049489144316731
 11
0.4677522349936143
 21
0.2099297573435504
  0
LINE
  5
C49
100
AcDbEntity
  8
0
  6
ByLayer
 62
    0
370
   -1
100
AcDbLine
 10
0.6082375478927203
 20
0.0049489144316731
 11
0.5727969348659004
 21
0.0049489144316731
  0
LINE
  5
C4A
100
AcDbEntity
  8
0
  6
ByLayer
 62
    0
370
   -1
100
AcDbLine
 10
0.6082375478927203
 20
0.0049489144316731
 11
0.6082375478927203
 21
0.0049489144316731
  0
LINE
  5
C4B
100
AcDbEntity
  8
0
  6
ByLayer
 62
    0
370
   -1
100
AcDbLine
 10
0.6082375478927203
 20
0.0049489144316731
 11
0.5727969348659004
 21
0.0049489144316731
  0
LINE
  5
C4C
100
AcDbEntity
  8
0
  6
ByLayer
 62
    0
370
   -1
100
AcDbLine
 10
0.5727969348659004
 20
0.0049489144316731
 11
0.5727969348659004
 21
0.0049489144316731
  0
LINE
  5
C4D
100
AcDbEntity
  8
0
  6
ByLayer
 62
    0
370
   -1
100
AcDbLine
 10
0.5727969348659004
 20
0.0049489144316731
 11
0.4677522349936143
 21
0.2099297573435504
  0
LINE
  5
C4E
100
AcDbEntity
  8
0
  6
ByLayer
 62
    0
370
   -1
100
AcDbLine
 10
0.5727969348659004
 20
0.0049489144316731
 11
0.5727969348659004
 21
0.0049489144316731
  0
LINE
  5
C4F
100
AcDbEntity
  8
0
  6
ByLayer
 62
    0
370
   -1
100
AcDbLine
 10
0.5727969348659004
 20
0.0049489144316731
 11
0.4677522349936143
 21
0.2099297573435504
  0
LINE
  5
C50
100
AcDbEntity
  8
0
  6
ByLayer
 62
    0
370
   -1
100
AcDbLine
 10
0.4677522349936143
 20
0.2099297573435504
 11
0.4677522349936143
 21
0.2099297573435504
  0
LINE
  5
C51
100
AcDbEntity
  8
0
  6
ByLayer
 62
    0
370
   -1
100
AcDbLine
 10
0.4677522349936143
 20
0.2099297573435504
 11
0.4677522349936143
 21
0.0049489144316731
  0
LINE
  5
C52
100
AcDbEntity
  8
0
  6
ByLayer
 62
    0
370
   -1
100
AcDbLine
 10
0.4677522349936143
 20
0.2099297573435504
 11
0.4677522349936143
 21
0.2099297573435504
  0
LINE
  5
C53
100
AcDbEntity
  8
0
  6
ByLayer
 62
    0
370
   -1
100
AcDbLine
 10
0.4677522349936143
 20
0.2099297573435504
 11
0.4677522349936143
 21
0.0049489144316731
  0
LINE
  5
C54
100
AcDbEntity
  8
0
  6
ByLayer
 62
    0
370
   -1
100
AcDbLine
 10
0.4677522349936143
 20
0.0049489144316731
 11
0.4677522349936143
 21
0.0049489144316731
  0
LINE
  5
C55
100
AcDbEntity
  8
0
  6
ByLayer
 62
    0
370
   -1
100
AcDbLine
 10
0.4677522349936143
 20
0.0049489144316731
 11
0.4382183908045977
 21
0.0049489144316731
  0
LINE
  5
C56
100
AcDbEntity
  8
0
  6
ByLayer
 62
    0
370
   -1
100
AcDbLine
 10
0.4677522349936143
 20
0.0049489144316731
 11
0.4677522349936143
 21
0.0049489144316731
  0
LINE
  5
C57
100
AcDbEntity
  8
0
  6
ByLayer
 62
    0
370
   -1
100
AcDbLine
 10
0.4677522349936143
 20
0.0049489144316731
 11
0.4382183908045977
 21
0.0049489144316731
  0
LINE
  5
C58
100
AcDbEntity
  8
0
  6
ByLayer
 62
    0
370
   -1
100
AcDbLine
 10
0.4382183908045977
 20
0.0049489144316731
 11
0.4382183908045977
 21
0.0049489144316731
  0
LINE
  5
C59
100
AcDbEntity
  8
0
  6
ByLayer
 62
    0
370
   -1
100
AcDbLine
 10
0.4382183908045977
 20
0.0049489144316731
 11
0.4382183908045977
 21
0.2426564495530013
  0
LINE
  5
C5A
100
AcDbEntity
  8
0
  6
ByLayer
 62
    0
370
   -1
100
AcDbLine
 10
0.4382183908045977
 20
0.0049489144316731
 11
0.4382183908045977
 21
0.0049489144316731
  0
LINE
  5
C5B
100
AcDbEntity
  8
0
  6
ByLayer
 62
    0
370
   -1
100
AcDbLine
 10
0.4382183908045977
 20
0.0049489144316731
 11
0.4382183908045977
 21
0.2426564495530013
  0
LINE
  5
C5C
100
AcDbEntity
  8
0
  6
ByLayer
 62
    0
370
   -1
100
AcDbLine
 10
0.4382183908045977
 20
0.2426564495530013
 11
0.4382183908045977
 21
0.2426564495530013
  0
LINE
  5
C5D
100
AcDbEntity
  8
0
  6
ByLayer
 62
    0
370
   -1
100
AcDbLine
 10
0.4382183908045977
 20
0.2426564495530013
 11
0.4830779054916987
 21
0.2426564495530013
  0
LINE
  5
C5E
100
AcDbEntity
  8
0
  6
ByLayer
 62
    0
370
   -1
100
AcDbLine
 10
0.4382183908045977
 20
0.2426564495530013
 11
0.4382183908045977
 21
0.2426564495530013
  0
LINE
  5
C5F
100
AcDbEntity
  8
0
  6
ByLayer
 62
    0
370
   -1
100
AcDbLine
 10
0.4382183908045977
 20
0.2426564495530013
 11
0.4830779054916987
 21
0.2426564495530013
  0
LINE
  5
C60
100
AcDbEntity
  8
0
  6
ByLayer
 62
    0
370
   -1
100
AcDbLine
 10
0.4830779054916987
 20
0.2426564495530013
 11
0.4830779054916987
 21
0.2426564495530013
  0
LINE
  5
C61
100
AcDbEntity
  8
0
  6
ByLayer
 62
    0
370
   -1
100
AcDbLine
 10
0.4830779054916987
 20
0.2426564495530013
 11
0.5787037037037037
 21
0.0544380587484036
  0
LINE
  5
C62
100
AcDbEntity
  8
0
  6
ByLayer
 62
    0
370
   -1
100
AcDbLine
 10
0.4830779054916987
 20
0.2426564495530013
 11
0.4830779054916987
 21
0.2426564495530013
  0
LINE
  5
C63
100
AcDbEntity
  8
0
  6
ByLayer
 62
    0
370
   -1
100
AcDbLine
 10
0.4830779054916987
 20
0.2426564495530013
 11
0.5787037037037037
 21
0.0544380587484036
  0
LINE
  5
C64
100
AcDbEntity
  8
0
  6
ByLayer
 62
    0
370
   -1
100
AcDbLine
 10
0.5787037037037037
 20
0.0544380587484036
 11
0.5787037037037037
 21
0.0544380587484036
  0
LINE
  5
C65
100
AcDbEntity
  8
0
  6
ByLayer
 62
    0
370
   -1
100
AcDbLine
 10
0.5787037037037037
 20
0.0544380587484036
 11
0.5787037037037037
 21
0.2426564495530013
  0
LINE
  5
C66
100
AcDbEntity
  8
0
  6
ByLayer
 62
    0
370
   -1
100
AcDbLine
 10
0.5787037037037037
 20
0.0544380587484036
 11
0.5787037037037037
 21
0.0544380587484036
  0
LINE
  5
C67
100
AcDbEntity
  8
0
  6
ByLayer
 62
    0
370
   -1
100
AcDbLine
 10
0.5787037037037037
 20
0.0544380587484036
 11
0.5787037037037037
 21
0.2426564495530013
  0
LINE
  5
C68
100
AcDbEntity
  8
0
  6
ByLayer
 62
    0
370
   -1
100
AcDbLine
 10
0.5787037037037037
 20
0.2426564495530013
 11
0.5787037037037037
 21
0.2426564495530013
  0
LINE
  5
C69
100
AcDbEntity
  8
0
  6
ByLayer
 62
    0
370
   -1
100
AcDbLine
 10
0.5787037037037037
 20
0.2426564495530013
 11
0.6082375478927203
 21
0.2426564495530013
  0
LINE
  5
C6A
100
AcDbEntity
  8
0
  6
ByLayer
 62
    0
370
   -1
100
AcDbLine
 10
0.5787037037037037
 20
0.2426564495530013
 11
0.5787037037037037
 21
0.2426564495530013
  0
LINE
  5
C6B
100
AcDbEntity
  8
0
  6
ByLayer
 62
    0
370
   -1
100
AcDbLine
 10
0.5787037037037037
 20
0.2426564495530013
 11
0.6082375478927203
 21
0.2426564495530013
  0
LINE
  5
C6C
100
AcDbEntity
  8
0
  6
ByLayer
 62
    0
370
   -1
100
AcDbLine
 10
0.6082375478927203
 20
0.2426564495530013
 11
0.6082375478927203
 21
0.2426564495530013
  0
LINE
  5
C6D
100
AcDbEntity
  8
0
  6
ByLayer
 62
    0
370
   -1
100
AcDbLine
 10
0.6082375478927203
 20
0.2426564495530013
 11
0.6082375478927203
 21
0.0049489144316731
  0
LINE
  5
C6E
100
AcDbEntity
  8
0
  6
ByLayer
 62
    0
370
   -1
100
AcDbLine
 10
0.6082375478927203
 20
0.2426564495530013
 11
0.6082375478927203
 21
0.2426564495530013
  0
LINE
  5
C6F
100
AcDbEntity
  8
0
  6
ByLayer
 62
    0
370
   -1
100
AcDbLine
 10
0.6082375478927203
 20
0.2426564495530013
 11
0.6082375478927203
 21
0.0049489144316731
  0
LINE
  5
C70
100
AcDbEntity
  8
0
  6
ByLayer
 62
    0
370
   -1
100
AcDbLine
 10
0.6082375478927203
 20
0.0049489144316731
 11
0.6082375478927203
 21
0.0049489144316731
  0
LINE
  5
C71
100
AcDbEntity
  8
0
  6
ByLayer
 62
    0
370
   -1
100
AcDbLine
 10
0.6564495530012772
 20
0.0049489144316731
 11
0.6564495530012772
 21
0.2426564495530013
  0
LINE
  5
C72
100
AcDbEntity
  8
0
  6
ByLayer
 62
    0
370
   -1
100
AcDbLine
 10
0.8050766283524905
 20
0.0049489144316731
 11
0.6564495530012772
 21
0.0049489144316731
  0
LINE
  5
C73
100
AcDbEntity
  8
0
  6
ByLayer
 62
    0
370
   -1
100
AcDbLine
 10
0.8050766283524905
 20
0.0330459770114943
 11
0.8050766283524905
 21
0.0049489144316731
  0
LINE
  5
C74
100
AcDbEntity
  8
0
  6
ByLayer
 62
    0
370
   -1
100
AcDbLine
 10
0.6880587484035759
 20
0.0330459770114943
 11
0.8050766283524905
 21
0.0330459770114943
  0
LINE
  5
C75
100
AcDbEntity
  8
0
  6
ByLayer
 62
    0
370
   -1
100
AcDbLine
 10
0.6880587484035759
 20
0.1213282247765006
 11
0.6880587484035759
 21
0.0330459770114943
  0
LINE
  5
C76
100
AcDbEntity
  8
0
  6
ByLayer
 62
    0
370
   -1
100
AcDbLine
 10
0.7970945083014048
 20
0.1213282247765006
 11
0.6880587484035759
 21
0.1213282247765006
  0
LINE
  5
C77
100
AcDbEntity
  8
0
  6
ByLayer
 62
    0
370
   -1
100
AcDbLine
 10
0.7970945083014048
 20
0.1494252873563219
 11
0.7970945083014048
 21
0.1213282247765006
  0
LINE
  5
C78
100
AcDbEntity
  8
0
  6
ByLayer
 62
    0
370
   -1
100
AcDbLine
 10
0.6880587484035759
 20
0.1494252873563219
 11
0.7970945083014048
 21
0.1494252873563219
  0
LINE
  5
C79
100
AcDbEntity
  8
0
  6
ByLayer
 62
    0
370
   -1
100
AcDbLine
 10
0.6880587484035759
 20
0.2145593869731801
 11
0.6880587484035759
 21
0.1494252873563219
  0
LINE
  5
C7A
100
AcDbEntity
  8
0
  6
ByLayer
 62
    0
370
   -1
100
AcDbLine
 10
0.8050766283524905
 20
0.2145593869731801
 11
0.6880587484035759
 21
0.2145593869731801
  0
LINE
  5
C7B
100
AcDbEntity
  8
0
  6
ByLayer
 62
    0
370
   -1
100
AcDbLine
 10
0.8050766283524905
 20
0.2426564495530013
 11
0.8050766283524905
 21
0.2145593869731801
  0
LINE
  5
C7C
100
AcDbEntity
  8
0
  6
ByLayer
 62
    0
370
   -1
100
AcDbLine
 10
0.6564495530012772
 20
0.2426564495530013
 11
0.8050766283524905
 21
0.2426564495530013
  0
LINE
  5
C7D
100
AcDbEntity
  8
0
  6
ByLayer
 62
    0
370
   -1
100
AcDbLine
 10
0.6564495530012772
 20
0.0049489144316731
 11
0.6564495530012772
 21
0.2426564495530013
  0
LINE
  5
C7E
100
AcDbEntity
  8
0
  6
ByLayer
 62
    0
370
   -1
100
AcDbLine
 10
0.6564495530012772
 20
0.0049489144316731
 11
0.6564495530012772
 21
0.0049489144316731
  0
LINE
  5
C7F
100
AcDbEntity
  8
0
  6
ByLayer
 62
    0
370
   -1
100
AcDbLine
 10
0.6564495530012772
 20
0.0049489144316731
 11
0.6564495530012772
 21
0.2426564495530013
  0
LINE
  5
C80
100
AcDbEntity
  8
0
  6
ByLayer
 62
    0
370
   -1
100
AcDbLine
 10
0.6564495530012772
 20
0.2426564495530013
 11
0.6564495530012772
 21
0.2426564495530013
  0
LINE
  5
C81
100
AcDbEntity
  8
0
  6
ByLayer
 62
    0
370
   -1
100
AcDbLine
 10
0.6564495530012772
 20
0.2426564495530013
 11
0.8050766283524905
 21
0.2426564495530013
  0
LINE
  5
C82
100
AcDbEntity
  8
0
  6
ByLayer
 62
    0
370
   -1
100
AcDbLine
 10
0.6564495530012772
 20
0.2426564495530013
 11
0.6564495530012772
 21
0.2426564495530013
  0
LINE
  5
C83
100
AcDbEntity
  8
0
  6
ByLayer
 62
    0
370
   -1
100
AcDbLine
 10
0.6564495530012772
 20
0.2426564495530013
 11
0.8050766283524905
 21
0.2426564495530013
  0
LINE
  5
C84
100
AcDbEntity
  8
0
  6
ByLayer
 62
    0
370
   -1
100
AcDbLine
 10
0.8050766283524905
 20
0.2426564495530013
 11
0.8050766283524905
 21
0.2426564495530013
  0
LINE
  5
C85
100
AcDbEntity
  8
0
  6
ByLayer
 62
    0
370
   -1
100
AcDbLine
 10
0.8050766283524905
 20
0.2426564495530013
 11
0.8050766283524905
 21
0.2145593869731801
  0
LINE
  5
C86
100
AcDbEntity
  8
0
  6
ByLayer
 62
    0
370
   -1
100
AcDbLine
 10
0.8050766283524905
 20
0.2426564495530013
 11
0.8050766283524905
 21
0.2426564495530013
  0
LINE
  5
C87
100
AcDbEntity
  8
0
  6
ByLayer
 62
    0
370
   -1
100
AcDbLine
 10
0.8050766283524905
 20
0.2426564495530013
 11
0.8050766283524905
 21
0.2145593869731801
  0
LINE
  5
C88
100
AcDbEntity
  8
0
  6
ByLayer
 62
    0
370
   -1
100
AcDbLine
 10
0.8050766283524905
 20
0.2145593869731801
 11
0.8050766283524905
 21
0.2145593869731801
  0
LINE
  5
C89
100
AcDbEntity
  8
0
  6
ByLayer
 62
    0
370
   -1
100
AcDbLine
 10
0.8050766283524905
 20
0.2145593869731801
 11
0.6880587484035759
 21
0.2145593869731801
  0
LINE
  5
C8A
100
AcDbEntity
  8
0
  6
ByLayer
 62
    0
370
   -1
100
AcDbLine
 10
0.8050766283524905
 20
0.2145593869731801
 11
0.8050766283524905
 21
0.2145593869731801
  0
LINE
  5
C8B
100
AcDbEntity
  8
0
  6
ByLayer
 62
    0
370
   -1
100
AcDbLine
 10
0.8050766283524905
 20
0.2145593869731801
 11
0.6880587484035759
 21
0.2145593869731801
  0
LINE
  5
C8C
100
AcDbEntity
  8
0
  6
ByLayer
 62
    0
370
   -1
100
AcDbLine
 10
0.6880587484035759
 20
0.2145593869731801
 11
0.6880587484035759
 21
0.2145593869731801
  0
LINE
  5
C8D
100
AcDbEntity
  8
0
  6
ByLayer
 62
    0
370
   -1
100
AcDbLine
 10
0.6880587484035759
 20
0.2145593869731801
 11
0.6880587484035759
 21
0.1494252873563219
  0
LINE
  5
C8E
100
AcDbEntity
  8
0
  6
ByLayer
 62
    0
370
   -1
100
AcDbLine
 10
0.6880587484035759
 20
0.2145593869731801
 11
0.6880587484035759
 21
0.2145593869731801
  0
LINE
  5
C8F
100
AcDbEntity
  8
0
  6
ByLayer
 62
    0
370
   -1
100
AcDbLine
 10
0.6880587484035759
 20
0.2145593869731801
 11
0.6880587484035759
 21
0.1494252873563219
  0
LINE
  5
C90
100
AcDbEntity
  8
0
  6
ByLayer
 62
    0
370
   -1
100
AcDbLine
 10
0.6880587484035759
 20
0.1494252873563219
 11
0.6880587484035759
 21
0.1494252873563219
  0
LINE
  5
C91
100
AcDbEntity
  8
0
  6
ByLayer
 62
    0
370
   -1
100
AcDbLine
 10
0.6880587484035759
 20
0.1494252873563219
 11
0.7970945083014048
 21
0.1494252873563219
  0
LINE
  5
C92
100
AcDbEntity
  8
0
  6
ByLayer
 62
    0
370
   -1
100
AcDbLine
 10
0.6880587484035759
 20
0.1494252873563219
 11
0.6880587484035759
 21
0.1494252873563219
  0
LINE
  5
C93
100
AcDbEntity
  8
0
  6
ByLayer
 62
    0
370
   -1
100
AcDbLine
 10
0.6880587484035759
 20
0.1494252873563219
 11
0.7970945083014048
 21
0.1494252873563219
  0
LINE
  5
C94
100
AcDbEntity
  8
0
  6
ByLayer
 62
    0
370
   -1
100
AcDbLine
 10
0.7970945083014048
 20
0.1494252873563219
 11
0.7970945083014048
 21
0.1494252873563219
  0
LINE
  5
C95
100
AcDbEntity
  8
0
  6
ByLayer
 62
    0
370
   -1
100
AcDbLine
 10
0.7970945083014048
 20
0.1494252873563219
 11
0.7970945083014048
 21
0.1213282247765006
  0
LINE
  5
C96
100
AcDbEntity
  8
0
  6
ByLayer
 62
    0
370
   -1
100
AcDbLine
 10
0.7970945083014048
 20
0.1494252873563219
 11
0.7970945083014048
 21
0.1494252873563219
  0
LINE
  5
C97
100
AcDbEntity
  8
0
  6
ByLayer
 62
    0
370
   -1
100
AcDbLine
 10
0.7970945083014048
 20
0.1494252873563219
 11
0.7970945083014048
 21
0.1213282247765006
  0
LINE
  5
C98
100
AcDbEntity
  8
0
  6
ByLayer
 62
    0
370
   -1
100
AcDbLine
 10
0.7970945083014048
 20
0.1213282247765006
 11
0.7970945083014048
 21
0.1213282247765006
  0
LINE
  5
C99
100
AcDbEntity
  8
0
  6
ByLayer
 62
    0
370
   -1
100
AcDbLine
 10
0.7970945083014048
 20
0.1213282247765006
 11
0.6880587484035759
 21
0.1213282247765006
  0
LINE
  5
C9A
100
AcDbEntity
  8
0
  6
ByLayer
 62
    0
370
   -1
100
AcDbLine
 10
0.7970945083014048
 20
0.1213282247765006
 11
0.7970945083014048
 21
0.1213282247765006
  0
LINE
  5
C9B
100
AcDbEntity
  8
0
  6
ByLayer
 62
    0
370
   -1
100
AcDbLine
 10
0.7970945083014048
 20
0.1213282247765006
 11
0.6880587484035759
 21
0.1213282247765006
  0
LINE
  5
C9C
100
AcDbEntity
  8
0
  6
ByLayer
 62
    0
370
   -1
100
AcDbLine
 10
0.6880587484035759
 20
0.1213282247765006
 11
0.6880587484035759
 21
0.1213282247765006
  0
LINE
  5
C9D
100
AcDbEntity
  8
0
  6
ByLayer
 62
    0
370
   -1
100
AcDbLine
 10
0.6880587484035759
 20
0.1213282247765006
 11
0.6880587484035759
 21
0.0330459770114943
  0
LINE
  5
C9E
100
AcDbEntity
  8
0
  6
ByLayer
 62
    0
370
   -1
100
AcDbLine
 10
0.6880587484035759
 20
0.1213282247765006
 11
0.6880587484035759
 21
0.1213282247765006
  0
LINE
  5
C9F
100
AcDbEntity
  8
0
  6
ByLayer
 62
    0
370
   -1
100
AcDbLine
 10
0.6880587484035759
 20
0.1213282247765006
 11
0.6880587484035759
 21
0.0330459770114943
  0
LINE
  5
CA0
100
AcDbEntity
  8
0
  6
ByLayer
 62
    0
370
   -1
100
AcDbLine
 10
0.6880587484035759
 20
0.0330459770114943
 11
0.6880587484035759
 21
0.0330459770114943
  0
LINE
  5
CA1
100
AcDbEntity
  8
0
  6
ByLayer
 62
    0
370
   -1
100
AcDbLine
 10
0.6880587484035759
 20
0.0330459770114943
 11
0.8050766283524905
 21
0.0330459770114943
  0
LINE
  5
CA2
100
AcDbEntity
  8
0
  6
ByLayer
 62
    0
370
   -1
100
AcDbLine
 10
0.6880587484035759
 20
0.0330459770114943
 11
0.6880587484035759
 21
0.0330459770114943
  0
LINE
  5
CA3
100
AcDbEntity
  8
0
  6
ByLayer
 62
    0
370
   -1
100
AcDbLine
 10
0.6880587484035759
 20
0.0330459770114943
 11
0.8050766283524905
 21
0.0330459770114943
  0
LINE
  5
CA4
100
AcDbEntity
  8
0
  6
ByLayer
 62
    0
370
   -1
100
AcDbLine
 10
0.8050766283524905
 20
0.0330459770114943
 11
0.8050766283524905
 21
0.0330459770114943
  0
LINE
  5
CA5
100
AcDbEntity
  8
0
  6
ByLayer
 62
    0
370
   -1
100
AcDbLine
 10
0.8050766283524905
 20
0.0330459770114943
 11
0.8050766283524905
 21
0.0049489144316731
  0
LINE
  5
CA6
100
AcDbEntity
  8
0
  6
ByLayer
 62
    0
370
   -1
100
AcDbLine
 10
0.8050766283524905
 20
0.0330459770114943
 11
0.8050766283524905
 21
0.0330459770114943
  0
LINE
  5
CA7
100
AcDbEntity
  8
0
  6
ByLayer
 62
    0
370
   -1
100
AcDbLine
 10
0.8050766283524905
 20
0.0330459770114943
 11
0.8050766283524905
 21
0.0049489144316731
  0
LINE
  5
CA8
100
AcDbEntity
  8
0
  6
ByLayer
 62
    0
370
   -1
100
AcDbLine
 10
0.8050766283524905
 20
0.0049489144316731
 11
0.8050766283524905
 21
0.0049489144316731
  0
LINE
  5
CA9
100
AcDbEntity
  8
0
  6
ByLayer
 62
    0
370
   -1
100
AcDbLine
 10
0.8050766283524905
 20
0.0049489144316731
 11
0.6564495530012772
 21
0.0049489144316731
  0
LINE
  5
CAA
100
AcDbEntity
  8
0
  6
ByLayer
 62
    0
370
   -1
100
AcDbLine
 10
0.8050766283524905
 20
0.0049489144316731
 11
0.8050766283524905
 21
0.0049489144316731
  0
LINE
  5
CAB
100
AcDbEntity
  8
0
  6
ByLayer
 62
    0
370
   -1
100
AcDbLine
 10
0.8050766283524905
 20
0.0049489144316731
 11
0.6564495530012772
 21
0.0049489144316731
  0
LINE
  5
CAC
100
AcDbEntity
  8
0
  6
ByLayer
 62
    0
370
   -1
100
AcDbLine
 10
0.6564495530012772
 20
0.0049489144316731
 11
0.6564495530012772
 21
0.0049489144316731
  0
LINE
  5
CAD
100
AcDbEntity
  8
0
  6
ByLayer
 62
    0
370
   -1
100
AcDbLine
 10
1.08205619412516
 20
0.0049489144316731
 11
0.935344827586207
 21
0.0049489144316731
  0
LINE
  5
CAE
100
AcDbEntity
  8
0
  6
ByLayer
 62
    0
370
   -1
100
AcDbLine
 10
1.08205619412516
 20
0.0322477650063857
 11
1.08205619412516
 21
0.0049489144316731
  0
LINE
  5
CAF
100
AcDbEntity
  8
0
  6
ByLayer
 62
    0
370
   -1
100
AcDbLine
 10
0.9651979565772669
 20
0.0322477650063857
 11
1.08205619412516
 21
0.0322477650063857
  0
LINE
  5
CB0
100
AcDbEntity
  8
0
  6
ByLayer
 62
    0
370
   -1
100
AcDbLine
 10
0.94029374201788
 20
0.1993933588761175
 11
0.94029374201788
 21
0.2332375478927203
  0
LINE
  5
CB1
100
AcDbEntity
  8
0
  6
ByLayer
 62
    0
370
   -1
100
AcDbLine
 10
0.9420498084291187
 20
0.1993933588761175
 11
0.94029374201788
 21
0.1993933588761175
  0
LINE
  5
CB2
100
AcDbEntity
  8
0
  6
ByLayer
 62
    0
370
   -1
100
AcDbLine
 10
0.935344827586207
 20
0.0049489144316731
 11
0.935344827586207
 21
0.0383141762452107
  0
LINE
  5
CB3
100
AcDbEntity
  8
0
  6
ByLayer
 62
    0
370
   -1
100
AcDbLine
 10
1.08205619412516
 20
0.0049489144316731
 11
0.935344827586207
 21
0.0049489144316731
  0
LINE
  5
CB4
100
AcDbEntity
  8
0
  6
ByLayer
 62
    0
370
   -1
100
AcDbLine
 10
1.08205619412516
 20
0.0049489144316731
 11
1.08205619412516
 21
0.0049489144316731
  0
LINE
  5
CB5
100
AcDbEntity
  8
0
  6
ByLayer
 62
    0
370
   -1
100
AcDbLine
 10
1.08205619412516
 20
0.0049489144316731
 11
0.935344827586207
 21
0.0049489144316731
  0
LINE
  5
CB6
100
AcDbEntity
  8
0
  6
ByLayer
 62
    0
370
   -1
100
AcDbLine
 10
0.935344827586207
 20
0.0049489144316731
 11
0.935344827586207
 21
0.0049489144316731
  0
LINE
  5
CB7
100
AcDbEntity
  8
0
  6
ByLayer
 62
    0
370
   -1
100
AcDbLine
 10
0.935344827586207
 20
0.0049489144316731
 11
0.935344827586207
 21
0.0383141762452107
  0
LINE
  5
CB8
100
AcDbEntity
  8
0
  6
ByLayer
 62
    0
370
   -1
100
AcDbLine
 10
0.935344827586207
 20
0.0049489144316731
 11
0.935344827586207
 21
0.0049489144316731
  0
LINE
  5
CB9
100
AcDbEntity
  8
0
  6
ByLayer
 62
    0
370
   -1
100
AcDbLine
 10
0.935344827586207
 20
0.0049489144316731
 11
0.935344827586207
 21
0.0383141762452107
  0
LINE
  5
CBA
100
AcDbEntity
  8
0
  6
ByLayer
 62
    0
370
   -1
100
AcDbLine
 10
0.935344827586207
 20
0.0383141762452107
 11
0.935344827586207
 21
0.0383141762452107
  0
LINE
  5
CBB
100
AcDbEntity
  8
0
  6
ByLayer
 62
    0
370
   -1
100
AcDbLine
 10
0.935344827586207
 20
0.0383141762452107
 11
0.935344827586207
 21
0.0383141762452107
  0
LINE
  5
CBC
100
AcDbEntity
  8
0
  6
ByLayer
 62
    0
370
   -1
100
AcDbLine
 10
0.9651979565772669
 20
0.0670498084291188
 11
0.9651979565772669
 21
0.0670498084291188
  0
LINE
  5
CBD
100
AcDbEntity
  8
0
  6
ByLayer
 62
    0
370
   -1
100
AcDbLine
 10
0.9651979565772669
 20
0.0670498084291188
 11
0.9651979565772669
 21
0.0670498084291188
  0
LINE
  5
CBE
100
AcDbEntity
  8
0
  6
ByLayer
 62
    0
370
   -1
100
AcDbLine
 10
0.9926564495530013
 20
0.09562579821200511
 11
0.9926564495530013
 21
0.09562579821200511
  0
LINE
  5
CBF
100
AcDbEntity
  8
0
  6
ByLayer
 62
    0
370
   -1
100
AcDbLine
 10
0.9926564495530013
 20
0.09562579821200511
 11
0.9926564495530013
 21
0.09562579821200511
  0
LINE
  5
CC0
100
AcDbEntity
  8
0
  6
ByLayer
 62
    0
370
   -1
100
AcDbLine
 10
1.015485312899106
 20
0.1225055874840357
 11
1.015485312899106
 21
0.1225055874840357
  0
LINE
  5
CC1
100
AcDbEntity
  8
0
  6
ByLayer
 62
    0
370
   -1
100
AcDbLine
 10
1.015485312899106
 20
0.1225055874840357
 11
1.015485312899106
 21
0.1225055874840357
  0
LINE
  5
CC2
100
AcDbEntity
  8
0
  6
ByLayer
 62
    0
370
   -1
100
AcDbLine
 10
1.029693486590038
 20
0.1434386973180077
 11
1.029693486590038
 21
0.1434386973180077
  0
LINE
  5
CC3
100
AcDbEntity
  8
0
  6
ByLayer
 62
    0
370
   -1
100
AcDbLine
 10
1.029693486590038
 20
0.1434386973180077
 11
1.029693486590038
 21
0.1434386973180077
  0
LINE
  5
CC4
100
AcDbEntity
  8
0
  6
ByLayer
 62
    0
370
   -1
100
AcDbLine
 10
1.037116858237548
 20
0.1616977969348659
 11
1.037116858237548
 21
0.1616977969348659
  0
LINE
  5
CC5
100
AcDbEntity
  8
0
  6
ByLayer
 62
    0
370
   -1
100
AcDbLine
 10
1.037116858237548
 20
0.1616977969348659
 11
1.037116858237548
 21
0.1616977969348659
  0
LINE
  5
CC6
100
AcDbEntity
  8
0
  6
ByLayer
 62
    0
370
   -1
100
AcDbLine
 10
1.039591315453384
 20
0.1805555555555556
 11
1.039591315453384
 21
0.1805555555555556
  0
LINE
  5
CC7
100
AcDbEntity
  8
0
  6
ByLayer
 62
    0
370
   -1
100
AcDbLine
 10
1.039591315453384
 20
0.1805555555555556
 11
1.039591315453384
 21
0.1805555555555556
  0
LINE
  5
CC8
100
AcDbEntity
  8
0
  6
ByLayer
 62
    0
370
   -1
100
AcDbLine
 10
1.036478288633461
 20
0.1979565772669221
 11
1.036478288633461
 21
0.1979565772669221
  0
LINE
  5
CC9
100
AcDbEntity
  8
0
  6
ByLayer
 62
    0
370
   -1
100
AcDbLine
 10
1.036478288633461
 20
0.1979565772669221
 11
1.036478288633461
 21
0.1979565772669221
  0
LINE
  5
CCA
100
AcDbEntity
  8
0
  6
ByLayer
 62
    0
370
   -1
100
AcDbLine
 10
1.027937420178799
 20
0.2104086845466156
 11
1.027937420178799
 21
0.2104086845466156
  0
LINE
  5
CCB
100
AcDbEntity
  8
0
  6
ByLayer
 62
    0
370
   -1
100
AcDbLine
 10
1.027937420178799
 20
0.2104086845466156
 11
1.027937420178799
 21
0.2104086845466156
  0
LINE
  5
CCC
100
AcDbEntity
  8
0
  6
ByLayer
 62
    0
370
   -1
100
AcDbLine
 10
1.015006385696041
 20
0.2175925925925926
 11
1.015006385696041
 21
0.2175925925925926
  0
LINE
  5
CCD
100
AcDbEntity
  8
0
  6
ByLayer
 62
    0
370
   -1
100
AcDbLine
 10
1.015006385696041
 20
0.2175925925925926
 11
1.015006385696041
 21
0.2175925925925926
  0
LINE
  5
CCE
100
AcDbEntity
  8
0
  6
ByLayer
 62
    0
370
   -1
100
AcDbLine
 10
0.9988825031928481
 20
0.2199872286079183
 11
0.9988825031928481
 21
0.2199872286079183
  0
LINE
  5
CCF
100
AcDbEntity
  8
0
  6
ByLayer
 62
    0
370
   -1
100
AcDbLine
 10
0.9988825031928481
 20
0.2199872286079183
 11
0.9988825031928481
 21
0.2199872286079183
  0
LINE
  5
CD0
100
AcDbEntity
  8
0
  6
ByLayer
 62
    0
370
   -1
100
AcDbLine
 10
0.981720945083014
 20
0.2178320561941252
 11
0.981720945083014
 21
0.2178320561941252
  0
LINE
  5
CD1
100
AcDbEntity
  8
0
  6
ByLayer
 62
    0
370
   -1
100
AcDbLine
 10
0.981720945083014
 20
0.2178320561941252
 11
0.981720945083014
 21
0.2178320561941252
  0
LINE
  5
CD2
100
AcDbEntity
  8
0
  6
ByLayer
 62
    0
370
   -1
100
AcDbLine
 10
0.9650383141762452
 20
0.2124840357598978
 11
0.9650383141762452
 21
0.2124840357598978
  0
LINE
  5
CD3
100
AcDbEntity
  8
0
  6
ByLayer
 62
    0
370
   -1
100
AcDbLine
 10
0.9650383141762452
 20
0.2124840357598978
 11
0.9650383141762452
 21
0.2124840357598978
  0
LINE
  5
CD4
100
AcDbEntity
  8
0
  6
ByLayer
 62
    0
370
   -1
100
AcDbLine
 10
0.9521072796934865
 20
0.2059386973180077
 11
0.9521072796934865
 21
0.2059386973180077
  0
LINE
  5
CD5
100
AcDbEntity
  8
0
  6
ByLayer
 62
    0
370
   -1
100
AcDbLine
 10
0.9521072796934865
 20
0.2059386973180077
 11
0.9521072796934865
 21
0.2059386973180077
  0
LINE
  5
CD6
100
AcDbEntity
  8
0
  6
ByLayer
 62
    0
370
   -1
100
AcDbLine
 10
0.9420498084291187
 20
0.1993933588761175
 11
0.9420498084291187
 21
0.1993933588761175
  0
LINE
  5
CD7
100
AcDbEntity
  8
0
  6
ByLayer
 62
    0
370
   -1
100
AcDbLine
 10
0.9420498084291187
 20
0.1993933588761175
 11
0.94029374201788
 21
0.1993933588761175
  0
LINE
  5
CD8
100
AcDbEntity
  8
0
  6
ByLayer
 62
    0
370
   -1
100
AcDbLine
 10
0.9420498084291187
 20
0.1993933588761175
 11
0.9420498084291187
 21
0.1993933588761175
  0
LINE
  5
CD9
100
AcDbEntity
  8
0
  6
ByLayer
 62
    0
370
   -1
100
AcDbLine
 10
0.9420498084291187
 20
0.1993933588761175
 11
0.94029374201788
 21
0.1993933588761175
  0
LINE
  5
CDA
100
AcDbEntity
  8
0
  6
ByLayer
 62
    0
370
   -1
100
AcDbLine
 10
0.94029374201788
 20
0.1993933588761175
 11
0.94029374201788
 21
0.1993933588761175
  0
LINE
  5
CDB
100
AcDbEntity
  8
0
  6
ByLayer
 62
    0
370
   -1
100
AcDbLine
 10
0.94029374201788
 20
0.1993933588761175
 11
0.94029374201788
 21
0.2332375478927203
  0
LINE
  5
CDC
100
AcDbEntity
  8
0
  6
ByLayer
 62
    0
370
   -1
100
AcDbLine
 10
0.94029374201788
 20
0.1993933588761175
 11
0.94029374201788
 21
0.1993933588761175
  0
LINE
  5
CDD
100
AcDbEntity
  8
0
  6
ByLayer
 62
    0
370
   -1
100
AcDbLine
 10
0.94029374201788
 20
0.1993933588761175
 11
0.94029374201788
 21
0.2332375478927203
  0
LINE
  5
CDE
100
AcDbEntity
  8
0
  6
ByLayer
 62
    0
370
   -1
100
AcDbLine
 10
0.94029374201788
 20
0.2332375478927203
 11
0.94029374201788
 21
0.2332375478927203
  0
LINE
  5
CDF
100
AcDbEntity
  8
0
  6
ByLayer
 62
    0
370
   -1
100
AcDbLine
 10
0.94029374201788
 20
0.2332375478927203
 11
0.94029374201788
 21
0.2332375478927203
  0
LINE
  5
CE0
100
AcDbEntity
  8
0
  6
ByLayer
 62
    0
370
   -1
100
AcDbLine
 10
0.9678320561941252
 20
0.2428959131545338
 11
0.9678320561941252
 21
0.2428959131545338
  0
LINE
  5
CE1
100
AcDbEntity
  8
0
  6
ByLayer
 62
    0
370
   -1
100
AcDbLine
 10
0.9678320561941252
 20
0.2428959131545338
 11
0.9678320561941252
 21
0.2428959131545338
  0
LINE
  5
CE2
100
AcDbEntity
  8
0
  6
ByLayer
 62
    0
370
   -1
100
AcDbLine
 10
0.9850135696040869
 20
0.2464280012771392
 11
0.9850135696040869
 21
0.2464280012771392
  0
LINE
  5
CE3
100
AcDbEntity
  8
0
  6
ByLayer
 62
    0
370
   -1
100
AcDbLine
 10
0.9850135696040869
 20
0.2464280012771392
 11
0.9850135696040869
 21
0.2464280012771392
  0
LINE
  5
CE4
100
AcDbEntity
  8
0
  6
ByLayer
 62
    0
370
   -1
100
AcDbLine
 10
1.001277139208174
 20
0.2476053639846744
 11
1.001277139208174
 21
0.2476053639846744
  0
LINE
  5
CE5
100
AcDbEntity
  8
0
  6
ByLayer
 62
    0
370
   -1
100
AcDbLine
 10
1.001277139208174
 20
0.2476053639846744
 11
1.001277139208174
 21
0.2476053639846744
  0
LINE
  5
CE6
100
AcDbEntity
  8
0
  6
ByLayer
 62
    0
370
   -1
100
AcDbLine
 10
1.016981960408684
 20
0.2465028336526181
 11
1.016981960408684
 21
0.2465028336526181
  0
LINE
  5
CE7
100
AcDbEntity
  8
0
  6
ByLayer
 62
    0
370
   -1
100
AcDbLine
 10
1.016981960408684
 20
0.2465028336526181
 11
1.016981960408684
 21
0.2465028336526181
  0
LINE
  5
CE8
100
AcDbEntity
  8
0
  6
ByLayer
 62
    0
370
   -1
100
AcDbLine
 10
1.030890804597701
 20
0.2431952426564496
 11
1.030890804597701
 21
0.2431952426564496
  0
LINE
  5
CE9
100
AcDbEntity
  8
0
  6
ByLayer
 62
    0
370
   -1
100
AcDbLine
 10
1.030890804597701
 20
0.2431952426564496
 11
1.030890804597701
 21
0.2431952426564496
  0
LINE
  5
CEA
100
AcDbEntity
  8
0
  6
ByLayer
 62
    0
370
   -1
100
AcDbLine
 10
1.043003671775223
 20
0.2376825909961686
 11
1.043003671775223
 21
0.2376825909961686
  0
LINE
  5
CEB
100
AcDbEntity
  8
0
  6
ByLayer
 62
    0
370
   -1
100
AcDbLine
 10
1.043003671775223
 20
0.2376825909961686
 11
1.043003671775223
 21
0.2376825909961686
  0
LINE
  5
CEC
100
AcDbEntity
  8
0
  6
ByLayer
 62
    0
370
   -1
100
AcDbLine
 10
1.053320561941252
 20
0.2299648786717752
 11
1.053320561941252
 21
0.2299648786717752
  0
LINE
  5
CED
100
AcDbEntity
  8
0
  6
ByLayer
 62
    0
370
   -1
100
AcDbLine
 10
1.053320561941252
 20
0.2299648786717752
 11
1.053320561941252
 21
0.2299648786717752
  0
LINE
  5
CEE
100
AcDbEntity
  8
0
  6
ByLayer
 62
    0
370
   -1
100
AcDbLine
 10
1.061562100893997
 20
0.2203613904853129
 11
1.061562100893997
 21
0.2203613904853129
  0
LINE
  5
CEF
100
AcDbEntity
  8
0
  6
ByLayer
 62
    0
370
   -1
100
AcDbLine
 10
1.061562100893997
 20
0.2203613904853129
 11
1.061562100893997
 21
0.2203613904853129
  0
LINE
  5
CF0
100
AcDbEntity
  8
0
  6
ByLayer
 62
    0
370
   -1
100
AcDbLine
 10
1.067448914431673
 20
0.209191411238825
 11
1.067448914431673
 21
0.209191411238825
  0
LINE
  5
CF1
100
AcDbEntity
  8
0
  6
ByLayer
 62
    0
370
   -1
100
AcDbLine
 10
1.067448914431673
 20
0.209191411238825
 11
1.067448914431673
 21
0.209191411238825
  0
LINE
  5
CF2
100
AcDbEntity
  8
0
  6
ByLayer
 62
    0
370
   -1
100
AcDbLine
 10
1.070981002554278
 20
0.1964549409323116
 11
1.070981002554278
 21
0.1964549409323116
  0
LINE
  5
CF3
100
AcDbEntity
  8
0
  6
ByLayer
 62
    0
370
   -1
100
AcDbLine
 10
1.070981002554278
 20
0.1964549409323116
 11
1.070981002554278
 21
0.1964549409323116
  0
LINE
  5
CF4
100
AcDbEntity
  8
0
  6
ByLayer
 62
    0
370
   -1
100
AcDbLine
 10
1.072158365261814
 20
0.1821519795657727
 11
1.072158365261814
 21
0.1821519795657727
  0
LINE
  5
CF5
100
AcDbEntity
  8
0
  6
ByLayer
 62
    0
370
   -1
100
AcDbLine
 10
1.072158365261814
 20
0.1821519795657727
 11
1.072158365261814
 21
0.1821519795657727
  0
LINE
  5
CF6
100
AcDbEntity
  8
0
  6
ByLayer
 62
    0
370
   -1
100
AcDbLine
 10
1.068885696040869
 20
0.1564495530012771
 11
1.068885696040869
 21
0.1564495530012771
  0
LINE
  5
CF7
100
AcDbEntity
  8
0
  6
ByLayer
 62
    0
370
   -1
100
AcDbLine
 10
1.068885696040869
 20
0.1564495530012771
 11
1.068885696040869
 21
0.1564495530012771
  0
LINE
  5
CF8
100
AcDbEntity
  8
0
  6
ByLayer
 62
    0
370
   -1
100
AcDbLine
 10
1.059865900383142
 20
0.1345785440613027
 11
1.059865900383142
 21
0.1345785440613027
  0
LINE
  5
CF9
100
AcDbEntity
  8
0
  6
ByLayer
 62
    0
370
   -1
100
AcDbLine
 10
1.059865900383142
 20
0.1345785440613027
 11
1.059865900383142
 21
0.1345785440613027
  0
LINE
  5
CFA
100
AcDbEntity
  8
0
  6
ByLayer
 62
    0
370
   -1
100
AcDbLine
 10
1.045657726692209
 20
0.1139846743295019
 11
1.045657726692209
 21
0.1139846743295019
  0
LINE
  5
CFB
100
AcDbEntity
  8
0
  6
ByLayer
 62
    0
370
   -1
100
AcDbLine
 10
1.045657726692209
 20
0.1139846743295019
 11
1.045657726692209
 21
0.1139846743295019
  0
LINE
  5
CFC
100
AcDbEntity
  8
0
  6
ByLayer
 62
    0
370
   -1
100
AcDbLine
 10
1.028097062579821
 20
0.0938697318007663
 11
1.028097062579821
 21
0.0938697318007663
  0
LINE
  5
CFD
100
AcDbEntity
  8
0
  6
ByLayer
 62
    0
370
   -1
100
AcDbLine
 10
1.028097062579821
 20
0.0938697318007663
 11
1.028097062579821
 21
0.0938697318007663
  0
LINE
  5
CFE
100
AcDbEntity
  8
0
  6
ByLayer
 62
    0
370
   -1
100
AcDbLine
 10
0.9946519795657727
 20
0.0600255427841635
 11
0.9946519795657727
 21
0.0600255427841635
  0
LINE
  5
CFF
100
AcDbEntity
  8
0
  6
ByLayer
 62
    0
370
   -1
100
AcDbLine
 10
0.9946519795657727
 20
0.0600255427841635
 11
0.9946519795657727
 21
0.0600255427841635
  0
LINE
  5
D00
100
AcDbEntity
  8
0
  6
ByLayer
 62
    0
370
   -1
100
AcDbLine
 10
0.9651979565772669
 20
0.0322477650063857
 11
0.9651979565772669
 21
0.0322477650063857
  0
LINE
  5
D01
100
AcDbEntity
  8
0
  6
ByLayer
 62
    0
370
   -1
100
AcDbLine
 10
0.9651979565772669
 20
0.0322477650063857
 11
1.08205619412516
 21
0.0322477650063857
  0
LINE
  5
D02
100
AcDbEntity
  8
0
  6
ByLayer
 62
    0
370
   -1
100
AcDbLine
 10
0.9651979565772669
 20
0.0322477650063857
 11
0.9651979565772669
 21
0.0322477650063857
  0
LINE
  5
D03
100
AcDbEntity
  8
0
  6
ByLayer
 62
    0
370
   -1
100
AcDbLine
 10
0.9651979565772669
 20
0.0322477650063857
 11
1.08205619412516
 21
0.0322477650063857
  0
LINE
  5
D04
100
AcDbEntity
  8
0
  6
ByLayer
 62
    0
370
   -1
100
AcDbLine
 10
1.08205619412516
 20
0.0322477650063857
 11
1.08205619412516
 21
0.0322477650063857
  0
LINE
  5
D05
100
AcDbEntity
  8
0
  6
ByLayer
 62
    0
370
   -1
100
AcDbLine
 10
1.08205619412516
 20
0.0322477650063857
 11
1.08205619412516
 21
0.0049489144316731
  0
LINE
  5
D06
100
AcDbEntity
  8
0
  6
ByLayer
 62
    0
370
   -1
100
AcDbLine
 10
1.08205619412516
 20
0.0322477650063857
 11
1.08205619412516
 21
0.0322477650063857
  0
LINE
  5
D07
100
AcDbEntity
  8
0
  6
ByLayer
 62
    0
370
   -1
100
AcDbLine
 10
1.08205619412516
 20
0.0322477650063857
 11
1.08205619412516
 21
0.0049489144316731
  0
LINE
  5
D08
100
AcDbEntity
  8
0
  6
ByLayer
 62
    0
370
   -1
100
AcDbLine
 10
1.08205619412516
 20
0.0049489144316731
 11
1.08205619412516
 21
0.0049489144316731
  0
ENDBLK
  5
60
330
5E
100
AcDbEntity
  8
0
100
AcDbBlockEnd
  0
BLOCK
  5
62
330
61
100
AcDbEntity
  8
0
100
AcDbBlockBegin
  2
GROUP6_1
 70
    0
 10
0
 20
0
  3
GROUP6_1
  1

  0
LINE
  5
D09
100
AcDbEntity
  8
0
  6
ByLayer
 62
    0
370
   -1
100
AcDbLine
 10
0
 20
-7.83999999999993
 11
0
 21
-2.88054262836057
  0
LINE
  5
D0A
100
AcDbEntity
  8
0
  6
ByLayer
 62
    0
370
   -1
100
AcDbLine
 10
0
 20
-2.88054262836057
 11
0
 21
0
  0
LINE
  5
D0B
100
AcDbEntity
  8
0
  6
ByLayer
 62
    0
370
   -1
100
AcDbLine
 10
0
 20
0
 11
-9.92875184086985
 21
0
  0
LINE
  5
D0C
100
AcDbEntity
  8
0
  6
ByLayer
 62
    0
370
   -1
100
AcDbLine
 10
-9.92875184086985
 20
0
 11
-9.92875184086985
 21
-7.83999999999993
  0
LINE
  5
D0D
100
AcDbEntity
  8
0
  6
ByLayer
 62
    0
370
   -1
100
AcDbLine
 10
-9.92875184086985
 20
-7.83999999999993
 11
0
 21
-7.83999999999993
  0
LINE
  5
D0E
100
AcDbEntity
  8
0
  6
ByLayer
 62
    0
370
   -1
100
AcDbLine
 10
0
 20
0
 11
0
 21
-2.88054262836057
  0
LINE
  5
D0F
100
AcDbEntity
  8
0
  6
ByLayer
 62
    0
370
   -1
100
AcDbLine
 10
0
 20
-2.88054262836057
 11
0
 21
-7.83999999999993
  0
LINE
  5
D10
100
AcDbEntity
  8
0
  6
ByLayer
 62
    0
370
   -1
100
AcDbLine
 10
0
 20
-7.83999999999993
 11
-9.92875184086985
 21
-7.83999999999993
  0
LINE
  5
D11
100
AcDbEntity
  8
0
  6
ByLayer
 62
    0
370
   -1
100
AcDbLine
 10
-9.92875184086985
 20
-7.83999999999993
 11
-9.92875184086985
 21
0
  0
LINE
  5
D12
100
AcDbEntity
  8
0
  6
ByLayer
 62
    0
370
   -1
100
AcDbLine
 10
-9.92875184086985
 20
0
 11
0
 21
0
  0
LINE
  5
D13
100
AcDbEntity
  8
0
  6
ByLayer
 62
    0
370
   -1
100
AcDbLine
 10
0
 20
0
 11
0
 21
0
  0
LINE
  5
D14
100
AcDbEntity
  8
0
  6
ByLayer
 62
    0
370
   -1
100
AcDbLine
 10
-9.92875184086985
 20
0
 11
0
 21
0
  0
LINE
  5
D15
100
AcDbEntity
  8
0
  6
ByLayer
 62
    0
370
   -1
100
AcDbLine
 10
-9.92875184086985
 20
0
 11
-9.92875184086985
 21
0
  0
LINE
  5
D16
100
AcDbEntity
  8
0
  6
ByLayer
 62
    0
370
   -1
100
AcDbLine
 10
0
 20
0
 11
-9.92875184086985
 21
0
  0
LINE
  5
D17
100
AcDbEntity
  8
0
  6
ByLayer
 62
    0
370
   -1
100
AcDbLine
 10
-9.92875184086985
 20
-7.83999999999993
 11
-9.92875184086985
 21
-7.83999999999993
  0
LINE
  5
D18
100
AcDbEntity
  8
0
  6
ByLayer
 62
    0
370
   -1
100
AcDbLine
 10
0
 20
-7.83999999999993
 11
-9.92875184086985
 21
-7.83999999999993
  0
LINE
  5
D19
100
AcDbEntity
  8
0
  6
ByLayer
 62
    0
370
   -1
100
AcDbLine
 10
0
 20
-7.83999999999993
 11
0
 21
-7.83999999999993
  0
LINE
  5
D1A
100
AcDbEntity
  8
0
  6
ByLayer
 62
    0
370
   -1
100
AcDbLine
 10
-9.92875184086985
 20
-7.83999999999993
 11
0
 21
-7.83999999999993
  0
LINE
  5
D1B
100
AcDbEntity
  8
0
  6
ByLayer
 62
    0
370
   -1
100
AcDbLine
 10
-9.92875184086985
 20
0
 11
-9.92875184086985
 21
0
  0
LINE
  5
D1C
100
AcDbEntity
  8
0
  6
ByLayer
 62
    0
370
   -1
100
AcDbLine
 10
-9.92875184086985
 20
-7.83999999999993
 11
-9.92875184086985
 21
0
  0
LINE
  5
D1D
100
AcDbEntity
  8
0
  6
ByLayer
 62
    0
370
   -1
100
AcDbLine
 10
-9.92875184086985
 20
-7.83999999999993
 11
-9.92875184086985
 21
-7.83999999999993
  0
LINE
  5
D1E
100
AcDbEntity
  8
0
  6
ByLayer
 62
    0
370
   -1
100
AcDbLine
 10
-9.92875184086985
 20
0
 11
-9.92875184086985
 21
-7.83999999999993
  0
LINE
  5
D1F
100
AcDbEntity
  8
0
  6
ByLayer
 62
    0
370
   -1
100
AcDbLine
 10
0
 20
-7.83999999999993
 11
0
 21
-7.83999999999993
  0
LINE
  5
D20
100
AcDbEntity
  8
0
  6
ByLayer
 62
    0
370
   -1
100
AcDbLine
 10
0
 20
-2.88054262836057
 11
0
 21
-7.83999999999993
  0
LINE
  5
D21
100
AcDbEntity
  8
0
  6
ByLayer
 62
    0
370
   -1
100
AcDbLine
 10
0
 20
-2.88054262836057
 11
0
 21
-2.88054262836057
  0
LINE
  5
D22
100
AcDbEntity
  8
0
  6
ByLayer
 62
    0
370
   -1
100
AcDbLine
 10
0
 20
-7.83999999999993
 11
0
 21
-2.88054262836057
  0
LINE
  5
D23
100
AcDbEntity
  8
0
  6
ByLayer
 62
    0
370
   -1
100
AcDbLine
 10
0
 20
-2.88054262836057
 11
0
 21
-2.88054262836057
  0
LINE
  5
D24
100
AcDbEntity
  8
0
  6
ByLayer
 62
    0
370
   -1
100
AcDbLine
 10
0
 20
0
 11
0
 21
-2.88054262836057
  0
LINE
  5
D25
100
AcDbEntity
  8
0
  6
ByLayer
 62
    0
370
   -1
100
AcDbLine
 10
0
 20
0
 11
0
 21
0
  0
LINE
  5
D26
100
AcDbEntity
  8
0
  6
ByLayer
 62
    0
370
   -1
100
AcDbLine
 10
0
 20
-2.88054262836057
 11
0
 21
0
  0
ENDBLK
  5
63
330
61
100
AcDbEntity
  8
0
100
AcDbBlockEnd
  0
BLOCK
  5
65
330
64
100
AcDbEntity
  8
0
100
AcDbBlockBegin
  2
GROUP3_1
 70
    0
 10
0
 20
0
  3
GROUP3_1
  1

  0
LINE
  5
D27
100
AcDbEntity
  8
0
  6
ByLayer
 62
    0
370
   -1
100
AcDbLine
 10
0
 20
-2.38564194269223
 11
0
 21
-2.38564194269223
  0
LINE
  5
D28
100
AcDbEntity
  8
0
  6
ByLayer
 62
    0
370
   -1
100
AcDbLine
 10
0
 20
-2.38564194269223
 11
11.2523491549828
 21
-2.38564194269223
  0
LINE
  5
D29
100
AcDbEntity
  8
0
  6
ByLayer
 62
    0
370
   -1
100
AcDbLine
 10
11.2523491549828
 20
-2.38564194269223
 11
11.2523491549828
 21
-2.38564194269223
  0
LINE
  5
D2A
100
AcDbEntity
  8
0
  6
ByLayer
 62
    0
370
   -1
100
AcDbLine
 10
11.2523491549828
 20
-2.38564194269223
 11
0
 21
-2.38564194269223
  0
LINE
  5
D2B
100
AcDbEntity
  8
0
  6
ByLayer
 62
    0
370
   -1
100
AcDbLine
 10
11.2523491549828
 20
0
 11
11.2523491549828
 21
0
  0
LINE
  5
D2C
100
AcDbEntity
  8
0
  6
ByLayer
 62
    0
370
   -1
100
AcDbLine
 10
11.2523491549828
 20
0
 11
0
 21
0
  0
LINE
  5
D2D
100
AcDbEntity
  8
0
  6
ByLayer
 62
    0
370
   -1
100
AcDbLine
 10
0
 20
0
 11
0
 21
0
  0
LINE
  5
D2E
100
AcDbEntity
  8
0
  6
ByLayer
 62
    0
370
   -1
100
AcDbLine
 10
0
 20
0
 11
11.2523491549828
 21
0
  0
LINE
  5
D2F
100
AcDbEntity
  8
0
  6
ByLayer
 62
    0
370
   -1
100
AcDbLine
 10
11.2523491549828
 20
-2.38564194269223
 11
11.2523491549828
 21
0
  0
LINE
  5
D30
100
AcDbEntity
  8
0
  6
ByLayer
 62
    0
370
   -1
100
AcDbLine
 10
0
 20
0
 11
11.2523491549828
 21
0
  0
LINE
  5
D31
100
AcDbEntity
  8
0
  6
ByLayer
 62
    0
370
   -1
100
AcDbLine
 10
0
 20
0
 11
0
 21
-2.38564194269223
  0
LINE
  5
D32
100
AcDbEntity
  8
0
  6
ByLayer
 62
    0
370
   -1
100
AcDbLine
 10
11.2523491549828
 20
-2.38564194269223
 11
0
 21
-2.38564194269223
  0
LINE
  5
D33
100
AcDbEntity
  8
0
  6
ByLayer
 62
    0
370
   -1
100
AcDbLine
 10
11.2523491549828
 20
0
 11
11.2523491549828
 21
-2.38564194269223
  0
LINE
  5
D34
100
AcDbEntity
  8
0
  6
ByLayer
 62
    0
370
   -1
100
AcDbLine
 10
0
 20
-2.38564194269223
 11
11.2523491549828
 21
-2.38564194269223
  0
LINE
  5
D35
100
AcDbEntity
  8
0
  6
ByLayer
 62
    0
370
   -1
100
AcDbLine
 10
0
 20
-2.38564194269223
 11
0
 21
0
  0
LINE
  5
D36
100
AcDbEntity
  8
0
  6
ByLayer
 62
    0
370
   -1
100
AcDbLine
 10
11.2523491549828
 20
0
 11
0
 21
0
  0
LINE
  5
D37
100
AcDbEntity
  8
0
  6
ByLayer
 62
    0
370
   -1
100
AcDbLine
 10
11.2523491549828
 20
-2.38564194269223
 11
11.2523491549828
 21
-2.38564194269223
  0
LINE
  5
D38
100
AcDbEntity
  8
0
  6
ByLayer
 62
    0
370
   -1
100
AcDbLine
 10
11.2523491549828
 20
0
 11
11.2523491549828
 21
-2.38564194269223
  0
LINE
  5
D39
100
AcDbEntity
  8
0
  6
ByLayer
 62
    0
370
   -1
100
AcDbLine
 10
11.2523491549828
 20
0
 11
11.2523491549828
 21
0
  0
LINE
  5
D3A
100
AcDbEntity
  8
0
  6
ByLayer
 62
    0
370
   -1
100
AcDbLine
 10
11.2523491549828
 20
-2.38564194269223
 11
11.2523491549828
 21
0
  0
LINE
  5
D3B
100
AcDbEntity
  8
0
  6
ByLayer
 62
    0
370
   -1
100
AcDbLine
 10
0
 20
0
 11
0
 21
0
  0
LINE
  5
D3C
100
AcDbEntity
  8
0
  6
ByLayer
 62
    0
370
   -1
100
AcDbLine
 10
0
 20
-2.38564194269223
 11
0
 21
0
  0
LINE
  5
D3D
100
AcDbEntity
  8
0
  6
ByLayer
 62
    0
370
   -1
100
AcDbLine
 10
0
 20
-2.38564194269223
 11
0
 21
-2.38564194269223
  0
LINE
  5
D3E
100
AcDbEntity
  8
0
  6
ByLayer
 62
    0
370
   -1
100
AcDbLine
 10
0
 20
0
 11
0
 21
-2.38564194269223
  0
ENDBLK
  5
66
330
64
100
AcDbEntity
  8
0
100
AcDbBlockEnd
  0
BLOCK
  5
68
330
67
100
AcDbEntity
  8
0
100
AcDbBlockBegin
  2
GROUP9_1
 70
    0
 10
0
 20
0
  3
GROUP9_1
  1

  0
LINE
  5
D3F
100
AcDbEntity
  8
0
  6
ByLayer
 62
    0
370
   -1
100
AcDbLine
 10
0
 20
-4.95945737163936
 11
0
 21
-4.95945737163936
  0
LINE
  5
D40
100
AcDbEntity
  8
0
  6
ByLayer
 62
    0
370
   -1
100
AcDbLine
 10
0
 20
-4.95945737163936
 11
0
 21
0
  0
LINE
  5
D41
100
AcDbEntity
  8
0
  6
ByLayer
 62
    0
370
   -1
100
AcDbLine
 10
0
 20
0
 11
0
 21
0
  0
LINE
  5
D42
100
AcDbEntity
  8
0
  6
ByLayer
 62
    0
370
   -1
100
AcDbLine
 10
0
 20
0
 11
0
 21
-4.95945737163936
  0
LINE
  5
D43
100
AcDbEntity
  8
0
  6
ByLayer
 62
    0
370
   -1
100
AcDbLine
 10
-1.2274798136492
 20
0
 11
-1.2274798136492
 21
0
  0
LINE
  5
D44
100
AcDbEntity
  8
0
  6
ByLayer
 62
    0
370
   -1
100
AcDbLine
 10
-1.2274798136492
 20
0
 11
-1.2274798136492
 21
-4.95945737163936
  0
LINE
  5
D45
100
AcDbEntity
  8
0
  6
ByLayer
 62
    0
370
   -1
100
AcDbLine
 10
-1.2274798136492
 20
-4.95945737163936
 11
-1.2274798136492
 21
-4.95945737163936
  0
LINE
  5
D46
100
AcDbEntity
  8
0
  6
ByLayer
 62
    0
370
   -1
100
AcDbLine
 10
-1.2274798136492
 20
-4.95945737163936
 11
-1.2274798136492
 21
0
  0
LINE
  5
D47
100
AcDbEntity
  8
0
  6
ByLayer
 62
    0
370
   -1
100
AcDbLine
 10
-1.2274798136492
 20
-4.95945737163936
 11
-1.2274798136492
 21
-4.95945737163936
  0
LINE
  5
D48
100
AcDbEntity
  8
0
  6
ByLayer
 62
    0
370
   -1
100
AcDbLine
 10
-1.2274798136492
 20
-4.95945737163936
 11
0
 21
-4.95945737163936
  0
LINE
  5
D49
100
AcDbEntity
  8
0
  6
ByLayer
 62
    0
370
   -1
100
AcDbLine
 10
0
 20
-4.95945737163936
 11
0
 21
-4.95945737163936
  0
LINE
  5
D4A
100
AcDbEntity
  8
0
  6
ByLayer
 62
    0
370
   -1
100
AcDbLine
 10
0
 20
-4.95945737163936
 11
-1.2274798136492
 21
-4.95945737163936
  0
LINE
  5
D4B
100
AcDbEntity
  8
0
  6
ByLayer
 62
    0
370
   -1
100
AcDbLine
 10
0
 20
0
 11
0
 21
0
  0
LINE
  5
D4C
100
AcDbEntity
  8
0
  6
ByLayer
 62
    0
370
   -1
100
AcDbLine
 10
0
 20
0
 11
-1.2274798136492
 21
0
  0
LINE
  5
D4D
100
AcDbEntity
  8
0
  6
ByLayer
 62
    0
370
   -1
100
AcDbLine
 10
-1.2274798136492
 20
0
 11
-1.2274798136492
 21
0
  0
LINE
  5
D4E
100
AcDbEntity
  8
0
  6
ByLayer
 62
    0
370
   -1
100
AcDbLine
 10
-1.2274798136492
 20
0
 11
0
 21
0
  0
LINE
  5
D4F
100
AcDbEntity
  8
0
  6
ByLayer
 62
    0
370
   -1
100
AcDbLine
 10
0
 20
-4.95945737163936
 11
0
 21
0
  0
LINE
  5
D50
100
AcDbEntity
  8
0
  6
ByLayer
 62
    0
370
   -1
100
AcDbLine
 10
-1.2274798136492
 20
-4.95945737163936
 11
0
 21
-4.95945737163936
  0
LINE
  5
D51
100
AcDbEntity
  8
0
  6
ByLayer
 62
    0
370
   -1
100
AcDbLine
 10
-1.2274798136492
 20
0
 11
-1.2274798136492
 21
-4.95945737163936
  0
LINE
  5
D52
100
AcDbEntity
  8
0
  6
ByLayer
 62
    0
370
   -1
100
AcDbLine
 10
0
 20
0
 11
-1.2274798136492
 21
0
  0
LINE
  5
D53
100
AcDbEntity
  8
0
  6
ByLayer
 62
    0
370
   -1
100
AcDbLine
 10
0
 20
0
 11
0
 21
-4.95945737163936
  0
LINE
  5
D54
100
AcDbEntity
  8
0
  6
ByLayer
 62
    0
370
   -1
100
AcDbLine
 10
-1.2274798136492
 20
0
 11
0
 21
0
  0
LINE
  5
D55
100
AcDbEntity
  8
0
  6
ByLayer
 62
    0
370
   -1
100
AcDbLine
 10
-1.2274798136492
 20
-4.95945737163936
 11
-1.2274798136492
 21
0
  0
LINE
  5
D56
100
AcDbEntity
  8
0
  6
ByLayer
 62
    0
370
   -1
100
AcDbLine
 10
0
 20
-4.95945737163936
 11
-1.2274798136492
 21
-4.95945737163936
  0
ENDBLK
  5
69
330
67
100
AcDbEntity
  8
0
100
AcDbBlockEnd
  0
BLOCK
  5
6B
330
6A
100
AcDbEntity
  8
0
100
AcDbBlockBegin
  2
GROUP2_1
 70
    0
 10
0
 20
0
  3
GROUP2_1
  1

  0
LINE
  5
D57
100
AcDbEntity
  8
0
  6
ByLayer
 62
    0
370
   -1
100
AcDbLine
 10
0
 20
2.95500146330422
 11
0
 21
2.95500146330422
  0
LINE
  5
D58
100
AcDbEntity
  8
0
  6
ByLayer
 62
    0
370
   -1
100
AcDbLine
 10
0
 20
2.95500146330422
 11
-6.33484311797124
 21
2.95500146330422
  0
LINE
  5
D59
100
AcDbEntity
  8
0
  6
ByLayer
 62
    0
370
   -1
100
AcDbLine
 10
-6.33484311797124
 20
2.95500146330422
 11
-6.33484311797124
 21
2.95500146330422
  0
LINE
  5
D5A
100
AcDbEntity
  8
0
  6
ByLayer
 62
    0
370
   -1
100
AcDbLine
 10
-6.33484311797124
 20
2.95500146330422
 11
0
 21
2.95500146330422
  0
LINE
  5
D5B
100
AcDbEntity
  8
0
  6
ByLayer
 62
    0
370
   -1
100
AcDbLine
 10
-6.33484311797124
 20
0
 11
-6.33484311797124
 21
0
  0
LINE
  5
D5C
100
AcDbEntity
  8
0
  6
ByLayer
 62
    0
370
   -1
100
AcDbLine
 10
-6.33484311797124
 20
0
 11
0
 21
0
  0
LINE
  5
D5D
100
AcDbEntity
  8
0
  6
ByLayer
 62
    0
370
   -1
100
AcDbLine
 10
0
 20
0
 11
0
 21
0
  0
LINE
  5
D5E
100
AcDbEntity
  8
0
  6
ByLayer
 62
    0
370
   -1
100
AcDbLine
 10
0
 20
0
 11
-6.33484311797124
 21
0
  0
LINE
  5
D5F
100
AcDbEntity
  8
0
  6
ByLayer
 62
    0
370
   -1
100
AcDbLine
 10
0
 20
0
 11
0
 21
2.95500146330422
  0
LINE
  5
D60
100
AcDbEntity
  8
0
  6
ByLayer
 62
    0
370
   -1
100
AcDbLine
 10
-6.33484311797124
 20
2.95500146330422
 11
0
 21
2.95500146330422
  0
LINE
  5
D61
100
AcDbEntity
  8
0
  6
ByLayer
 62
    0
370
   -1
100
AcDbLine
 10
-6.33484311797124
 20
2.95500146330422
 11
-6.33484311797124
 21
0
  0
LINE
  5
D62
100
AcDbEntity
  8
0
  6
ByLayer
 62
    0
370
   -1
100
AcDbLine
 10
0
 20
0
 11
-6.33484311797124
 21
0
  0
LINE
  5
D63
100
AcDbEntity
  8
0
  6
ByLayer
 62
    0
370
   -1
100
AcDbLine
 10
0
 20
2.95500146330422
 11
0
 21
0
  0
LINE
  5
D64
100
AcDbEntity
  8
0
  6
ByLayer
 62
    0
370
   -1
100
AcDbLine
 10
-6.33484311797124
 20
0
 11
0
 21
0
  0
LINE
  5
D65
100
AcDbEntity
  8
0
  6
ByLayer
 62
    0
370
   -1
100
AcDbLine
 10
-6.33484311797124
 20
0
 11
-6.33484311797124
 21
2.95500146330422
  0
LINE
  5
D66
100
AcDbEntity
  8
0
  6
ByLayer
 62
    0
370
   -1
100
AcDbLine
 10
0
 20
2.95500146330422
 11
-6.33484311797124
 21
2.95500146330422
  0
LINE
  5
D67
100
AcDbEntity
  8
0
  6
ByLayer
 62
    0
370
   -1
100
AcDbLine
 10
0
 20
0
 11
0
 21
0
  0
LINE
  5
D68
100
AcDbEntity
  8
0
  6
ByLayer
 62
    0
370
   -1
100
AcDbLine
 10
0
 20
2.95500146330422
 11
0
 21
0
  0
LINE
  5
D69
100
AcDbEntity
  8
0
  6
ByLayer
 62
    0
370
   -1
100
AcDbLine
 10
0
 20
2.95500146330422
 11
0
 21
2.95500146330422
  0
LINE
  5
D6A
100
AcDbEntity
  8
0
  6
ByLayer
 62
    0
370
   -1
100
AcDbLine
 10
0
 20
0
 11
0
 21
2.95500146330422
  0
LINE
  5
D6B
100
AcDbEntity
  8
0
  6
ByLayer
 62
    0
370
   -1
100
AcDbLine
 10
-6.33484311797124
 20
2.95500146330422
 11
-6.33484311797124
 21
2.95500146330422
  0
LINE
  5
D6C
100
AcDbEntity
  8
0
  6
ByLayer
 62
    0
370
   -1
100
AcDbLine
 10
-6.33484311797124
 20
0
 11
-6.33484311797124
 21
2.95500146330422
  0
LINE
  5
D6D
100
AcDbEntity
  8
0
  6
ByLayer
 62
    0
370
   -1
100
AcDbLine
 10
-6.33484311797124
 20
0
 11
-6.33484311797124
 21
0
  0
LINE
  5
D6E
100
AcDbEntity
  8
0
  6
ByLayer
 62
    0
370
   -1
100
AcDbLine
 10
-6.33484311797124
 20
2.95500146330422
 11
-6.33484311797124
 21
0
  0
ENDBLK
  5
6C
330
6A
100
AcDbEntity
  8
0
100
AcDbBlockEnd
  0
BLOCK
  5
6E
330
6D
100
AcDbEntity
  8
0
100
AcDbBlockBegin
  2
GROUP5_1
 70
    0
 10
0
 20
0
  3
GROUP5_1
  1

  0
LINE
  5
D6F
100
AcDbEntity
  8
0
  6
ByLayer
 62
    0
370
   -1
100
AcDbLine
 10
0
 20
16.2081067150337
 11
0
 21
0
  0
LINE
  5
D70
100
AcDbEntity
  8
0
  6
ByLayer
 62
    0
370
   -1
100
AcDbLine
 10
0
 20
0
 11
-6.63876425591705
 21
0
  0
LINE
  5
D71
100
AcDbEntity
  8
0
  6
ByLayer
 62
    0
370
   -1
100
AcDbLine
 10
-6.63876425591705
 20
0
 11
-6.63876425591705
 21
2.38564194269223
  0
LINE
  5
D72
100
AcDbEntity
  8
0
  6
ByLayer
 62
    0
370
   -1
100
AcDbLine
 10
-6.63876425591705
 20
2.38564194269223
 11
-6.63876425591705
 21
2.48564194269209
  0
LINE
  5
D73
100
AcDbEntity
  8
0
  6
ByLayer
 62
    0
370
   -1
100
AcDbLine
 10
-6.63876425591705
 20
2.48564194269209
 11
-6.63876425591705
 21
8.14064194269222
  0
LINE
  5
D74
100
AcDbEntity
  8
0
  6
ByLayer
 62
    0
370
   -1
100
AcDbLine
 10
-6.63876425591705
 20
8.14064194269222
 11
-6.63876425591705
 21
16.2081067150337
  0
LINE
  5
D75
100
AcDbEntity
  8
0
  6
ByLayer
 62
    0
370
   -1
100
AcDbLine
 10
-6.63876425591705
 20
16.2081067150337
 11
0
 21
16.2081067150337
  0
LINE
  5
D76
100
AcDbEntity
  8
0
  6
ByLayer
 62
    0
370
   -1
100
AcDbLine
 10
0
 20
0
 11
0
 21
16.2081067150337
  0
LINE
  5
D77
100
AcDbEntity
  8
0
  6
ByLayer
 62
    0
370
   -1
100
AcDbLine
 10
0
 20
16.2081067150337
 11
-6.63876425591705
 21
16.2081067150337
  0
LINE
  5
D78
100
AcDbEntity
  8
0
  6
ByLayer
 62
    0
370
   -1
100
AcDbLine
 10
-6.63876425591705
 20
16.2081067150337
 11
-6.63876425591705
 21
8.14064194269222
  0
LINE
  5
D79
100
AcDbEntity
  8
0
  6
ByLayer
 62
    0
370
   -1
100
AcDbLine
 10
-6.63876425591705
 20
8.14064194269222
 11
-6.63876425591705
 21
2.48564194269209
  0
LINE
  5
D7A
100
AcDbEntity
  8
0
  6
ByLayer
 62
    0
370
   -1
100
AcDbLine
 10
-6.63876425591705
 20
2.48564194269209
 11
-6.63876425591705
 21
2.38564194269223
  0
LINE
  5
D7B
100
AcDbEntity
  8
0
  6
ByLayer
 62
    0
370
   -1
100
AcDbLine
 10
-6.63876425591705
 20
2.38564194269223
 11
-6.63876425591705
 21
0
  0
LINE
  5
D7C
100
AcDbEntity
  8
0
  6
ByLayer
 62
    0
370
   -1
100
AcDbLine
 10
-6.63876425591705
 20
0
 11
0
 21
0
  0
LINE
  5
D7D
100
AcDbEntity
  8
0
  6
ByLayer
 62
    0
370
   -1
100
AcDbLine
 10
0
 20
0
 11
0
 21
0
  0
LINE
  5
D7E
100
AcDbEntity
  8
0
  6
ByLayer
 62
    0
370
   -1
100
AcDbLine
 10
0
 20
16.2081067150337
 11
0
 21
0
  0
LINE
  5
D7F
100
AcDbEntity
  8
0
  6
ByLayer
 62
    0
370
   -1
100
AcDbLine
 10
0
 20
16.2081067150337
 11
0
 21
16.2081067150337
  0
LINE
  5
D80
100
AcDbEntity
  8
0
  6
ByLayer
 62
    0
370
   -1
100
AcDbLine
 10
0
 20
0
 11
0
 21
16.2081067150337
  0
LINE
  5
D81
100
AcDbEntity
  8
0
  6
ByLayer
 62
    0
370
   -1
100
AcDbLine
 10
-6.63876425591705
 20
16.2081067150337
 11
-6.63876425591705
 21
16.2081067150337
  0
LINE
  5
D82
100
AcDbEntity
  8
0
  6
ByLayer
 62
    0
370
   -1
100
AcDbLine
 10
-6.63876425591705
 20
8.14064194269222
 11
-6.63876425591705
 21
16.2081067150337
  0
LINE
  5
D83
100
AcDbEntity
  8
0
  6
ByLayer
 62
    0
370
   -1
100
AcDbLine
 10
-6.63876425591705
 20
8.14064194269222
 11
-6.63876425591705
 21
8.14064194269222
  0
LINE
  5
D84
100
AcDbEntity
  8
0
  6
ByLayer
 62
    0
370
   -1
100
AcDbLine
 10
-6.63876425591705
 20
16.2081067150337
 11
-6.63876425591705
 21
8.14064194269222
  0
LINE
  5
D85
100
AcDbEntity
  8
0
  6
ByLayer
 62
    0
370
   -1
100
AcDbLine
 10
-6.63876425591705
 20
0
 11
-6.63876425591705
 21
0
  0
LINE
  5
D86
100
AcDbEntity
  8
0
  6
ByLayer
 62
    0
370
   -1
100
AcDbLine
 10
0
 20
0
 11
-6.63876425591705
 21
0
  0
LINE
  5
D87
100
AcDbEntity
  8
0
  6
ByLayer
 62
    0
370
   -1
100
AcDbLine
 10
0
 20
0
 11
0
 21
0
  0
LINE
  5
D88
100
AcDbEntity
  8
0
  6
ByLayer
 62
    0
370
   -1
100
AcDbLine
 10
-6.63876425591705
 20
0
 11
0
 21
0
  0
LINE
  5
D89
100
AcDbEntity
  8
0
  6
ByLayer
 62
    0
370
   -1
100
AcDbLine
 10
0
 20
16.2081067150337
 11
0
 21
16.2081067150337
  0
LINE
  5
D8A
100
AcDbEntity
  8
0
  6
ByLayer
 62
    0
370
   -1
100
AcDbLine
 10
-6.63876425591705
 20
16.2081067150337
 11
0
 21
16.2081067150337
  0
LINE
  5
D8B
100
AcDbEntity
  8
0
  6
ByLayer
 62
    0
370
   -1
100
AcDbLine
 10
-6.63876425591705
 20
16.2081067150337
 11
-6.63876425591705
 21
16.2081067150337
  0
LINE
  5
D8C
100
AcDbEntity
  8
0
  6
ByLayer
 62
    0
370
   -1
100
AcDbLine
 10
0
 20
16.2081067150337
 11
-6.63876425591705
 21
16.2081067150337
  0
LINE
  5
D8D
100
AcDbEntity
  8
0
  6
ByLayer
 62
    0
370
   -1
100
AcDbLine
 10
-6.63876425591705
 20
8.14064194269222
 11
-6.63876425591705
 21
8.14064194269222
  0
LINE
  5
D8E
100
AcDbEntity
  8
0
  6
ByLayer
 62
    0
370
   -1
100
AcDbLine
 10
-6.63876425591705
 20
2.48564194269209
 11
-6.63876425591705
 21
8.14064194269222
  0
LINE
  5
D8F
100
AcDbEntity
  8
0
  6
ByLayer
 62
    0
370
   -1
100
AcDbLine
 10
-6.63876425591705
 20
2.48564194269209
 11
-6.63876425591705
 21
2.48564194269209
  0
LINE
  5
D90
100
AcDbEntity
  8
0
  6
ByLayer
 62
    0
370
   -1
100
AcDbLine
 10
-6.63876425591705
 20
8.14064194269222
 11
-6.63876425591705
 21
2.48564194269209
  0
LINE
  5
D91
100
AcDbEntity
  8
0
  6
ByLayer
 62
    0
370
   -1
100
AcDbLine
 10
-6.63876425591705
 20
2.38564194269223
 11
-6.63876425591705
 21
2.38564194269223
  0
LINE
  5
D92
100
AcDbEntity
  8
0
  6
ByLayer
 62
    0
370
   -1
100
AcDbLine
 10
-6.63876425591705
 20
0
 11
-6.63876425591705
 21
2.38564194269223
  0
LINE
  5
D93
100
AcDbEntity
  8
0
  6
ByLayer
 62
    0
370
   -1
100
AcDbLine
 10
-6.63876425591705
 20
0
 11
-6.63876425591705
 21
0
  0
LINE
  5
D94
100
AcDbEntity
  8
0
  6
ByLayer
 62
    0
370
   -1
100
AcDbLine
 10
-6.63876425591705
 20
2.38564194269223
 11
-6.63876425591705
 21
0
  0
LINE
  5
D95
100
AcDbEntity
  8
0
  6
ByLayer
 62
    0
370
   -1
100
AcDbLine
 10
-6.63876425591705
 20
2.48564194269209
 11
-6.63876425591705
 21
2.48564194269209
  0
LINE
  5
D96
100
AcDbEntity
  8
0
  6
ByLayer
 62
    0
370
   -1
100
AcDbLine
 10
-6.63876425591705
 20
2.38564194269223
 11
-6.63876425591705
 21
2.48564194269209
  0
LINE
  5
D97
100
AcDbEntity
  8
0
  6
ByLayer
 62
    0
370
   -1
100
AcDbLine
 10
-6.63876425591705
 20
2.38564194269223
 11
-6.63876425591705
 21
2.38564194269223
  0
LINE
  5
D98
100
AcDbEntity
  8
0
  6
ByLayer
 62
    0
370
   -1
100
AcDbLine
 10
-6.63876425591705
 20
2.48564194269209
 11
-6.63876425591705
 21
2.38564194269223
  0
ENDBLK
  5
6F
330
6D
100
AcDbEntity
  8
0
100
AcDbBlockEnd
  0
BLOCK
  5
71
330
70
100
AcDbEntity
  8
0
100
AcDbBlockBegin
  2
GROUP7_1
 70
    0
 10
0
 20
0
  3
GROUP7_1
  1

  0
LINE
  5
D99
100
AcDbEntity
  8
0
  6
ByLayer
 62
    0
370
   -1
100
AcDbLine
 10
1.95000000000091
 20
-5.75499999999999
 11
1.95000000000091
 21
-5.65500000000013
  0
LINE
  5
D9A
100
AcDbEntity
  8
0
  6
ByLayer
 62
    0
370
   -1
100
AcDbLine
 10
1.95000000000091
 20
-5.65500000000013
 11
1.95000000000091
 21
0
  0
LINE
  5
D9B
100
AcDbEntity
  8
0
  6
ByLayer
 62
    0
370
   -1
100
AcDbLine
 10
1.95000000000091
 20
0
 11
0
 21
0
  0
LINE
  5
D9C
100
AcDbEntity
  8
0
  6
ByLayer
 62
    0
370
   -1
100
AcDbLine
 10
0
 20
0
 11
-9.302349154981931
 21
0
  0
LINE
  5
D9D
100
AcDbEntity
  8
0
  6
ByLayer
 62
    0
370
   -1
100
AcDbLine
 10
-9.302349154981931
 20
0
 11
-9.302349154981931
 21
-5.75499999999999
  0
LINE
  5
D9E
100
AcDbEntity
  8
0
  6
ByLayer
 62
    0
370
   -1
100
AcDbLine
 10
-9.302349154981931
 20
-5.75499999999999
 11
1.95000000000091
 21
-5.75499999999999
  0
LINE
  5
D9F
100
AcDbEntity
  8
0
  6
ByLayer
 62
    0
370
   -1
100
AcDbLine
 10
1.95000000000091
 20
0
 11
1.95000000000091
 21
-5.65500000000013
  0
LINE
  5
DA0
100
AcDbEntity
  8
0
  6
ByLayer
 62
    0
370
   -1
100
AcDbLine
 10
1.95000000000091
 20
-5.65500000000013
 11
1.95000000000091
 21
-5.75499999999999
  0
LINE
  5
DA1
100
AcDbEntity
  8
0
  6
ByLayer
 62
    0
370
   -1
100
AcDbLine
 10
1.95000000000091
 20
-5.75499999999999
 11
-9.302349154981931
 21
-5.75499999999999
  0
LINE
  5
DA2
100
AcDbEntity
  8
0
  6
ByLayer
 62
    0
370
   -1
100
AcDbLine
 10
-9.302349154981931
 20
-5.75499999999999
 11
-9.302349154981931
 21
0
  0
LINE
  5
DA3
100
AcDbEntity
  8
0
  6
ByLayer
 62
    0
370
   -1
100
AcDbLine
 10
-9.302349154981931
 20
0
 11
0
 21
0
  0
LINE
  5
DA4
100
AcDbEntity
  8
0
  6
ByLayer
 62
    0
370
   -1
100
AcDbLine
 10
0
 20
0
 11
1.95000000000091
 21
0
  0
LINE
  5
DA5
100
AcDbEntity
  8
0
  6
ByLayer
 62
    0
370
   -1
100
AcDbLine
 10
-9.302349154981931
 20
-5.75499999999999
 11
-9.302349154981931
 21
-5.75499999999999
  0
LINE
  5
DA6
100
AcDbEntity
  8
0
  6
ByLayer
 62
    0
370
   -1
100
AcDbLine
 10
1.95000000000091
 20
-5.75499999999999
 11
-9.302349154981931
 21
-5.75499999999999
  0
LINE
  5
DA7
100
AcDbEntity
  8
0
  6
ByLayer
 62
    0
370
   -1
100
AcDbLine
 10
1.95000000000091
 20
-5.75499999999999
 11
1.95000000000091
 21
-5.75499999999999
  0
LINE
  5
DA8
100
AcDbEntity
  8
0
  6
ByLayer
 62
    0
370
   -1
100
AcDbLine
 10
-9.302349154981931
 20
-5.75499999999999
 11
1.95000000000091
 21
-5.75499999999999
  0
LINE
  5
DA9
100
AcDbEntity
  8
0
  6
ByLayer
 62
    0
370
   -1
100
AcDbLine
 10
0
 20
0
 11
0
 21
0
  0
LINE
  5
DAA
100
AcDbEntity
  8
0
  6
ByLayer
 62
    0
370
   -1
100
AcDbLine
 10
-9.302349154981931
 20
0
 11
0
 21
0
  0
LINE
  5
DAB
100
AcDbEntity
  8
0
  6
ByLayer
 62
    0
370
   -1
100
AcDbLine
 10
-9.302349154981931
 20
0
 11
-9.302349154981931
 21
0
  0
LINE
  5
DAC
100
AcDbEntity
  8
0
  6
ByLayer
 62
    0
370
   -1
100
AcDbLine
 10
0
 20
0
 11
-9.302349154981931
 21
0
  0
LINE
  5
DAD
100
AcDbEntity
  8
0
  6
ByLayer
 62
    0
370
   -1
100
AcDbLine
 10
-9.302349154981931
 20
0
 11
-9.302349154981931
 21
0
  0
LINE
  5
DAE
100
AcDbEntity
  8
0
  6
ByLayer
 62
    0
370
   -1
100
AcDbLine
 10
-9.302349154981931
 20
-5.75499999999999
 11
-9.302349154981931
 21
0
  0
LINE
  5
DAF
100
AcDbEntity
  8
0
  6
ByLayer
 62
    0
370
   -1
100
AcDbLine
 10
-9.302349154981931
 20
-5.75499999999999
 11
-9.302349154981931
 21
-5.75499999999999
  0
LINE
  5
DB0
100
AcDbEntity
  8
0
  6
ByLayer
 62
    0
370
   -1
100
AcDbLine
 10
-9.302349154981931
 20
0
 11
-9.302349154981931
 21
-5.75499999999999
  0
LINE
  5
DB1
100
AcDbEntity
  8
0
  6
ByLayer
 62
    0
370
   -1
100
AcDbLine
 10
1.95000000000091
 20
-5.65500000000013
 11
1.95000000000091
 21
-5.65500000000013
  0
LINE
  5
DB2
100
AcDbEntity
  8
0
  6
ByLayer
 62
    0
370
   -1
100
AcDbLine
 10
1.95000000000091
 20
0
 11
1.95000000000091
 21
-5.65500000000013
  0
LINE
  5
DB3
100
AcDbEntity
  8
0
  6
ByLayer
 62
    0
370
   -1
100
AcDbLine
 10
1.95000000000091
 20
0
 11
1.95000000000091
 21
0
  0
LINE
  5
DB4
100
AcDbEntity
  8
0
  6
ByLayer
 62
    0
370
   -1
100
AcDbLine
 10
1.95000000000091
 20
-5.65500000000013
 11
1.95000000000091
 21
0
  0
LINE
  5
DB5
100
AcDbEntity
  8
0
  6
ByLayer
 62
    0
370
   -1
100
AcDbLine
 10
1.95000000000091
 20
0
 11
1.95000000000091
 21
0
  0
LINE
  5
DB6
100
AcDbEntity
  8
0
  6
ByLayer
 62
    0
370
   -1
100
AcDbLine
 10
0
 20
0
 11
1.95000000000091
 21
0
  0
LINE
  5
DB7
100
AcDbEntity
  8
0
  6
ByLayer
 62
    0
370
   -1
100
AcDbLine
 10
0
 20
0
 11
0
 21
0
  0
LINE
  5
DB8
100
AcDbEntity
  8
0
  6
ByLayer
 62
    0
370
   -1
100
AcDbLine
 10
1.95000000000091
 20
0
 11
0
 21
0
  0
LINE
  5
DB9
100
AcDbEntity
  8
0
  6
ByLayer
 62
    0
370
   -1
100
AcDbLine
 10
1.95000000000091
 20
-5.75499999999999
 11
1.95000000000091
 21
-5.75499999999999
  0
LINE
  5
DBA
100
AcDbEntity
  8
0
  6
ByLayer
 62
    0
370
   -1
100
AcDbLine
 10
1.95000000000091
 20
-5.65500000000013
 11
1.95000000000091
 21
-5.75499999999999
  0
LINE
  5
DBB
100
AcDbEntity
  8
0
  6
ByLayer
 62
    0
370
   -1
100
AcDbLine
 10
1.95000000000091
 20
-5.65500000000013
 11
1.95000000000091
 21
-5.65500000000013
  0
LINE
  5
DBC
100
AcDbEntity
  8
0
  6
ByLayer
 62
    0
370
   -1
100
AcDbLine
 10
1.95000000000091
 20
-5.75499999999999
 11
1.95000000000091
 21
-5.65500000000013
  0
ENDBLK
  5
72
330
70
100
AcDbEntity
  8
0
100
AcDbBlockEnd
  0
BLOCK
  5
74
330
73
100
AcDbEntity
  8
0
100
AcDbBlockBegin
  2
GROUP4_1
 70
    0
 10
0
 20
0
  3
GROUP4_1
  1

  0
LINE
  5
DBD
100
AcDbEntity
  8
0
  6
ByLayer
 62
    0
370
   -1
100
AcDbLine
 10
9.302349154981931
 20
8.067464772341481
 11
9.302349154981931
 21
0
  0
LINE
  5
DBE
100
AcDbEntity
  8
0
  6
ByLayer
 62
    0
370
   -1
100
AcDbLine
 10
9.302349154981931
 20
0
 11
0
 21
0
  0
LINE
  5
DBF
100
AcDbEntity
  8
0
  6
ByLayer
 62
    0
370
   -1
100
AcDbLine
 10
0
 20
0
 11
0
 21
5.11246330903726
  0
LINE
  5
DC0
100
AcDbEntity
  8
0
  6
ByLayer
 62
    0
370
   -1
100
AcDbLine
 10
0
 20
5.11246330903726
 11
0
 21
8.067464772341481
  0
LINE
  5
DC1
100
AcDbEntity
  8
0
  6
ByLayer
 62
    0
370
   -1
100
AcDbLine
 10
0
 20
8.067464772341481
 11
9.302349154981931
 21
8.067464772341481
  0
LINE
  5
DC2
100
AcDbEntity
  8
0
  6
ByLayer
 62
    0
370
   -1
100
AcDbLine
 10
9.302349154981931
 20
0
 11
9.302349154981931
 21
8.067464772341481
  0
LINE
  5
DC3
100
AcDbEntity
  8
0
  6
ByLayer
 62
    0
370
   -1
100
AcDbLine
 10
9.302349154981931
 20
8.067464772341481
 11
0
 21
8.067464772341481
  0
LINE
  5
DC4
100
AcDbEntity
  8
0
  6
ByLayer
 62
    0
370
   -1
100
AcDbLine
 10
0
 20
8.067464772341481
 11
0
 21
5.11246330903726
  0
LINE
  5
DC5
100
AcDbEntity
  8
0
  6
ByLayer
 62
    0
370
   -1
100
AcDbLine
 10
0
 20
5.11246330903726
 11
0
 21
0
  0
LINE
  5
DC6
100
AcDbEntity
  8
0
  6
ByLayer
 62
    0
370
   -1
100
AcDbLine
 10
0
 20
0
 11
9.302349154981931
 21
0
  0
LINE
  5
DC7
100
AcDbEntity
  8
0
  6
ByLayer
 62
    0
370
   -1
100
AcDbLine
 10
9.302349154981931
 20
8.067464772341481
 11
9.302349154981931
 21
8.067464772341481
  0
LINE
  5
DC8
100
AcDbEntity
  8
0
  6
ByLayer
 62
    0
370
   -1
100
AcDbLine
 10
0
 20
8.067464772341481
 11
9.302349154981931
 21
8.067464772341481
  0
LINE
  5
DC9
100
AcDbEntity
  8
0
  6
ByLayer
 62
    0
370
   -1
100
AcDbLine
 10
0
 20
8.067464772341481
 11
0
 21
8.067464772341481
  0
LINE
  5
DCA
100
AcDbEntity
  8
0
  6
ByLayer
 62
    0
370
   -1
100
AcDbLine
 10
9.302349154981931
 20
8.067464772341481
 11
0
 21
8.067464772341481
  0
LINE
  5
DCB
100
AcDbEntity
  8
0
  6
ByLayer
 62
    0
370
   -1
100
AcDbLine
 10
0
 20
0
 11
0
 21
0
  0
LINE
  5
DCC
100
AcDbEntity
  8
0
  6
ByLayer
 62
    0
370
   -1
100
AcDbLine
 10
9.302349154981931
 20
0
 11
0
 21
0
  0
LINE
  5
DCD
100
AcDbEntity
  8
0
  6
ByLayer
 62
    0
370
   -1
100
AcDbLine
 10
9.302349154981931
 20
0
 11
9.302349154981931
 21
0
  0
LINE
  5
DCE
100
AcDbEntity
  8
0
  6
ByLayer
 62
    0
370
   -1
100
AcDbLine
 10
0
 20
0
 11
9.302349154981931
 21
0
  0
LINE
  5
DCF
100
AcDbEntity
  8
0
  6
ByLayer
 62
    0
370
   -1
100
AcDbLine
 10
9.302349154981931
 20
0
 11
9.302349154981931
 21
0
  0
LINE
  5
DD0
100
AcDbEntity
  8
0
  6
ByLayer
 62
    0
370
   -1
100
AcDbLine
 10
9.302349154981931
 20
8.067464772341481
 11
9.302349154981931
 21
0
  0
LINE
  5
DD1
100
AcDbEntity
  8
0
  6
ByLayer
 62
    0
370
   -1
100
AcDbLine
 10
9.302349154981931
 20
8.067464772341481
 11
9.302349154981931
 21
8.067464772341481
  0
LINE
  5
DD2
100
AcDbEntity
  8
0
  6
ByLayer
 62
    0
370
   -1
100
AcDbLine
 10
9.302349154981931
 20
0
 11
9.302349154981931
 21
8.067464772341481
  0
LINE
  5
DD3
100
AcDbEntity
  8
0
  6
ByLayer
 62
    0
370
   -1
100
AcDbLine
 10
0
 20
5.11246330903726
 11
0
 21
5.11246330903726
  0
LINE
  5
DD4
100
AcDbEntity
  8
0
  6
ByLayer
 62
    0
370
   -1
100
AcDbLine
 10
0
 20
0
 11
0
 21
5.11246330903726
  0
LINE
  5
DD5
100
AcDbEntity
  8
0
  6
ByLayer
 62
    0
370
   -1
100
AcDbLine
 10
0
 20
0
 11
0
 21
0
  0
LINE
  5
DD6
100
AcDbEntity
  8
0
  6
ByLayer
 62
    0
370
   -1
100
AcDbLine
 10
0
 20
5.11246330903726
 11
0
 21
0
  0
LINE
  5
DD7
100
AcDbEntity
  8
0
  6
ByLayer
 62
    0
370
   -1
100
AcDbLine
 10
0
 20
8.067464772341481
 11
0
 21
8.067464772341481
  0
LINE
  5
DD8
100
AcDbEntity
  8
0
  6
ByLayer
 62
    0
370
   -1
100
AcDbLine
 10
0
 20
5.11246330903726
 11
0
 21
8.067464772341481
  0
LINE
  5
DD9
100
AcDbEntity
  8
0
  6
ByLayer
 62
    0
370
   -1
100
AcDbLine
 10
0
 20
5.11246330903726
 11
0
 21
5.11246330903726
  0
LINE
  5
DDA
100
AcDbEntity
  8
0
  6
ByLayer
 62
    0
370
   -1
100
AcDbLine
 10
0
 20
8.067464772341481
 11
0
 21
5.11246330903726
  0
ENDBLK
  5
75
330
73
100
AcDbEntity
  8
0
100
AcDbBlockEnd
  0
BLOCK
  5
77
330
76
100
AcDbEntity
  8
0
100
AcDbBlockBegin
  2
GROUP8_1
 70
    0
 10
0
 20
0
  3
GROUP8_1
  1

  0
LINE
  5
DDB
100
AcDbEntity
  8
0
  6
ByLayer
 62
    0
370
   -1
100
AcDbLine
 10
0
 20
0
 11
0
 21
2.38564194269223
  0
LINE
  5
DDC
100
AcDbEntity
  8
0
  6
ByLayer
 62
    0
370
   -1
100
AcDbLine
 10
0
 20
2.38564194269223
 11
0
 21
8.14064194269222
  0
LINE
  5
DDD
100
AcDbEntity
  8
0
  6
ByLayer
 62
    0
370
   -1
100
AcDbLine
 10
0
 20
8.14064194269222
 11
0
 21
13.2531052517295
  0
LINE
  5
DDE
100
AcDbEntity
  8
0
  6
ByLayer
 62
    0
370
   -1
100
AcDbLine
 10
0
 20
13.2531052517295
 11
-6.33484311797124
 21
13.2531052517295
  0
LINE
  5
DDF
100
AcDbEntity
  8
0
  6
ByLayer
 62
    0
370
   -1
100
AcDbLine
 10
-6.33484311797124
 20
13.2531052517295
 11
-6.33484311797124
 21
0
  0
LINE
  5
DE0
100
AcDbEntity
  8
0
  6
ByLayer
 62
    0
370
   -1
100
AcDbLine
 10
-6.33484311797124
 20
0
 11
0
 21
0
  0
LINE
  5
DE1
100
AcDbEntity
  8
0
  6
ByLayer
 62
    0
370
   -1
100
AcDbLine
 10
0
 20
13.2531052517295
 11
0
 21
8.14064194269222
  0
LINE
  5
DE2
100
AcDbEntity
  8
0
  6
ByLayer
 62
    0
370
   -1
100
AcDbLine
 10
0
 20
8.14064194269222
 11
0
 21
2.38564194269223
  0
LINE
  5
DE3
100
AcDbEntity
  8
0
  6
ByLayer
 62
    0
370
   -1
100
AcDbLine
 10
0
 20
2.38564194269223
 11
0
 21
0
  0
LINE
  5
DE4
100
AcDbEntity
  8
0
  6
ByLayer
 62
    0
370
   -1
100
AcDbLine
 10
0
 20
0
 11
-6.33484311797124
 21
0
  0
LINE
  5
DE5
100
AcDbEntity
  8
0
  6
ByLayer
 62
    0
370
   -1
100
AcDbLine
 10
-6.33484311797124
 20
0
 11
-6.33484311797124
 21
13.2531052517295
  0
LINE
  5
DE6
100
AcDbEntity
  8
0
  6
ByLayer
 62
    0
370
   -1
100
AcDbLine
 10
-6.33484311797124
 20
13.2531052517295
 11
0
 21
13.2531052517295
  0
LINE
  5
DE7
100
AcDbEntity
  8
0
  6
ByLayer
 62
    0
370
   -1
100
AcDbLine
 10
-6.33484311797124
 20
13.2531052517295
 11
-6.33484311797124
 21
13.2531052517295
  0
LINE
  5
DE8
100
AcDbEntity
  8
0
  6
ByLayer
 62
    0
370
   -1
100
AcDbLine
 10
-6.33484311797124
 20
0
 11
-6.33484311797124
 21
13.2531052517295
  0
LINE
  5
DE9
100
AcDbEntity
  8
0
  6
ByLayer
 62
    0
370
   -1
100
AcDbLine
 10
-6.33484311797124
 20
0
 11
-6.33484311797124
 21
0
  0
LINE
  5
DEA
100
AcDbEntity
  8
0
  6
ByLayer
 62
    0
370
   -1
100
AcDbLine
 10
-6.33484311797124
 20
13.2531052517295
 11
-6.33484311797124
 21
0
  0
LINE
  5
DEB
100
AcDbEntity
  8
0
  6
ByLayer
 62
    0
370
   -1
100
AcDbLine
 10
-6.33484311797124
 20
0
 11
-6.33484311797124
 21
0
  0
LINE
  5
DEC
100
AcDbEntity
  8
0
  6
ByLayer
 62
    0
370
   -1
100
AcDbLine
 10
0
 20
0
 11
-6.33484311797124
 21
0
  0
LINE
  5
DED
100
AcDbEntity
  8
0
  6
ByLayer
 62
    0
370
   -1
100
AcDbLine
 10
0
 20
0
 11
0
 21
0
  0
LINE
  5
DEE
100
AcDbEntity
  8
0
  6
ByLayer
 62
    0
370
   -1
100
AcDbLine
 10
-6.33484311797124
 20
0
 11
0
 21
0
  0
LINE
  5
DEF
100
AcDbEntity
  8
0
  6
ByLayer
 62
    0
370
   -1
100
AcDbLine
 10
0
 20
13.2531052517295
 11
0
 21
13.2531052517295
  0
LINE
  5
DF0
100
AcDbEntity
  8
0
  6
ByLayer
 62
    0
370
   -1
100
AcDbLine
 10
-6.33484311797124
 20
13.2531052517295
 11
0
 21
13.2531052517295
  0
LINE
  5
DF1
100
AcDbEntity
  8
0
  6
ByLayer
 62
    0
370
   -1
100
AcDbLine
 10
-6.33484311797124
 20
13.2531052517295
 11
-6.33484311797124
 21
13.2531052517295
  0
LINE
  5
DF2
100
AcDbEntity
  8
0
  6
ByLayer
 62
    0
370
   -1
100
AcDbLine
 10
0
 20
13.2531052517295
 11
-6.33484311797124
 21
13.2531052517295
  0
LINE
  5
DF3
100
AcDbEntity
  8
0
  6
ByLayer
 62
    0
370
   -1
100
AcDbLine
 10
0
 20
2.38564194269223
 11
0
 21
2.38564194269223
  0
LINE
  5
DF4
100
AcDbEntity
  8
0
  6
ByLayer
 62
    0
370
   -1
100
AcDbLine
 10
0
 20
8.14064194269222
 11
0
 21
2.38564194269223
  0
LINE
  5
DF5
100
AcDbEntity
  8
0
  6
ByLayer
 62
    0
370
   -1
100
AcDbLine
 10
0
 20
8.14064194269222
 11
0
 21
8.14064194269222
  0
LINE
  5
DF6
100
AcDbEntity
  8
0
  6
ByLayer
 62
    0
370
   -1
100
AcDbLine
 10
0
 20
2.38564194269223
 11
0
 21
8.14064194269222
  0
LINE
  5
DF7
100
AcDbEntity
  8
0
  6
ByLayer
 62
    0
370
   -1
100
AcDbLine
 10
0
 20
8.14064194269222
 11
0
 21
8.14064194269222
  0
LINE
  5
DF8
100
AcDbEntity
  8
0
  6
ByLayer
 62
    0
370
   -1
100
AcDbLine
 10
0
 20
13.2531052517295
 11
0
 21
8.14064194269222
  0
LINE
  5
DF9
100
AcDbEntity
  8
0
  6
ByLayer
 62
    0
370
   -1
100
AcDbLine
 10
0
 20
13.2531052517295
 11
0
 21
13.2531052517295
  0
LINE
  5
DFA
100
AcDbEntity
  8
0
  6
ByLayer
 62
    0
370
   -1
100
AcDbLine
 10
0
 20
8.14064194269222
 11
0
 21
13.2531052517295
  0
LINE
  5
DFB
100
AcDbEntity
  8
0
  6
ByLayer
 62
    0
370
   -1
100
AcDbLine
 10
0
 20
0
 11
0
 21
0
  0
LINE
  5
DFC
100
AcDbEntity
  8
0
  6
ByLayer
 62
    0
370
   -1
100
AcDbLine
 10
0
 20
2.38564194269223
 11
0
 21
0
  0
LINE
  5
DFD
100
AcDbEntity
  8
0
  6
ByLayer
 62
    0
370
   -1
100
AcDbLine
 10
0
 20
2.38564194269223
 11
0
 21
2.38564194269223
  0
LINE
  5
DFE
100
AcDbEntity
  8
0
  6
ByLayer
 62
    0
370
   -1
100
AcDbLine
 10
0
 20
0
 11
0
 21
2.38564194269223
  0
ENDBLK
  5
78
330
76
100
AcDbEntity
  8
0
100
AcDbBlockEnd
  0
BLOCK
  5
7A
330
79
100
AcDbEntity
  8
0
100
AcDbBlockBegin
  2
GROUP1_1
 70
    0
 10
0
 20
0
  3
GROUP1_1
  1

  0
LINE
  5
DFF
100
AcDbEntity
  8
0
  6
ByLayer
 62
    0
370
   -1
100
AcDbLine
 10
1.95000000000091
 20
-8.067464772341481
 11
1.95000000000091
 21
-8.067464772341481
  0
LINE
  5
E00
100
AcDbEntity
  8
0
  6
ByLayer
 62
    0
370
   -1
100
AcDbLine
 10
1.95000000000091
 20
-8.067464772341481
 11
1.95000000000091
 21
0
  0
LINE
  5
E01
100
AcDbEntity
  8
0
  6
ByLayer
 62
    0
370
   -1
100
AcDbLine
 10
1.95000000000091
 20
0
 11
1.95000000000091
 21
0
  0
LINE
  5
E02
100
AcDbEntity
  8
0
  6
ByLayer
 62
    0
370
   -1
100
AcDbLine
 10
1.95000000000091
 20
0
 11
1.95000000000091
 21
-8.067464772341481
  0
LINE
  5
E03
100
AcDbEntity
  8
0
  6
ByLayer
 62
    0
370
   -1
100
AcDbLine
 10
0
 20
0
 11
0
 21
0
  0
LINE
  5
E04
100
AcDbEntity
  8
0
  6
ByLayer
 62
    0
370
   -1
100
AcDbLine
 10
0
 20
0
 11
0
 21
-8.067464772341481
  0
LINE
  5
E05
100
AcDbEntity
  8
0
  6
ByLayer
 62
    0
370
   -1
100
AcDbLine
 10
0
 20
-8.067464772341481
 11
0
 21
-8.067464772341481
  0
LINE
  5
E06
100
AcDbEntity
  8
0
  6
ByLayer
 62
    0
370
   -1
100
AcDbLine
 10
0
 20
-8.067464772341481
 11
0
 21
0
  0
LINE
  5
E07
100
AcDbEntity
  8
0
  6
ByLayer
 62
    0
370
   -1
100
AcDbLine
 10
1.95000000000091
 20
-8.067464772341481
 11
1.95000000000091
 21
0
  0
LINE
  5
E08
100
AcDbEntity
  8
0
  6
ByLayer
 62
    0
370
   -1
100
AcDbLine
 10
1.95000000000091
 20
-8.067464772341481
 11
0
 21
-8.067464772341481
  0
LINE
  5
E09
100
AcDbEntity
  8
0
  6
ByLayer
 62
    0
370
   -1
100
AcDbLine
 10
0
 20
0
 11
0
 21
-8.067464772341481
  0
LINE
  5
E0A
100
AcDbEntity
  8
0
  6
ByLayer
 62
    0
370
   -1
100
AcDbLine
 10
0
 20
0
 11
1.95000000000091
 21
0
  0
LINE
  5
E0B
100
AcDbEntity
  8
0
  6
ByLayer
 62
    0
370
   -1
100
AcDbLine
 10
1.95000000000091
 20
0
 11
1.95000000000091
 21
-8.067464772341481
  0
LINE
  5
E0C
100
AcDbEntity
  8
0
  6
ByLayer
 62
    0
370
   -1
100
AcDbLine
 10
1.95000000000091
 20
0
 11
0
 21
0
  0
LINE
  5
E0D
100
AcDbEntity
  8
0
  6
ByLayer
 62
    0
370
   -1
100
AcDbLine
 10
0
 20
-8.067464772341481
 11
0
 21
0
  0
LINE
  5
E0E
100
AcDbEntity
  8
0
  6
ByLayer
 62
    0
370
   -1
100
AcDbLine
 10
0
 20
-8.067464772341481
 11
1.95000000000091
 21
-8.067464772341481
  0
LINE
  5
E0F
100
AcDbEntity
  8
0
  6
ByLayer
 62
    0
370
   -1
100
AcDbLine
 10
0
 20
-8.067464772341481
 11
0
 21
-8.067464772341481
  0
LINE
  5
E10
100
AcDbEntity
  8
0
  6
ByLayer
 62
    0
370
   -1
100
AcDbLine
 10
1.95000000000091
 20
-8.067464772341481
 11
0
 21
-8.067464772341481
  0
LINE
  5
E11
100
AcDbEntity
  8
0
  6
ByLayer
 62
    0
370
   -1
100
AcDbLine
 10
1.95000000000091
 20
-8.067464772341481
 11
1.95000000000091
 21
-8.067464772341481
  0
LINE
  5
E12
100
AcDbEntity
  8
0
  6
ByLayer
 62
    0
370
   -1
100
AcDbLine
 10
0
 20
-8.067464772341481
 11
1.95000000000091
 21
-8.067464772341481
  0
LINE
  5
E13
100
AcDbEntity
  8
0
  6
ByLayer
 62
    0
370
   -1
100
AcDbLine
 10
1.95000000000091
 20
0
 11
1.95000000000091
 21
0
  0
LINE
  5
E14
100
AcDbEntity
  8
0
  6
ByLayer
 62
    0
370
   -1
100
AcDbLine
 10
0
 20
0
 11
1.95000000000091
 21
0
  0
LINE
  5
E15
100
AcDbEntity
  8
0
  6
ByLayer
 62
    0
370
   -1
100
AcDbLine
 10
0
 20
0
 11
0
 21
0
  0
LINE
  5
E16
100
AcDbEntity
  8
0
  6
ByLayer
 62
    0
370
   -1
100
AcDbLine
 10
1.95000000000091
 20
0
 11
0
 21
0
  0
ENDBLK
  5
7B
330
79
100
AcDbEntity
  8
0
100
AcDbBlockEnd
  0
BLOCK
  5
7D
330
7C
100
AcDbEntity
  8
0
100
AcDbBlockBegin
  2
GROUP10_1
 70
    0
 10
0
 20
0
  3
GROUP10_1
  1

  0
LINE
  5
E17
100
AcDbEntity
  8
0
  6
ByLayer
 62
    0
370
   -1
100
AcDbLine
 10
0
 20
-16.2081067150337
 11
0
 21
0
  0
LINE
  5
E18
100
AcDbEntity
  8
0
  6
ByLayer
 62
    0
370
   -1
100
AcDbLine
 10
0
 20
0
 11
-11.1562316545191
 21
0
  0
LINE
  5
E19
100
AcDbEntity
  8
0
  6
ByLayer
 62
    0
370
   -1
100
AcDbLine
 10
-11.1562316545191
 20
0
 11
-11.1562316545191
 21
-16.2081067150337
  0
LINE
  5
E1A
100
AcDbEntity
  8
0
  6
ByLayer
 62
    0
370
   -1
100
AcDbLine
 10
-11.1562316545191
 20
-16.2081067150337
 11
-1.2274798136492
 21
-16.2081067150337
  0
LINE
  5
E1B
100
AcDbEntity
  8
0
  6
ByLayer
 62
    0
370
   -1
100
AcDbLine
 10
-1.2274798136492
 20
-16.2081067150337
 11
0
 21
-16.2081067150337
  0
LINE
  5
E1C
100
AcDbEntity
  8
0
  6
ByLayer
 62
    0
370
   -1
100
AcDbLine
 10
0
 20
0
 11
0
 21
-16.2081067150337
  0
LINE
  5
E1D
100
AcDbEntity
  8
0
  6
ByLayer
 62
    0
370
   -1
100
AcDbLine
 10
0
 20
-16.2081067150337
 11
-1.2274798136492
 21
-16.2081067150337
  0
LINE
  5
E1E
100
AcDbEntity
  8
0
  6
ByLayer
 62
    0
370
   -1
100
AcDbLine
 10
-1.2274798136492
 20
-16.2081067150337
 11
-11.1562316545191
 21
-16.2081067150337
  0
LINE
  5
E1F
100
AcDbEntity
  8
0
  6
ByLayer
 62
    0
370
   -1
100
AcDbLine
 10
-11.1562316545191
 20
-16.2081067150337
 11
-11.1562316545191
 21
0
  0
LINE
  5
E20
100
AcDbEntity
  8
0
  6
ByLayer
 62
    0
370
   -1
100
AcDbLine
 10
-11.1562316545191
 20
0
 11
0
 21
0
  0
LINE
  5
E21
100
AcDbEntity
  8
0
  6
ByLayer
 62
    0
370
   -1
100
AcDbLine
 10
-11.1562316545191
 20
0
 11
-11.1562316545191
 21
0
  0
LINE
  5
E22
100
AcDbEntity
  8
0
  6
ByLayer
 62
    0
370
   -1
100
AcDbLine
 10
-11.1562316545191
 20
-16.2081067150337
 11
-11.1562316545191
 21
0
  0
LINE
  5
E23
100
AcDbEntity
  8
0
  6
ByLayer
 62
    0
370
   -1
100
AcDbLine
 10
-11.1562316545191
 20
-16.2081067150337
 11
-11.1562316545191
 21
-16.2081067150337
  0
LINE
  5
E24
100
AcDbEntity
  8
0
  6
ByLayer
 62
    0
370
   -1
100
AcDbLine
 10
-11.1562316545191
 20
0
 11
-11.1562316545191
 21
-16.2081067150337
  0
LINE
  5
E25
100
AcDbEntity
  8
0
  6
ByLayer
 62
    0
370
   -1
100
AcDbLine
 10
0
 20
-16.2081067150337
 11
0
 21
-16.2081067150337
  0
LINE
  5
E26
100
AcDbEntity
  8
0
  6
ByLayer
 62
    0
370
   -1
100
AcDbLine
 10
0
 20
0
 11
0
 21
-16.2081067150337
  0
LINE
  5
E27
100
AcDbEntity
  8
0
  6
ByLayer
 62
    0
370
   -1
100
AcDbLine
 10
0
 20
0
 11
0
 21
0
  0
LINE
  5
E28
100
AcDbEntity
  8
0
  6
ByLayer
 62
    0
370
   -1
100
AcDbLine
 10
0
 20
-16.2081067150337
 11
0
 21
0
  0
LINE
  5
E29
100
AcDbEntity
  8
0
  6
ByLayer
 62
    0
370
   -1
100
AcDbLine
 10
0
 20
0
 11
0
 21
0
  0
LINE
  5
E2A
100
AcDbEntity
  8
0
  6
ByLayer
 62
    0
370
   -1
100
AcDbLine
 10
-11.1562316545191
 20
0
 11
0
 21
0
  0
LINE
  5
E2B
100
AcDbEntity
  8
0
  6
ByLayer
 62
    0
370
   -1
100
AcDbLine
 10
-11.1562316545191
 20
0
 11
-11.1562316545191
 21
0
  0
LINE
  5
E2C
100
AcDbEntity
  8
0
  6
ByLayer
 62
    0
370
   -1
100
AcDbLine
 10
0
 20
0
 11
-11.1562316545191
 21
0
  0
LINE
  5
E2D
100
AcDbEntity
  8
0
  6
ByLayer
 62
    0
370
   -1
100
AcDbLine
 10
-11.1562316545191
 20
-16.2081067150337
 11
-11.1562316545191
 21
-16.2081067150337
  0
LINE
  5
E2E
100
AcDbEntity
  8
0
  6
ByLayer
 62
    0
370
   -1
100
AcDbLine
 10
-1.2274798136492
 20
-16.2081067150337
 11
-11.1562316545191
 21
-16.2081067150337
  0
LINE
  5
E2F
100
AcDbEntity
  8
0
  6
ByLayer
 62
    0
370
   -1
100
AcDbLine
 10
-1.2274798136492
 20
-16.2081067150337
 11
-1.2274798136492
 21
-16.2081067150337
  0
LINE
  5
E30
100
AcDbEntity
  8
0
  6
ByLayer
 62
    0
370
   -1
100
AcDbLine
 10
-11.1562316545191
 20
-16.2081067150337
 11
-1.2274798136492
 21
-16.2081067150337
  0
LINE
  5
E31
100
AcDbEntity
  8
0
  6
ByLayer
 62
    0
370
   -1
100
AcDbLine
 10
-1.2274798136492
 20
-16.2081067150337
 11
-1.2274798136492
 21
-16.2081067150337
  0
LINE
  5
E32
100
AcDbEntity
  8
0
  6
ByLayer
 62
    0
370
   -1
100
AcDbLine
 10
0
 20
-16.2081067150337
 11
-1.2274798136492
 21
-16.2081067150337
  0
LINE
  5
E33
100
AcDbEntity
  8
0
  6
ByLayer
 62
    0
370
   -1
100
AcDbLine
 10
0
 20
-16.2081067150337
 11
0
 21
-16.2081067150337
  0
LINE
  5
E34
100
AcDbEntity
  8
0
  6
ByLayer
 62
    0
370
   -1
100
AcDbLine
 10
-1.2274798136492
 20
-16.2081067150337
 11
0
 21
-16.2081067150337
  0
ENDBLK
  5
7E
330
7C
100
AcDbEntity
  8
0
100
AcDbBlockEnd
  0
BLOCK
  5
80
330
7F
100
AcDbEntity
  8
0
100
AcDbBlockBegin
  2
GROUP_1
 70
    0
 10
0
 20
0
  3
GROUP_1
  1

  0
LINE
  5
E35
100
AcDbEntity
  8
0
  6
ByLayer
 62
    0
370
   -1
100
AcDbLine
 10
6.334843117971244
 20
7.839999999999926
 11
0
 21
7.839999999999926
  0
LINE
  5
E36
100
AcDbEntity
  8
0
  6
ByLayer
 62
    0
370
   -1
100
AcDbLine
 10
0
 20
21.09310525172941
 11
0
 21
7.839999999999926
  0
LINE
  5
E37
100
AcDbEntity
  8
0
  6
ByLayer
 62
    0
370
   -1
100
AcDbLine
 10
0
 20
21.09310525172941
 11
1.04617609969508
 21
21.09310525172941
  0
LINE
  5
E38
100
AcDbEntity
  8
0
  6
ByLayer
 62
    0
370
   -1
100
AcDbLine
 10
1.04617609969508
 20
21.09310525172941
 11
6.334843117971244
 21
21.09310525172941
  0
LINE
  5
E39
100
AcDbEntity
  8
0
  6
ByLayer
 62
    0
370
   -1
100
AcDbLine
 10
6.334843117971244
 20
15.98064194269215
 11
6.334843117971244
 21
21.09310525172941
  0
LINE
  5
E3A
100
AcDbEntity
  8
0
  6
ByLayer
 62
    0
370
   -1
100
AcDbLine
 10
6.334843117971244
 20
10.22564194269216
 11
6.334843117971244
 21
15.98064194269215
  0
LINE
  5
E3B
100
AcDbEntity
  8
0
  6
ByLayer
 62
    0
370
   -1
100
AcDbLine
 10
6.334843117971244
 20
8.218694963555752
 11
6.334843117971244
 21
10.22564194269216
  0
LINE
  5
E3C
100
AcDbEntity
  8
0
  6
ByLayer
 62
    0
370
   -1
100
AcDbLine
 10
6.334843117971244
 20
7.839999999999926
 11
6.334843117971244
 21
8.218694963555752
  0
LINE
  5
E3D
100
AcDbEntity
  8
0
  6
ByLayer
 62
    0
370
   -1
100
AcDbLine
 10
17.58719227295408
 20
7.839999999999926
 11
24.22595652887113
 21
7.839999999999926
  0
LINE
  5
E3E
100
AcDbEntity
  8
0
  6
ByLayer
 62
    0
370
   -1
100
AcDbLine
 10
17.58719227295408
 20
10.22564194269216
 11
17.58719227295408
 21
7.839999999999926
  0
LINE
  5
E3F
100
AcDbEntity
  8
0
  6
ByLayer
 62
    0
370
   -1
100
AcDbLine
 10
17.58719227295408
 20
10.32564194269202
 11
17.58719227295408
 21
10.22564194269216
  0
LINE
  5
E40
100
AcDbEntity
  8
0
  6
ByLayer
 62
    0
370
   -1
100
AcDbLine
 10
17.58719227295408
 20
10.32564194269202
 11
17.58719227295408
 21
15.98064194269215
  0
LINE
  5
E41
100
AcDbEntity
  8
0
  6
ByLayer
 62
    0
370
   -1
100
AcDbLine
 10
17.58719227295408
 20
15.98064194269215
 11
17.58719227295408
 21
24.04810671503363
  0
LINE
  5
E42
100
AcDbEntity
  8
0
  6
ByLayer
 62
    0
370
   -1
100
AcDbLine
 10
17.58719227295408
 20
24.04810671503363
 11
24.22595652887113
 21
24.04810671503363
  0
LINE
  5
E43
100
AcDbEntity
  8
0
  6
ByLayer
 62
    0
370
   -1
100
AcDbLine
 10
24.22595652887113
 20
7.839999999999926
 11
24.22595652887113
 21
24.04810671503363
  0
LINE
  5
E44
100
AcDbEntity
  8
0
  6
ByLayer
 62
    0
370
   -1
100
AcDbLine
 10
35.38218818339018
 20
7.839999999999926
 11
35.38218818339018
 21
24.04810671503363
  0
LINE
  5
E45
100
AcDbEntity
  8
0
  6
ByLayer
 62
    0
370
   -1
100
AcDbLine
 10
34.15470836974098
 20
7.839999999999926
 11
35.38218818339018
 21
7.839999999999926
  0
LINE
  5
E46
100
AcDbEntity
  8
0
  6
ByLayer
 62
    0
370
   -1
100
AcDbLine
 10
24.22595652887113
 20
7.839999999999926
 11
34.15470836974098
 21
7.839999999999926
  0
LINE
  5
E47
100
AcDbEntity
  8
0
  6
ByLayer
 62
    0
370
   -1
100
AcDbLine
 10
24.22595652887113
 20
7.839999999999926
 11
24.22595652887113
 21
24.04810671503363
  0
LINE
  5
E48
100
AcDbEntity
  8
0
  6
ByLayer
 62
    0
370
   -1
100
AcDbLine
 10
24.22595652887113
 20
24.04810671503363
 11
35.38218818339018
 21
24.04810671503363
  0
LINE
  5
E49
100
AcDbEntity
  8
0
  6
ByLayer
 62
    0
370
   -1
100
AcDbLine
 10
15.63719227295317
 20
24.04810671503363
 11
17.58719227295408
 21
24.04810671503363
  0
LINE
  5
E4A
100
AcDbEntity
  8
0
  6
ByLayer
 62
    0
370
   -1
100
AcDbLine
 10
17.58719227295408
 20
15.98064194269215
 11
17.58719227295408
 21
24.04810671503363
  0
LINE
  5
E4B
100
AcDbEntity
  8
0
  6
ByLayer
 62
    0
370
   -1
100
AcDbLine
 10
15.63719227295317
 20
15.98064194269215
 11
17.58719227295408
 21
15.98064194269215
  0
LINE
  5
E4C
100
AcDbEntity
  8
0
  6
ByLayer
 62
    0
370
   -1
100
AcDbLine
 10
15.63719227295317
 20
15.98064194269215
 11
15.63719227295317
 21
24.04810671503363
  0
LINE
  5
E4D
100
AcDbEntity
  8
0
  6
ByLayer
 62
    0
370
   -1
100
AcDbLine
 10
17.58719227295408
 20
10.22564194269216
 11
6.334843117971244
 21
10.22564194269216
  0
LINE
  5
E4E
100
AcDbEntity
  8
0
  6
ByLayer
 62
    0
370
   -1
100
AcDbLine
 10
17.58719227295408
 20
10.22564194269216
 11
17.58719227295408
 21
7.839999999999926
  0
LINE
  5
E4F
100
AcDbEntity
  8
0
  6
ByLayer
 62
    0
370
   -1
100
AcDbLine
 10
6.334843117971244
 20
7.839999999999926
 11
17.58719227295408
 21
7.839999999999926
  0
LINE
  5
E50
100
AcDbEntity
  8
0
  6
ByLayer
 62
    0
370
   -1
100
AcDbLine
 10
6.334843117971244
 20
7.839999999999926
 11
6.334843117971244
 21
8.218694963555752
  0
LINE
  5
E51
100
AcDbEntity
  8
0
  6
ByLayer
 62
    0
370
   -1
100
AcDbLine
 10
6.334843117971244
 20
8.218694963555752
 11
6.334843117971244
 21
10.22564194269216
  0
LINE
  5
E52
100
AcDbEntity
  8
0
  6
ByLayer
 62
    0
370
   -1
100
AcDbLine
 10
1.04617609969508
 20
21.09310525172941
 11
6.334843117971244
 21
21.09310525172941
  0
LINE
  5
E53
100
AcDbEntity
  8
0
  6
ByLayer
 62
    0
370
   -1
100
AcDbLine
 10
0
 20
21.09310525172941
 11
1.04617609969508
 21
21.09310525172941
  0
LINE
  5
E54
100
AcDbEntity
  8
0
  6
ByLayer
 62
    0
370
   -1
100
AcDbLine
 10
0
 20
24.04810671503363
 11
0
 21
21.09310525172941
  0
LINE
  5
E55
100
AcDbEntity
  8
0
  6
ByLayer
 62
    0
370
   -1
100
AcDbLine
 10
0
 20
24.04810671503363
 11
6.334843117971244
 21
24.04810671503363
  0
LINE
  5
E56
100
AcDbEntity
  8
0
  6
ByLayer
 62
    0
370
   -1
100
AcDbLine
 10
6.334843117971244
 20
21.09310525172941
 11
6.334843117971244
 21
24.04810671503363
  0
LINE
  5
E57
100
AcDbEntity
  8
0
  6
ByLayer
 62
    0
370
   -1
100
AcDbLine
 10
35.38218818339018
 20
0
 11
35.38218818339018
 21
4.95945737163936
  0
LINE
  5
E58
100
AcDbEntity
  8
0
  6
ByLayer
 62
    0
370
   -1
100
AcDbLine
 10
35.38218818339018
 20
0
 11
34.15470836974098
 21
0
  0
LINE
  5
E59
100
AcDbEntity
  8
0
  6
ByLayer
 62
    0
370
   -1
100
AcDbLine
 10
34.15470836974098
 20
4.95945737163936
 11
34.15470836974098
 21
0
  0
LINE
  5
E5A
100
AcDbEntity
  8
0
  6
ByLayer
 62
    0
370
   -1
100
AcDbLine
 10
34.15470836974098
 20
4.95945737163936
 11
35.38218818339018
 21
4.95945737163936
  0
LINE
  5
E5B
100
AcDbEntity
  8
0
  6
ByLayer
 62
    0
370
   -1
100
AcDbLine
 10
6.334843117971244
 20
15.98064194269215
 11
6.334843117971244
 21
21.09310525172941
  0
LINE
  5
E5C
100
AcDbEntity
  8
0
  6
ByLayer
 62
    0
370
   -1
100
AcDbLine
 10
6.334843117971244
 20
21.09310525172941
 11
6.334843117971244
 21
24.04810671503363
  0
LINE
  5
E5D
100
AcDbEntity
  8
0
  6
ByLayer
 62
    0
370
   -1
100
AcDbLine
 10
6.334843117971244
 20
24.04810671503363
 11
15.63719227295317
 21
24.04810671503363
  0
LINE
  5
E5E
100
AcDbEntity
  8
0
  6
ByLayer
 62
    0
370
   -1
100
AcDbLine
 10
15.63719227295317
 20
15.98064194269215
 11
15.63719227295317
 21
24.04810671503363
  0
LINE
  5
E5F
100
AcDbEntity
  8
0
  6
ByLayer
 62
    0
370
   -1
100
AcDbLine
 10
15.63719227295317
 20
15.98064194269215
 11
6.334843117971244
 21
15.98064194269215
  0
LINE
  5
E60
100
AcDbEntity
  8
0
  6
ByLayer
 62
    0
370
   -1
100
AcDbLine
 10
34.15470836974098
 20
4.95945737163936
 11
34.15470836974098
 21
7.839999999999926
  0
LINE
  5
E61
100
AcDbEntity
  8
0
  6
ByLayer
 62
    0
370
   -1
100
AcDbLine
 10
34.15470836974098
 20
4.95945737163936
 11
34.15470836974098
 21
0
  0
LINE
  5
E62
100
AcDbEntity
  8
0
  6
ByLayer
 62
    0
370
   -1
100
AcDbLine
 10
34.15470836974098
 20
0
 11
24.22595652887113
 21
0
  0
LINE
  5
E63
100
AcDbEntity
  8
0
  6
ByLayer
 62
    0
370
   -1
100
AcDbLine
 10
24.22595652887113
 20
0.1000000000000004
 11
24.22595652887113
 21
0
  0
LINE
  5
E64
100
AcDbEntity
  8
0
  6
ByLayer
 62
    0
370
   -1
100
AcDbLine
 10
24.22595652887113
 20
7.839999999999926
 11
24.22595652887113
 21
0.1000000000000004
  0
LINE
  5
E65
100
AcDbEntity
  8
0
  6
ByLayer
 62
    0
370
   -1
100
AcDbLine
 10
24.22595652887113
 20
7.839999999999926
 11
34.15470836974098
 21
7.839999999999926
  0
LINE
  5
E66
100
AcDbEntity
  8
0
  6
ByLayer
 62
    0
370
   -1
100
AcDbLine
 10
15.63719227295317
 20
15.98064194269215
 11
17.58719227295408
 21
15.98064194269215
  0
LINE
  5
E67
100
AcDbEntity
  8
0
  6
ByLayer
 62
    0
370
   -1
100
AcDbLine
 10
17.58719227295408
 20
10.32564194269202
 11
17.58719227295408
 21
15.98064194269215
  0
LINE
  5
E68
100
AcDbEntity
  8
0
  6
ByLayer
 62
    0
370
   -1
100
AcDbLine
 10
17.58719227295408
 20
10.32564194269202
 11
17.58719227295408
 21
10.22564194269216
  0
LINE
  5
E69
100
AcDbEntity
  8
0
  6
ByLayer
 62
    0
370
   -1
100
AcDbLine
 10
17.58719227295408
 20
10.22564194269216
 11
6.334843117971244
 21
10.22564194269216
  0
LINE
  5
E6A
100
AcDbEntity
  8
0
  6
ByLayer
 62
    0
370
   -1
100
AcDbLine
 10
6.334843117971244
 20
10.22564194269216
 11
6.334843117971244
 21
15.98064194269215
  0
LINE
  5
E6B
100
AcDbEntity
  8
0
  6
ByLayer
 62
    0
370
   -1
100
AcDbLine
 10
15.63719227295317
 20
15.98064194269215
 11
6.334843117971244
 21
15.98064194269215
  0
ENDBLK
  5
81
330
7F
100
AcDbEntity
  8
0
100
AcDbBlockEnd
  0
ENDSEC
  0
SECTION
  2
ENTITIES
  0
LINE
  5
E6C
100
AcDbEntity
  8
0
  6
ByLayer
 62
    7
370
   -1
100
AcDbLine
 10
3.8061894640498
 20
4.709650491181787
 11
4.184884427605672
 21
4.709650491181787
  0
LINE
  5
E6D
100
AcDbEntity
  8
0
  6
ByLayer
 62
    7
370
   -1
100
AcDbLine
 10
4.184884427605672
 20
4.709650491181787
 11
4.184884427605672
 21
4.583418836663338
  0
LINE
  5
E6E
100
AcDbEntity
  8
0
  6
ByLayer
 62
    7
370
   -1
100
AcDbLine
 10
3.8061894640498
 20
4.330955527626326
 11
3.8061894640498
 21
4.457187182144837
  0
LINE
  5
E6F
100
AcDbEntity
  8
0
  6
ByLayer
 62
    6
370
   -1
100
AcDbLine
 10
4.184884427605672
 20
4.457187182144837
 11
9.806189464049819
 21
4.457187182144837
  0
LINE
  5
E70
100
AcDbEntity
  8
0
  6
ByLayer
 62
    7
370
   -1
100
AcDbLine
 10
13.34504212239272
 20
4.457187182144837
 11
13.37050974501771
 21
4.457187182144837
  0
LINE
  5
E71
100
AcDbEntity
  8
0
  6
ByLayer
 62
    7
370
   -1
100
AcDbLine
 10
4.184884427605672
 20
4.583418836663338
 11
7.606189464049907
 21
4.583418836663338
  0
LINE
  5
E72
100
AcDbEntity
  8
0
  6
ByLayer
 62
    7
370
   -1
100
AcDbLine
 10
10.18488442760477
 20
4.583418836663338
 11
11.78488442760478
 21
4.583418836663338
  0
LINE
  5
E73
100
AcDbEntity
  8
0
  6
ByLayer
 62
    7
370
   -1
100
AcDbLine
 10
9.806189464049819
 20
4.709650491181787
 11
10.18488442760477
 21
4.709650491181787
  0
LINE
  5
E74
100
AcDbEntity
  8
0
  6
ByLayer
 62
    7
370
   -1
100
AcDbLine
 10
10.18488442760477
 20
4.709650491181787
 11
10.18488442760477
 21
4.689851942058127
  0
LINE
  5
E75
100
AcDbEntity
  8
0
  6
ByLayer
 62
    7
370
   -1
100
AcDbLine
 10
9.806189464049819
 20
4.330955527626326
 11
9.806189464049819
 21
4.457187182144837
  0
LINE
  5
E76
100
AcDbEntity
  8
0
  6
ByLayer
 62
    6
370
   -1
100
AcDbLine
 10
13.34504212239272
 20
4.330955527626326
 11
13.34504212239272
 21
2.430955527626327
  0
LINE
  5
E77
100
AcDbEntity
  8
0
  6
ByLayer
 62
    6
370
   -1
100
AcDbLine
 10
3.942692967409824
 20
4.330955527626326
 11
3.942692967409824
 21
4.005233714513286
  0
LINE
  5
E78
100
AcDbEntity
  8
0
  6
ByLayer
 62
    7
370
   -1
100
AcDbLine
 10
3.942692967409824
 20
3.950955527626347
 11
4.042692967409871
 21
3.950955527626347
  0
LINE
  5
E79
100
AcDbEntity
  8
0
  6
ByLayer
 62
    6
370
   -1
100
AcDbLine
 10
3.942692967409824
 20
3.050955527626346
 11
3.942692967409824
 21
2.890714908789006
  0
LINE
  5
E7A
100
AcDbEntity
  8
0
  6
ByLayer
 62
    5
370
   -1
100
AcDbLine
 10
3.942692967409824
 20
-1.379044472373673
 11
3.942692967409824
 21
-3.369044472373881
  0
LINE
  5
E7B
100
AcDbEntity
  8
0
  6
ByLayer
 62
    7
370
   -1
100
AcDbLine
 10
3.942692967409824
 20
-3.369044472373881
 11
3.967993913576827
 21
-3.369044472373881
  0
LINE
  5
E7C
100
AcDbEntity
  8
0
  6
ByLayer
 62
    7
370
   -1
100
AcDbLine
 10
4.042692967409871
 20
-3.369044472373881
 11
4.042692967409871
 21
-3.424044472373666
  0
LINE
  5
E7D
100
AcDbEntity
  8
0
  6
ByLayer
 62
    7
370
   -1
100
AcDbLine
 10
4.042692967409871
 20
-3.469044472373881
 11
4.016631394108752
 21
-3.469044472373881
  0
LINE
  5
E7E
100
AcDbEntity
  8
0
  6
ByLayer
 62
    7
370
   -1
100
AcDbLine
 10
3.942692967409824
 20
-3.469044472373881
 11
3.942692967409824
 21
-3.424044472373666
  0
LINE
  5
E7F
100
AcDbEntity
  8
0
  6
ByLayer
 62
    7
370
   -1
100
AcDbLine
 10
7.80488442760473
 20
-3.369044472373881
 11
7.80488442760473
 21
-3.469044472373881
  0
LINE
  5
E80
100
AcDbEntity
  8
0
  6
ByLayer
 62
    7
370
   -1
100
AcDbLine
 10
7.904884427604779
 20
-3.369044472373881
 11
7.904884427604779
 21
-3.469044472373881
  0
LINE
  5
E81
100
AcDbEntity
  8
0
  6
ByLayer
 62
    7
370
   -1
100
AcDbLine
 10
10.84488442760478
 20
-3.369044472373881
 11
10.84488442760478
 21
-3.469044472373881
  0
LINE
  5
E82
100
AcDbEntity
  8
0
  6
ByLayer
 62
    7
370
   -1
100
AcDbLine
 10
10.94488442760464
 20
-3.369044472373881
 11
10.94488442760464
 21
-3.469044472373881
  0
LINE
  5
E83
100
AcDbEntity
  8
0
  6
ByLayer
 62
    6
370
   -1
100
AcDbLine
 10
13.34504212239272
 20
4.330955527626326
 11
13.34504212239272
 21
4.457187182144837
  0
LINE
  5
E84
100
AcDbEntity
  8
0
  6
ByLayer
 62
    6
370
   -1
100
AcDbLine
 10
10.18488442760477
 20
4.457187182144837
 11
13.34504212239272
 21
4.457187182144837
  0
LINE
  5
E85
100
AcDbEntity
  8
0
  6
ByLayer
 62
    7
370
   -1
100
AcDbLine
 10
4.184884427605672
 20
4.457187182144837
 11
4.184884427605672
 21
4.330955527626326
  0
LINE
  5
E86
100
AcDbEntity
  8
0
  6
ByLayer
 62
    7
370
   -1
100
AcDbLine
 10
4.184884427605672
 20
4.583418836663338
 11
4.184884427605672
 21
4.457187182144837
  0
LINE
  5
E87
100
AcDbEntity
  8
0
  6
ByLayer
 62
    7
370
   -1
100
AcDbLine
 10
4.042692967409871
 20
4.330955527626326
 11
3.942692967409824
 21
4.330955527626326
  0
LINE
  5
E88
100
AcDbEntity
  8
0
  6
ByLayer
 62
    7
370
   -1
100
AcDbLine
 10
3.8061894640498
 20
4.457187182144837
 11
3.8061894640498
 21
4.583418836663338
  0
LINE
  5
E89
100
AcDbEntity
  8
0
  6
ByLayer
 62
    7
370
   -1
100
AcDbLine
 10
13.39504212239275
 20
4.457187182144837
 11
13.41664275191865
 21
4.457187182144837
  0
LINE
  5
E8A
100
AcDbEntity
  8
0
  6
ByLayer
 62
    7
370
   -1
100
AcDbLine
 10
13.37050974501771
 20
4.457187182144837
 11
13.39504212239275
 21
4.457187182144837
  0
LINE
  5
E8B
100
AcDbEntity
  8
0
  6
ByLayer
 62
    7
370
   -1
100
AcDbLine
 10
3.8061894640498
 20
4.709650491181787
 11
3.8061894640498
 21
4.711081431751406
  0
LINE
  5
E8C
100
AcDbEntity
  8
0
  6
ByLayer
 62
    7
370
   -1
100
AcDbLine
 10
7.606189464049907
 20
4.583418836663338
 11
9.806189464049819
 21
4.583418836663338
  0
LINE
  5
E8D
100
AcDbEntity
  8
0
  6
ByLayer
 62
    7
370
   -1
100
AcDbLine
 10
11.78488442760478
 20
4.583418836663338
 11
13.37050974501771
 21
4.583418836663267
  0
LINE
  5
E8E
100
AcDbEntity
  8
0
  6
ByLayer
 62
    7
370
   -1
100
AcDbLine
 10
10.18488442760477
 20
4.457187182144837
 11
10.18488442760477
 21
4.330955527626326
  0
LINE
  5
E8F
100
AcDbEntity
  8
0
  6
ByLayer
 62
    7
370
   -1
100
AcDbLine
 10
10.18488442760477
 20
4.583418836663338
 11
10.18488442760477
 21
4.457187182144837
  0
LINE
  5
E90
100
AcDbEntity
  8
0
  6
ByLayer
 62
    7
370
   -1
100
AcDbLine
 10
10.18488442760477
 20
4.664170641130806
 11
10.18488442760477
 21
4.583418836663338
  0
LINE
  5
E91
100
AcDbEntity
  8
0
  6
ByLayer
 62
    7
370
   -1
100
AcDbLine
 10
10.18488442760477
 20
4.689851942058127
 11
10.18488442760477
 21
4.664170641130806
  0
LINE
  5
E92
100
AcDbEntity
  8
0
  6
ByLayer
 62
    7
370
   -1
100
AcDbLine
 10
9.806189464049819
 20
4.457187182144837
 11
9.806189464049819
 21
4.583418836663338
  0
LINE
  5
E93
100
AcDbEntity
  8
0
  6
ByLayer
 62
    6
370
   -1
100
AcDbLine
 10
13.24504212239286
 20
4.330955527626326
 11
13.34504212239272
 21
4.330955527626326
  0
LINE
  5
E94
100
AcDbEntity
  8
0
  6
ByLayer
 62
    6
370
   -1
100
AcDbLine
 10
3.942692967409824
 20
4.005233714513286
 11
3.942692967409824
 21
3.950955527626347
  0
LINE
  5
E95
100
AcDbEntity
  8
0
  6
ByLayer
 62
    6
370
   -1
100
AcDbLine
 10
3.942692967409824
 20
0.8834188366633171
 11
3.942692967409824
 21
0.7834188366633175
  0
LINE
  5
E96
100
AcDbEntity
  8
0
  6
ByLayer
 62
    6
370
   -1
100
AcDbLine
 10
3.942692967409824
 20
1.091127599962817
 11
3.942692967409824
 21
0.8834188366633171
  0
LINE
  5
E97
100
AcDbEntity
  8
0
  6
ByLayer
 62
    6
370
   -1
100
AcDbLine
 10
3.942692967409824
 20
1.938514849532286
 11
3.942692967409824
 21
1.652460733774127
  0
LINE
  5
E98
100
AcDbEntity
  8
0
  6
ByLayer
 62
    6
370
   -1
100
AcDbLine
 10
3.942692967409824
 20
2.890714908789006
 11
3.942692967409824
 21
2.715151902827676
  0
LINE
  5
E99
100
AcDbEntity
  8
0
  6
ByLayer
 62
    7
370
   -1
100
AcDbLine
 10
4.016631394108752
 20
-3.369044472373881
 11
4.042692967409871
 21
-3.369044472373881
  0
LINE
  5
E9A
100
AcDbEntity
  8
0
  6
ByLayer
 62
    7
370
   -1
100
AcDbLine
 10
3.967993913576827
 20
-3.369044472373881
 11
4.016631394108752
 21
-3.369044472373881
  0
LINE
  5
E9B
100
AcDbEntity
  8
0
  6
ByLayer
 62
    7
370
   -1
100
AcDbLine
 10
4.042692967409871
 20
-3.424044472373666
 11
4.042692967409871
 21
-3.469044472373881
  0
LINE
  5
E9C
100
AcDbEntity
  8
0
  6
ByLayer
 62
    7
370
   -1
100
AcDbLine
 10
4.016631394108752
 20
-3.469044472373881
 11
3.967993913576827
 21
-3.469044472373881
  0
LINE
  5
E9D
100
AcDbEntity
  8
0
  6
ByLayer
 62
    7
370
   -1
100
AcDbLine
 10
3.942692967409824
 20
-3.424044472373666
 11
3.942692967409824
 21
-3.369044472373881
  0
LINE
  5
E9E
100
AcDbEntity
  8
0
  6
ByLayer
 62
    6
370
   -1
100
AcDbLine
 10
13.3450421223918
 20
-1.359044472374023
 11
13.3450421223918
 21
-3.369044472373881
  0
LINE
  5
E9F
100
AcDbEntity
  8
0
  6
ByLayer
 62
    7
370
   -1
100
AcDbLine
 10
4.016631394108752
 20
-3.369044472373881
 11
4.016631394108752
 21
-3.469044472373881
  0
LINE
  5
EA0
100
AcDbEntity
  8
0
  6
ByLayer
 62
    7
370
   -1
100
AcDbLine
 10
3.967993913576827
 20
-3.369044472373881
 11
3.967993913576827
 21
-3.469044472373881
  0
LINE
  5
EA1
100
AcDbEntity
  8
0
  6
ByLayer
 62
    7
370
   -1
100
AcDbLine
 10
3.942692967409824
 20
4.330955527626326
 11
3.8061894640498
 21
4.330955527626326
  0
LINE
  5
EA2
100
AcDbEntity
  8
0
  6
ByLayer
 62
    7
370
   -1
100
AcDbLine
 10
3.8061894640498
 20
4.583418836663338
 11
3.8061894640498
 21
4.664170641130806
  0
LINE
  5
EA3
100
AcDbEntity
  8
0
  6
ByLayer
 62
    7
370
   -1
100
AcDbLine
 10
13.39504212239275
 20
4.583418836663267
 11
13.41664275191865
 21
4.583418836663267
  0
LINE
  5
EA4
100
AcDbEntity
  8
0
  6
ByLayer
 62
    7
370
   -1
100
AcDbLine
 10
13.37050974501771
 20
4.583418836663267
 11
13.39504212239275
 21
4.583418836663267
  0
LINE
  5
EA5
100
AcDbEntity
  8
0
  6
ByLayer
 62
    7
370
   -1
100
AcDbLine
 10
9.806189464049819
 20
4.583418836663338
 11
9.806189464049819
 21
4.664170641130806
  0
LINE
  5
EA6
100
AcDbEntity
  8
0
  6
ByLayer
 62
    6
370
   -1
100
AcDbLine
 10
3.942692967409824
 20
0.7834188366633175
 11
3.942692967409824
 21
-1.379044472373673
  0
LINE
  5
EA7
100
AcDbEntity
  8
0
  6
ByLayer
 62
    6
370
   -1
100
AcDbLine
 10
3.942692967409824
 20
1.652460733774127
 11
3.942692967409824
 21
1.393660006158816
  0
LINE
  5
EA8
100
AcDbEntity
  8
0
  6
ByLayer
 62
    6
370
   -1
100
AcDbLine
 10
3.942692967409824
 20
2.715151902827676
 11
3.942692967409824
 21
1.938514849532286
  0
LINE
  5
EA9
100
AcDbEntity
  8
0
  6
ByLayer
 62
    7
370
   -1
100
AcDbLine
 10
3.967993913576827
 20
-3.469044472373881
 11
3.942692967409824
 21
-3.469044472373881
  0
LINE
  5
EAA
100
AcDbEntity
  8
0
  6
ByLayer
 62
    7
370
   -1
100
AcDbLine
 10
3.8061894640498
 20
4.664170641130806
 11
3.8061894640498
 21
4.689851942058127
  0
LINE
  5
EAB
100
AcDbEntity
  8
0
  6
ByLayer
 62
    7
370
   -1
100
AcDbLine
 10
9.806189464049819
 20
4.664170641130806
 11
9.806189464049819
 21
4.689851942058127
  0
LINE
  5
EAC
100
AcDbEntity
  8
0
  6
ByLayer
 62
    6
370
   -1
100
AcDbLine
 10
3.942692967409824
 20
1.393660006158816
 11
3.942692967409824
 21
1.091127599962817
  0
LINE
  5
EAD
100
AcDbEntity
  8
0
  6
ByLayer
 62
    7
370
   -1
100
AcDbLine
 10
3.8061894640498
 20
4.689851942058127
 11
3.8061894640498
 21
4.709650491181787
  0
LINE
  5
EAE
100
AcDbEntity
  8
0
  6
ByLayer
 62
    7
370
   -1
100
AcDbLine
 10
9.806189464049819
 20
4.689851942058127
 11
9.806189464049819
 21
4.709650491181787
  0
ARC
  5
EAF
100
AcDbEntity
  8
0
  6
ByLayer
 62
    7
370
   -1
100
AcDbCircle
 10
3.942692967409824
 20
3.950955527626347
 40
0.9000000000000032
100
AcDbArc
 50
270
 51
276.3815921598854
  0
LINE
  5
EB0
100
AcDbEntity
  8
0
  6
ByLayer
 62
    0
370
   -1
100
AcDbLine
 10
4.042692967409871
 20
-1.379044472373673
 11
4.042692967409871
 21
-1.199385800363153
  0
LINE
  5
EB1
100
AcDbEntity
  8
0
  6
ByLayer
 62
    5
370
   -1
100
AcDbLine
 10
4.042692967409871
 20
-1.379044472373673
 11
4.042692967409871
 21
-3.369044472373881
  0
LINE
  5
EB2
100
AcDbEntity
  8
0
  6
ByLayer
 62
    5
370
   -1
100
AcDbLine
 10
4.042692967409871
 20
-3.369044472373881
 11
7.80488442760473
 21
-3.369044472373881
  0
LINE
  5
EB3
100
AcDbEntity
  8
0
  6
ByLayer
 62
    5
370
   -1
100
AcDbLine
 10
7.80488442760473
 20
-3.369044472373881
 11
7.904884427604779
 21
-3.369044472373881
  0
LINE
  5
EB4
100
AcDbEntity
  8
0
  6
ByLayer
 62
    5
370
   -1
100
AcDbLine
 10
10.84488442760478
 20
-3.369044472373881
 11
10.94488442760464
 21
-3.369044472373881
  0
LINE
  5
EB5
100
AcDbEntity
  8
0
  6
ByLayer
 62
    5
370
   -1
100
AcDbLine
 10
10.94488442760464
 20
-3.369044472373881
 11
13.24504212239175
 21
-3.369044472373881
  0
LINE
  5
EB6
100
AcDbEntity
  8
0
  6
ByLayer
 62
    6
370
   -1
100
AcDbLine
 10
13.24504212239175
 20
-2.396544472373861
 11
13.24504212239175
 21
-3.369044472373881
  0
LINE
  5
EB7
100
AcDbEntity
  8
0
  6
ByLayer
 62
    6
370
   -1
100
AcDbLine
 10
13.24504212239175
 20
-1.269044472373873
 11
13.24504212239175
 21
-2.396544472373861
  0
LINE
  5
EB8
100
AcDbEntity
  8
0
  6
ByLayer
 62
    0
370
   -1
100
AcDbLine
 10
10.18488442760477
 20
4.330955527626326
 11
13.24504212239286
 21
4.330955527626326
  0
LINE
  5
EB9
100
AcDbEntity
  8
0
  6
ByLayer
 62
    0
370
   -1
100
AcDbLine
 10
9.806189464049819
 20
4.330955527626326
 11
10.18488442760477
 21
4.330955527626326
  0
LINE
  5
EBA
100
AcDbEntity
  8
0
  6
ByLayer
 62
    0
370
   -1
100
AcDbLine
 10
8.642692967409799
 20
4.330955527626326
 11
9.806189464049819
 21
4.330955527626326
  0
LINE
  5
EBB
100
AcDbEntity
  8
0
  6
ByLayer
 62
    0
370
   -1
100
AcDbLine
 10
4.184884427605672
 20
4.330955527626326
 11
8.642692967409799
 21
4.330955527626326
  0
LINE
  5
EBC
100
AcDbEntity
  8
0
  6
ByLayer
 62
    6
370
   -1
100
AcDbLine
 10
4.042692967409871
 20
4.330955527626326
 11
4.184884427605672
 21
4.330955527626326
  0
LINE
  5
EBD
100
AcDbEntity
  8
0
  6
ByLayer
 62
    0
370
   -1
100
AcDbLine
 10
4.042692967409871
 20
3.950955527626347
 11
4.042692967409871
 21
4.330955527626326
  0
LINE
  5
EBE
100
AcDbEntity
  8
0
  6
ByLayer
 62
    7
370
   -1
100
AcDbLine
 10
4.042692967409871
 20
3.950955527626347
 11
4.072692967409737
 21
3.950955527626347
  0
LINE
  5
EBF
100
AcDbEntity
  8
0
  6
ByLayer
 62
    7
370
   -1
100
AcDbLine
 10
4.072692967409737
 20
3.950955527626347
 11
4.842692967409874
 21
3.950955527626347
  0
ARC
  5
EC0
100
AcDbEntity
  8
0
  6
ByLayer
 62
    0
370
   -1
100
AcDbCircle
 10
3.942692967409824
 20
3.950955527626347
 40
0.9000000000000032
100
AcDbArc
 50
276.3815921598854
 51
0
  0
LINE
  5
EC1
100
AcDbEntity
  8
0
  6
ByLayer
 62
    0
370
   -1
100
AcDbLine
 10
4.042692967409871
 20
3.056528336626277
 11
4.042692967409871
 21
3.056842348692067
  0
LINE
  5
EC2
100
AcDbEntity
  8
0
  6
ByLayer
 62
    0
370
   -1
100
AcDbLine
 10
4.042692967409871
 20
2.890714908789006
 11
4.042692967409871
 21
3.056528336626277
  0
LINE
  5
EC3
100
AcDbEntity
  8
0
  6
ByLayer
 62
    0
370
   -1
100
AcDbLine
 10
4.042692967409871
 20
2.715151902827676
 11
4.042692967409871
 21
2.890714908789006
  0
LINE
  5
EC4
100
AcDbEntity
  8
0
  6
ByLayer
 62
    0
370
   -1
100
AcDbLine
 10
4.042692967409871
 20
2.129174107249616
 11
4.042692967409871
 21
2.715151902827676
  0
LINE
  5
EC5
100
AcDbEntity
  8
0
  6
ByLayer
 62
    5
370
   -1
100
AcDbLine
 10
7.904884427604779
 20
-3.369044472373881
 11
9.374884427604689
 21
-3.369044472373881
  0
LINE
  5
EC6
100
AcDbEntity
  8
0
  6
ByLayer
 62
    0
370
   -1
100
AcDbLine
 10
4.042692967409871
 20
3.056842348692067
 11
4.042692967409871
 21
3.950955527626347
  0
ARC
  5
EC7
100
AcDbEntity
  8
0
  6
ByLayer
 62
    0
370
   -1
100
AcDbCircle
 10
3.942692967409824
 20
3.950955527626347
 40
0.9000000000000032
100
AcDbArc
 50
276.3815921598854
 51
0
  0
LINE
  5
EC8
100
AcDbEntity
  8
0
  6
ByLayer
 62
    7
370
   -1
100
AcDbLine
 10
4.072692967409737
 20
3.950955527626347
 11
4.842692967409874
 21
3.950955527626347
  0
LINE
  5
EC9
100
AcDbEntity
  8
0
  6
ByLayer
 62
    7
370
   -1
100
AcDbLine
 10
4.042692967409871
 20
3.950955527626347
 11
4.072692967409737
 21
3.950955527626347
  0
LINE
  5
ECA
100
AcDbEntity
  8
0
  6
ByLayer
 62
    0
370
   -1
100
AcDbLine
 10
7.642692967410623
 20
-3.469044472373881
 11
7.80488442760473
 21
-3.469044472373881
  0
LINE
  5
ECB
100
AcDbEntity
  8
0
  6
ByLayer
 62
    0
370
   -1
100
AcDbLine
 10
7.904884427604779
 20
-3.469044472373881
 11
8.242692967410719
 21
-3.469044472373881
  0
LINE
  5
ECC
100
AcDbEntity
  8
0
  6
ByLayer
 62
    3
370
   -1
100
AcDbLine
 10
7.80488442760473
 20
-3.469044472373881
 11
7.904884427604779
 21
-3.469044472373881
  0
LINE
  5
ECD
100
AcDbEntity
  8
0
  6
ByLayer
 62
    5
370
   -1
100
AcDbLine
 10
9.374884427604689
 20
-3.369044472373881
 11
10.84488442760478
 21
-3.369044472373881
  0
LINE
  5
ECE
100
AcDbEntity
  8
0
  6
ByLayer
 62
    0
370
   -1
100
AcDbLine
 10
4.042692967409871
 20
-3.469044472373881
 11
4.642692967409781
 21
-3.469044472373881
  0
LINE
  5
ECF
100
AcDbEntity
  8
0
  6
ByLayer
 62
    0
370
   -1
100
AcDbLine
 10
4.042692967409871
 20
-3.524044472373666
 11
4.042692967409871
 21
-3.469044472373881
  0
LINE
  5
ED0
100
AcDbEntity
  8
0
  6
ByLayer
 62
    0
370
   -1
100
AcDbLine
 10
8.842692967410629
 20
-3.469044472373881
 11
10.84488442760478
 21
-3.469044472373881
  0
LINE
  5
ED1
100
AcDbEntity
  8
0
  6
ByLayer
 62
    0
370
   -1
100
AcDbLine
 10
10.94488442760464
 20
-3.469044472373881
 11
13.24504212239175
 21
-3.469044472373881
  0
LINE
  5
ED2
100
AcDbEntity
  8
0
  6
ByLayer
 62
    0
370
   -1
100
AcDbLine
 10
10.84488442760478
 20
-3.469044472373881
 11
10.94488442760464
 21
-3.469044472373881
  0
LINE
  5
ED3
100
AcDbEntity
  8
0
  6
ByLayer
 62
    0
370
   -1
100
AcDbLine
 10
4.042692967409871
 20
1.938514849532286
 11
4.042692967409871
 21
2.129174107249616
  0
LINE
  5
ED4
100
AcDbEntity
  8
0
  6
ByLayer
 62
    0
370
   -1
100
AcDbLine
 10
4.042692967409871
 20
1.715586556010246
 11
4.042692967409871
 21
1.938514849532286
  0
LINE
  5
ED5
100
AcDbEntity
  8
0
  6
ByLayer
 62
    0
370
   -1
100
AcDbLine
 10
4.042692967409871
 20
1.560818232049407
 11
4.042692967409871
 21
1.715586556010246
  0
LINE
  5
ED6
100
AcDbEntity
  8
0
  6
ByLayer
 62
    0
370
   -1
100
AcDbLine
 10
4.042692967409871
 20
-0.7857982491236832
 11
4.042692967409871
 21
1.560818232049407
  0
LINE
  5
ED7
100
AcDbEntity
  8
0
  6
ByLayer
 62
    0
370
   -1
100
AcDbLine
 10
4.042692967409871
 20
-1.199385800363153
 11
4.042692967409871
 21
-0.7857982491236832
  0
LINE
  5
ED8
100
AcDbEntity
  8
0
  6
ByLayer
 62
    0
370
   -1
100
AcDbLine
 10
8.242692967410719
 20
-3.469044472373881
 11
8.842692967410629
 21
-3.469044472373881
  0
LINE
  5
ED9
100
AcDbEntity
  8
0
  6
ByLayer
 62
    0
370
   -1
100
AcDbLine
 10
4.642692967409781
 20
-3.469044472373881
 11
5.242692967409876
 21
-3.469044472373881
  0
LINE
  5
EDA
100
AcDbEntity
  8
0
  6
ByLayer
 62
    0
370
   -1
100
AcDbLine
 10
5.242692967409876
 20
-3.469044472373881
 11
5.842692967409786
 21
-3.469044472373881
  0
LINE
  5
EDB
100
AcDbEntity
  8
0
  6
ByLayer
 62
    0
370
   -1
100
AcDbLine
 10
7.04269296740979
 20
-3.469044472373881
 11
7.642692967410623
 21
-3.469044472373881
  0
LINE
  5
EDC
100
AcDbEntity
  8
0
  6
ByLayer
 62
    0
370
   -1
100
AcDbLine
 10
5.842692967409786
 20
-3.469044472373881
 11
6.442692967409879
 21
-3.469044472373881
  0
LINE
  5
EDD
100
AcDbEntity
  8
0
  6
ByLayer
 62
    0
370
   -1
100
AcDbLine
 10
6.442692967409879
 20
-3.469044472373881
 11
7.04269296740979
 21
-3.469044472373881
  0
LINE
  5
EDE
100
AcDbEntity
  8
0
  6
ByLayer
 62
  256
370
   -1
100
AcDbLine
 10
3.942692967409825
 20
-3.469044472373881
 11
3.942692967409824
 21
-3.531192959224091
  0
LINE
  5
EDF
100
AcDbEntity
  8
0
  6
ByLayer
 62
  256
370
   -1
100
AcDbLine
 10
13.24504212239286
 20
3.950955527626347
 11
13.34504212239291
 21
3.950955527626347
  0
LINE
  5
EE0
100
AcDbEntity
  8
0
  6
ByLayer
 62
  256
370
   -1
100
AcDbLine
 10
13.24504212239286
 20
4.005233714513286
 11
13.24504212239286
 21
3.950955527626347
  0
ARC
  5
EE1
100
AcDbEntity
  8
0
  6
ByLayer
 62
  256
370
   -1
100
AcDbCircle
 10
13.24504212239286
 20
3.950955527626347
 40
0.9000000000000032
100
AcDbArc
 50
270
 51
276.3815921598854
  0
LINE
  5
EE2
100
AcDbEntity
  8
0
  6
ByLayer
 62
  256
370
   -1
100
AcDbLine
 10
13.34504212239291
 20
3.950955527626347
 11
13.37504212239277
 21
3.950955527626347
  0
LINE
  5
EE3
100
AcDbEntity
  8
0
  6
ByLayer
 62
  256
370
   -1
100
AcDbLine
 10
13.37504212239277
 20
3.950955527626347
 11
14.14504212239291
 21
3.950955527626347
  0
ARC
  5
EE4
100
AcDbEntity
  8
0
  6
ByLayer
 62
  256
370
   -1
100
AcDbCircle
 10
13.24504212239286
 20
3.950955527626347
 40
0.9000000000000032
100
AcDbArc
 50
276.3815921598854
 51
0
  0
LINE
  5
EE5
100
AcDbEntity
  8
0
  6
ByLayer
 62
  256
370
   -1
100
AcDbLine
 10
13.34504212239291
 20
3.056528336626277
 11
13.34504212239291
 21
3.056842348692067
  0
LINE
  5
EE6
100
AcDbEntity
  8
0
  6
ByLayer
 62
  256
370
   -1
100
AcDbLine
 10
13.34504212239291
 20
3.056842348692067
 11
13.34504212239291
 21
3.950955527626347
  0
ARC
  5
EE7
100
AcDbEntity
  8
0
  6
ByLayer
 62
  256
370
   -1
100
AcDbCircle
 10
13.24504212239286
 20
3.950955527626347
 40
0.9000000000000032
100
AcDbArc
 50
276.3815921598854
 51
0
  0
LINE
  5
EE8
100
AcDbEntity
  8
0
  6
ByLayer
 62
  256
370
   -1
100
AcDbLine
 10
13.37504212239277
 20
3.950955527626347
 11
14.14504212239291
 21
3.950955527626347
  0
LINE
  5
EE9
100
AcDbEntity
  8
0
  6
ByLayer
 62
  256
370
   -1
100
AcDbLine
 10
13.34504212239291
 20
3.950955527626347
 11
13.37504212239277
 21
3.950955527626347
  0
LINE
  5
EEA
100
AcDbEntity
  8
0
  6
ByLayer
 62
    0
370
   -1
100
AcDbLine
 10
13.24504212239286
 20
3.050955527626366
 11
13.24504212239286
 21
2.330955527626326
  0
LINE
  5
EEB
100
AcDbEntity
  8
0
  6
ByLayer
 62
  256
370
   -1
100
AcDbLine
 10
13.24504212239286
 20
4.330955527626326
 11
13.24504212239286
 21
4.005233714513286
  0
LINE
  5
EEC
100
AcDbEntity
  8
0
  6
ByLayer
 62
  256
370
   -1
100
AcDbLine
 10
13.34504212239272
 20
2.430955527626327
 11
13.3450421223918
 21
-1.359044472374023
  0
LINE
  5
EED
100
AcDbEntity
  8
0
  6
ByLayer
 62
  256
370
   -1
100
AcDbLine
 10
13.24504212239176
 20
-3.369044472373881
 11
13.27034306855876
 21
-3.369044472373881
  0
LINE
  5
EEE
100
AcDbEntity
  8
0
  6
ByLayer
 62
  256
370
   -1
100
AcDbLine
 10
13.3450421223918
 20
-3.369044472373881
 11
13.3450421223918
 21
-3.424044472373666
  0
LINE
  5
EEF
100
AcDbEntity
  8
0
  6
ByLayer
 62
  256
370
   -1
100
AcDbLine
 10
13.3450421223918
 20
-3.469044472373881
 11
13.31898054909069
 21
-3.469044472373881
  0
LINE
  5
EF0
100
AcDbEntity
  8
0
  6
ByLayer
 62
  256
370
   -1
100
AcDbLine
 10
13.24504212239176
 20
-3.469044472373881
 11
13.24504212239176
 21
-3.424044472373666
  0
LINE
  5
EF1
100
AcDbEntity
  8
0
  6
ByLayer
 62
  256
370
   -1
100
AcDbLine
 10
13.31898054909069
 20
-3.369044472373881
 11
13.3450421223918
 21
-3.369044472373881
  0
LINE
  5
EF2
100
AcDbEntity
  8
0
  6
ByLayer
 62
  256
370
   -1
100
AcDbLine
 10
13.27034306855876
 20
-3.369044472373881
 11
13.31898054909069
 21
-3.369044472373881
  0
LINE
  5
EF3
100
AcDbEntity
  8
0
  6
ByLayer
 62
  256
370
   -1
100
AcDbLine
 10
13.3450421223918
 20
-3.424044472373666
 11
13.3450421223918
 21
-3.469044472373881
  0
LINE
  5
EF4
100
AcDbEntity
  8
0
  6
ByLayer
 62
  256
370
   -1
100
AcDbLine
 10
13.31898054909069
 20
-3.469044472373881
 11
13.27034306855876
 21
-3.469044472373881
  0
LINE
  5
EF5
100
AcDbEntity
  8
0
  6
ByLayer
 62
  256
370
   -1
100
AcDbLine
 10
13.24504212239176
 20
-3.424044472373666
 11
13.24504212239176
 21
-3.369044472373881
  0
LINE
  5
EF6
100
AcDbEntity
  8
0
  6
ByLayer
 62
  256
370
   -1
100
AcDbLine
 10
13.31898054909069
 20
-3.369044472373881
 11
13.31898054909069
 21
-3.469044472373881
  0
LINE
  5
EF7
100
AcDbEntity
  8
0
  6
ByLayer
 62
  256
370
   -1
100
AcDbLine
 10
13.27034306855876
 20
-3.369044472373881
 11
13.27034306855876
 21
-3.469044472373881
  0
LINE
  5
EF8
100
AcDbEntity
  8
0
  6
ByLayer
 62
  256
370
   -1
100
AcDbLine
 10
13.27034306855876
 20
-3.469044472373881
 11
13.24504212239176
 21
-3.469044472373881
  0
LINE
  5
EF9
100
AcDbEntity
  8
0
  6
ByLayer
 62
  256
370
   -1
100
AcDbLine
 10
13.3450421223918
 20
1.938514849532286
 11
13.3450421223918
 21
2.129174107249616
  0
LINE
  5
EFA
100
AcDbEntity
  8
0
  6
ByLayer
 62
  256
370
   -1
100
AcDbLine
 10
13.3450421223918
 20
1.715586556010246
 11
13.3450421223918
 21
1.938514849532286
  0
LINE
  5
EFB
100
AcDbEntity
  8
0
  6
ByLayer
 62
  256
370
   -1
100
AcDbLine
 10
13.3450421223918
 20
-1.199385800363153
 11
13.3450421223918
 21
-0.7857982491236832
  0
LINE
  5
EFC
100
AcDbEntity
  8
0
  6
ByLayer
 62
  256
370
   -1
100
AcDbLine
 10
13.24504212239286
 20
2.330955527626326
 11
13.24504212239175
 21
-1.269044472373873
  0
LINE
  5
EFD
100
AcDbEntity
  8
0
  6
ByLayer
 62
  256
370
   -1
100
AcDbLine
 10
5.154447613327743
 20
1.869318210528597
 11
4.957160537356809
 21
1.869318210528597
  0
LINE
  5
EFE
100
AcDbEntity
  8
0
  6
ByLayer
 62
  256
370
   -1
100
AcDbLine
 10
5.154447613327743
 20
2.282905761767967
 11
5.276536925160652
 21
2.282905761767967
  0
LINE
  5
EFF
100
AcDbEntity
  8
0
  6
ByLayer
 62
  256
370
   -1
100
AcDbLine
 10
5.276536925160652
 20
2.282905761767967
 11
5.470320405065674
 21
2.282905761767967
  0
LINE
  5
F00
100
AcDbEntity
  8
0
  6
ByLayer
 62
  256
370
   -1
100
AcDbLine
 10
5.470320405065674
 20
2.282905761767967
 11
5.470320405065674
 21
2.155835459073057
  0
LINE
  5
F01
100
AcDbEntity
  8
0
  6
ByLayer
 62
  256
370
   -1
100
AcDbLine
 10
6.555426778723625
 20
2.155835459073057
 11
5.470320405065674
 21
2.155835459073057
  0
LINE
  5
F02
100
AcDbEntity
  8
0
  6
ByLayer
 62
  256
370
   -1
100
AcDbLine
 10
6.555426778723625
 20
2.407187182144717
 11
6.555426778723625
 21
2.155835459073057
  0
LINE
  5
F03
100
AcDbEntity
  8
0
  6
ByLayer
 62
  256
370
   -1
100
AcDbLine
 10
6.755426778723713
 20
2.407187182144717
 11
6.555426778723625
 21
2.407187182144717
  0
LINE
  5
F04
100
AcDbEntity
  8
0
  6
ByLayer
 62
  256
370
   -1
100
AcDbLine
 10
6.755426778723713
 20
2.407187182144717
 11
6.9554267787227
 21
2.407187182144717
  0
LINE
  5
F05
100
AcDbEntity
  8
0
  6
ByLayer
 62
  256
370
   -1
100
AcDbLine
 10
7.555426778723717
 20
2.407187182144717
 11
6.9554267787227
 21
2.407187182144717
  0
LINE
  5
F06
100
AcDbEntity
  8
0
  6
ByLayer
 62
  256
370
   -1
100
AcDbLine
 10
8.15542677872363
 20
2.407187182144717
 11
7.555426778723717
 21
2.407187182144717
  0
LINE
  5
F07
100
AcDbEntity
  8
0
  6
ByLayer
 62
  256
370
   -1
100
AcDbLine
 10
8.75542677872372
 20
2.407187182144717
 11
8.15542677872363
 21
2.407187182144717
  0
LINE
  5
F08
100
AcDbEntity
  8
0
  6
ByLayer
 62
  256
370
   -1
100
AcDbLine
 10
8.75542677872372
 20
2.407187182144717
 11
8.955426778722709
 21
2.407187182144717
  0
LINE
  5
F09
100
AcDbEntity
  8
0
  6
ByLayer
 62
  256
370
   -1
100
AcDbLine
 10
9.555426778722619
 20
2.407187182144717
 11
8.955426778722709
 21
2.407187182144717
  0
LINE
  5
F0A
100
AcDbEntity
  8
0
  6
ByLayer
 62
  256
370
   -1
100
AcDbLine
 10
10.15542677872364
 20
2.407187182144717
 11
9.555426778722619
 21
2.407187182144717
  0
LINE
  5
F0B
100
AcDbEntity
  8
0
  6
ByLayer
 62
  256
370
   -1
100
AcDbLine
 10
10.75542677872373
 20
2.407187182144717
 11
10.15542677872364
 21
2.407187182144717
  0
LINE
  5
F0C
100
AcDbEntity
  8
0
  6
ByLayer
 62
  256
370
   -1
100
AcDbLine
 10
10.75542677872373
 20
2.407187182144717
 11
10.95542677872364
 21
2.407187182144717
  0
LINE
  5
F0D
100
AcDbEntity
  8
0
  6
ByLayer
 62
  256
370
   -1
100
AcDbLine
 10
10.95542677872364
 20
2.407187182144717
 11
11.15542677872263
 21
2.407187182144717
  0
LINE
  5
F0E
100
AcDbEntity
  8
0
  6
ByLayer
 62
  256
370
   -1
100
AcDbLine
 10
11.15542677872263
 20
2.407187182144717
 11
11.15542677872263
 21
2.155835459073057
  0
LINE
  5
F0F
100
AcDbEntity
  8
0
  6
ByLayer
 62
  256
370
   -1
100
AcDbLine
 10
12.01401322789571
 20
2.155835459073057
 11
11.15542677872263
 21
2.155835459073057
  0
LINE
  5
F10
100
AcDbEntity
  8
0
  6
ByLayer
 62
  256
370
   -1
100
AcDbLine
 10
12.01401322789571
 20
1.996388513223506
 11
12.01401322789571
 21
2.155835459073057
  0
LINE
  5
F11
100
AcDbEntity
  8
0
  6
ByLayer
 62
  256
370
   -1
100
AcDbLine
 10
11.15542677872263
 20
1.996388513223506
 11
12.01401322789571
 21
1.996388513223506
  0
LINE
  5
F12
100
AcDbEntity
  8
0
  6
ByLayer
 62
  256
370
   -1
100
AcDbLine
 10
11.15542677872263
 20
1.996388513223506
 11
11.15542677872373
 21
1.207187182144757
  0
LINE
  5
F13
100
AcDbEntity
  8
0
  6
ByLayer
 62
  256
370
   -1
100
AcDbLine
 10
11.15542677872373
 20
1.207187182144757
 11
11.15542677872263
 21
0.007187182144706483
  0
LINE
  5
F14
100
AcDbEntity
  8
0
  6
ByLayer
 62
  256
370
   -1
100
AcDbLine
 10
11.15542677872263
 20
0.007187182144706483
 11
11.15542677872263
 21
-0.7591368973002925
  0
LINE
  5
F15
100
AcDbEntity
  8
0
  6
ByLayer
 62
  256
370
   -1
100
AcDbLine
 10
12.01401322789571
 20
-0.7591368973002925
 11
11.15542677872263
 21
-0.7591368973002925
  0
LINE
  5
F16
100
AcDbEntity
  8
0
  6
ByLayer
 62
  256
370
   -1
100
AcDbLine
 10
12.01401322789571
 20
-0.9185838431498929
 11
12.01401322789571
 21
-0.7591368973002925
  0
LINE
  5
F17
100
AcDbEntity
  8
0
  6
ByLayer
 62
  256
370
   -1
100
AcDbLine
 10
11.15542677872263
 20
-0.9185838431498929
 11
12.01401322789571
 21
-0.9185838431498929
  0
LINE
  5
F18
100
AcDbEntity
  8
0
  6
ByLayer
 62
  256
370
   -1
100
AcDbLine
 10
11.15542677872263
 20
-0.9185838431498929
 11
11.15542677872263
 21
-1.192812817855303
  0
LINE
  5
F19
100
AcDbEntity
  8
0
  6
ByLayer
 62
  256
370
   -1
100
AcDbLine
 10
11.15542677872263
 20
-1.192812817855303
 11
10.95542677872364
 21
-1.192812817855303
  0
LINE
  5
F1A
100
AcDbEntity
  8
0
  6
ByLayer
 62
  256
370
   -1
100
AcDbLine
 10
10.95542677872364
 20
-1.192812817855303
 11
10.75542677872373
 21
-1.192812817855303
  0
LINE
  5
F1B
100
AcDbEntity
  8
0
  6
ByLayer
 62
  256
370
   -1
100
AcDbLine
 10
10.75542677872373
 20
-1.192812817855303
 11
10.15542677872364
 21
-1.192812817855303
  0
LINE
  5
F1C
100
AcDbEntity
  8
0
  6
ByLayer
 62
  256
370
   -1
100
AcDbLine
 10
10.15542677872364
 20
-1.192812817855303
 11
9.555426778722619
 21
-1.192812817855303
  0
LINE
  5
F1D
100
AcDbEntity
  8
0
  6
ByLayer
 62
  256
370
   -1
100
AcDbLine
 10
9.555426778722619
 20
-1.192812817855303
 11
8.955426778722709
 21
-1.192812817855303
  0
LINE
  5
F1E
100
AcDbEntity
  8
0
  6
ByLayer
 62
  256
370
   -1
100
AcDbLine
 10
8.955426778722709
 20
-1.192812817855303
 11
8.75542677872372
 21
-1.192812817855303
  0
LINE
  5
F1F
100
AcDbEntity
  8
0
  6
ByLayer
 62
  256
370
   -1
100
AcDbLine
 10
8.75542677872372
 20
-1.192812817855303
 11
8.15542677872363
 21
-1.192812817855303
  0
LINE
  5
F20
100
AcDbEntity
  8
0
  6
ByLayer
 62
  256
370
   -1
100
AcDbLine
 10
8.15542677872363
 20
-1.192812817855303
 11
7.555426778723717
 21
-1.192812817855303
  0
LINE
  5
F21
100
AcDbEntity
  8
0
  6
ByLayer
 62
  256
370
   -1
100
AcDbLine
 10
7.555426778723717
 20
-1.192812817855303
 11
6.9554267787227
 21
-1.192812817855303
  0
LINE
  5
F22
100
AcDbEntity
  8
0
  6
ByLayer
 62
  256
370
   -1
100
AcDbLine
 10
6.9554267787227
 20
-1.192812817855303
 11
6.755426778723713
 21
-1.192812817855303
  0
LINE
  5
F23
100
AcDbEntity
  8
0
  6
ByLayer
 62
  256
370
   -1
100
AcDbLine
 10
6.755426778723713
 20
-1.192812817855303
 11
6.555426778723625
 21
-1.192812817855303
  0
LINE
  5
F24
100
AcDbEntity
  8
0
  6
ByLayer
 62
  256
370
   -1
100
AcDbLine
 10
6.555426778723625
 20
-0.9185838431498929
 11
6.555426778723625
 21
-1.192812817855303
  0
LINE
  5
F25
100
AcDbEntity
  8
0
  6
ByLayer
 62
  256
370
   -1
100
AcDbLine
 10
5.470320405065674
 20
-0.9185838431498929
 11
6.555426778723625
 21
-0.9185838431498929
  0
LINE
  5
F26
100
AcDbEntity
  8
0
  6
ByLayer
 62
  256
370
   -1
100
AcDbLine
 10
5.470320405065674
 20
-0.9185838431498929
 11
5.470320405065674
 21
-1.045654145844804
  0
LINE
  5
F27
100
AcDbEntity
  8
0
  6
ByLayer
 62
  256
370
   -1
100
AcDbLine
 10
5.470320405065674
 20
-1.045654145844804
 11
5.276536925160652
 21
-1.045654145844804
  0
LINE
  5
F28
100
AcDbEntity
  8
0
  6
ByLayer
 62
  256
370
   -1
100
AcDbLine
 10
5.276536925160652
 20
-1.045654145844804
 11
5.154447613327743
 21
-1.045654145844804
  0
LINE
  5
F29
100
AcDbEntity
  8
0
  6
ByLayer
 62
  256
370
   -1
100
AcDbLine
 10
5.154447613327743
 20
-1.045654145844804
 11
4.957160537356809
 21
-1.045654145844804
  0
LINE
  5
F2A
100
AcDbEntity
  8
0
  6
ByLayer
 62
  256
370
   -1
100
AcDbLine
 10
4.957160537356809
 20
2.282905761767967
 11
5.154447613327743
 21
2.282905761767967
  0
LINE
  5
F2B
100
AcDbEntity
  8
0
  6
ByLayer
 62
  256
370
   -1
100
AcDbLine
 10
10.75542677872373
 20
2.407187182144717
 11
10.15542677872364
 21
2.407187182144717
  0
LINE
  5
F2C
100
AcDbEntity
  8
0
  6
ByLayer
 62
  256
370
   -1
100
AcDbLine
 10
10.15542677872364
 20
2.407187182144717
 11
10.15542677872364
 21
2.155835459073057
  0
LINE
  5
F2D
100
AcDbEntity
  8
0
  6
ByLayer
 62
  256
370
   -1
100
AcDbLine
 10
10.75542677872373
 20
2.155835459073057
 11
10.15542677872364
 21
2.155835459073057
  0
LINE
  5
F2E
100
AcDbEntity
  8
0
  6
ByLayer
 62
  256
370
   -1
100
AcDbLine
 10
10.75542677872373
 20
2.207187182144716
 11
10.75542677872373
 21
2.155835459073057
  0
LINE
  5
F2F
100
AcDbEntity
  8
0
  6
ByLayer
 62
  256
370
   -1
100
AcDbLine
 10
10.75542677872373
 20
2.215187182144666
 11
10.75542677872373
 21
2.207187182144716
  0
LINE
  5
F30
100
AcDbEntity
  8
0
  6
ByLayer
 62
  256
370
   -1
100
AcDbLine
 10
10.75542677872373
 20
2.399187182144667
 11
10.75542677872373
 21
2.215187182144666
  0
LINE
  5
F31
100
AcDbEntity
  8
0
  6
ByLayer
 62
  256
370
   -1
100
AcDbLine
 10
10.75542677872373
 20
2.407187182144717
 11
10.75542677872373
 21
2.399187182144667
  0
LINE
  5
F32
100
AcDbEntity
  8
0
  6
ByLayer
 62
  256
370
   -1
100
AcDbLine
 10
10.15542677872364
 20
2.407187182144717
 11
9.555426778722619
 21
2.407187182144717
  0
LINE
  5
F33
100
AcDbEntity
  8
0
  6
ByLayer
 62
  256
370
   -1
100
AcDbLine
 10
9.555426778722619
 20
2.407187182144717
 11
9.555426778722619
 21
2.155835459073057
  0
LINE
  5
F34
100
AcDbEntity
  8
0
  6
ByLayer
 62
  256
370
   -1
100
AcDbLine
 10
10.15542677872364
 20
2.155835459073057
 11
9.555426778722619
 21
2.155835459073057
  0
LINE
  5
F35
100
AcDbEntity
  8
0
  6
ByLayer
 62
  256
370
   -1
100
AcDbLine
 10
10.15542677872364
 20
2.407187182144717
 11
10.15542677872364
 21
2.155835459073057
  0
LINE
  5
F36
100
AcDbEntity
  8
0
  6
ByLayer
 62
  256
370
   -1
100
AcDbLine
 10
10.95542677872364
 20
2.215187182144666
 11
10.95542677872364
 21
2.399187182144667
  0
LINE
  5
F37
100
AcDbEntity
  8
0
  6
ByLayer
 62
  256
370
   -1
100
AcDbLine
 10
10.86642677872272
 20
2.399187182144667
 11
10.95542677872364
 21
2.399187182144667
  0
ARC
  5
F38
100
AcDbEntity
  8
0
  6
ByLayer
 62
  256
370
   -1
100
AcDbCircle
 10
10.86642677872272
 20
2.394187182144586
 40
0.0049999999999931
100
AcDbArc
 50
90
 51
180
  0
LINE
  5
F39
100
AcDbEntity
  8
0
  6
ByLayer
 62
  256
370
   -1
100
AcDbLine
 10
10.86142677872268
 20
2.394187182144586
 11
10.86142677872268
 21
2.220187182144656
  0
ARC
  5
F3A
100
AcDbEntity
  8
0
  6
ByLayer
 62
  256
370
   -1
100
AcDbCircle
 10
10.86642677872272
 20
2.220187182144656
 40
0.0050000000000393
100
AcDbArc
 50
180
 51
270
  0
LINE
  5
F3B
100
AcDbEntity
  8
0
  6
ByLayer
 62
  256
370
   -1
100
AcDbLine
 10
10.95542677872364
 20
2.215187182144666
 11
10.86642677872272
 21
2.215187182144666
  0
LINE
  5
F3C
100
AcDbEntity
  8
0
  6
ByLayer
 62
  256
370
   -1
100
AcDbLine
 10
10.15542677872364
 20
2.155835459073057
 11
9.555426778722619
 21
2.155835459073057
  0
LINE
  5
F3D
100
AcDbEntity
  8
0
  6
ByLayer
 62
  256
370
   -1
100
AcDbLine
 10
9.555426778722619
 20
2.155835459073057
 11
9.555426778722619
 21
1.996388513223506
  0
LINE
  5
F3E
100
AcDbEntity
  8
0
  6
ByLayer
 62
  256
370
   -1
100
AcDbLine
 10
9.555426778722619
 20
1.996388513223506
 11
10.15542677872364
 21
1.996388513223506
  0
LINE
  5
F3F
100
AcDbEntity
  8
0
  6
ByLayer
 62
  256
370
   -1
100
AcDbLine
 10
10.15542677872364
 20
2.155835459073057
 11
10.15542677872364
 21
1.996388513223506
  0
LINE
  5
F40
100
AcDbEntity
  8
0
  6
ByLayer
 62
  256
370
   -1
100
AcDbLine
 10
10.15542677872364
 20
2.155835459073057
 11
10.15542677872364
 21
1.996388513223506
  0
LINE
  5
F41
100
AcDbEntity
  8
0
  6
ByLayer
 62
  256
370
   -1
100
AcDbLine
 10
10.15542677872364
 20
1.996388513223506
 11
10.75542677872373
 21
1.996388513223506
  0
LINE
  5
F42
100
AcDbEntity
  8
0
  6
ByLayer
 62
  256
370
   -1
100
AcDbLine
 10
10.75542677872373
 20
2.155835459073057
 11
10.75542677872373
 21
1.996388513223506
  0
LINE
  5
F43
100
AcDbEntity
  8
0
  6
ByLayer
 62
  256
370
   -1
100
AcDbLine
 10
10.75542677872373
 20
2.155835459073057
 11
10.15542677872364
 21
2.155835459073057
  0
LINE
  5
F44
100
AcDbEntity
  8
0
  6
ByLayer
 62
  256
370
   -1
100
AcDbLine
 10
10.75542677872373
 20
2.399187182144667
 11
10.75542677872373
 21
2.215187182144666
  0
LINE
  5
F45
100
AcDbEntity
  8
0
  6
ByLayer
 62
  256
370
   -1
100
AcDbLine
 10
10.84442677872262
 20
2.215187182144666
 11
10.75542677872373
 21
2.215187182144666
  0
ARC
  5
F46
100
AcDbEntity
  8
0
  6
ByLayer
 62
  256
370
   -1
100
AcDbCircle
 10
10.84442677872262
 20
2.220187182144656
 40
0.0049999999999931
100
AcDbArc
 50
270
 51
0
  0
LINE
  5
F47
100
AcDbEntity
  8
0
  6
ByLayer
 62
  256
370
   -1
100
AcDbLine
 10
10.84942677872266
 20
2.394187182144586
 11
10.84942677872266
 21
2.220187182144656
  0
ARC
  5
F48
100
AcDbEntity
  8
0
  6
ByLayer
 62
  256
370
   -1
100
AcDbCircle
 10
10.84442677872262
 20
2.394187182144586
 40
0.0050000000000393
100
AcDbArc
 50
0
 51
90
  0
LINE
  5
F49
100
AcDbEntity
  8
0
  6
ByLayer
 62
  256
370
   -1
100
AcDbLine
 10
10.75542677872373
 20
2.399187182144667
 11
10.84442677872262
 21
2.399187182144667
  0
LINE
  5
F4A
100
AcDbEntity
  8
0
  6
ByLayer
 62
  256
370
   -1
100
AcDbLine
 10
10.95542677872364
 20
2.407187182144717
 11
11.15542677872263
 21
2.407187182144717
  0
LINE
  5
F4B
100
AcDbEntity
  8
0
  6
ByLayer
 62
  256
370
   -1
100
AcDbLine
 10
10.95542677872364
 20
2.399187182144667
 11
10.95542677872364
 21
2.407187182144717
  0
LINE
  5
F4C
100
AcDbEntity
  8
0
  6
ByLayer
 62
  256
370
   -1
100
AcDbLine
 10
10.95542677872364
 20
2.215187182144666
 11
10.95542677872364
 21
2.399187182144667
  0
LINE
  5
F4D
100
AcDbEntity
  8
0
  6
ByLayer
 62
  256
370
   -1
100
AcDbLine
 10
10.95542677872364
 20
2.207187182144716
 11
10.95542677872364
 21
2.215187182144666
  0
LINE
  5
F4E
100
AcDbEntity
  8
0
  6
ByLayer
 62
  256
370
   -1
100
AcDbLine
 10
10.95542677872364
 20
2.155835459073057
 11
10.95542677872364
 21
2.207187182144716
  0
LINE
  5
F4F
100
AcDbEntity
  8
0
  6
ByLayer
 62
  256
370
   -1
100
AcDbLine
 10
11.15542677872263
 20
2.155835459073057
 11
10.95542677872364
 21
2.155835459073057
  0
LINE
  5
F50
100
AcDbEntity
  8
0
  6
ByLayer
 62
  256
370
   -1
100
AcDbLine
 10
11.15542677872263
 20
2.407187182144717
 11
11.15542677872263
 21
2.155835459073057
  0
LINE
  5
F51
100
AcDbEntity
  8
0
  6
ByLayer
 62
  256
370
   -1
100
AcDbLine
 10
11.15542677872263
 20
1.996388513223506
 11
11.15542677872373
 21
1.207187182144757
  0
LINE
  5
F52
100
AcDbEntity
  8
0
  6
ByLayer
 62
  256
370
   -1
100
AcDbLine
 10
10.95542677872364
 20
1.996388513223506
 11
11.15542677872263
 21
1.996388513223506
  0
LINE
  5
F53
100
AcDbEntity
  8
0
  6
ByLayer
 62
  256
370
   -1
100
AcDbLine
 10
10.95542677872364
 20
1.407187182144707
 11
10.95542677872364
 21
1.996388513223506
  0
LINE
  5
F54
100
AcDbEntity
  8
0
  6
ByLayer
 62
  256
370
   -1
100
AcDbLine
 10
10.95542677872364
 20
1.399187182144567
 11
10.95542677872364
 21
1.407187182144707
  0
LINE
  5
F55
100
AcDbEntity
  8
0
  6
ByLayer
 62
  256
370
   -1
100
AcDbLine
 10
10.95542677872364
 20
1.215187182144657
 11
10.95542677872364
 21
1.399187182144567
  0
LINE
  5
F56
100
AcDbEntity
  8
0
  6
ByLayer
 62
  256
370
   -1
100
AcDbLine
 10
10.95542677872364
 20
1.207187182144706
 11
10.95542677872364
 21
1.215187182144657
  0
LINE
  5
F57
100
AcDbEntity
  8
0
  6
ByLayer
 62
  256
370
   -1
100
AcDbLine
 10
10.95542677872364
 20
1.207187182144706
 11
11.15542677872373
 21
1.207187182144757
  0
LINE
  5
F58
100
AcDbEntity
  8
0
  6
ByLayer
 62
  256
370
   -1
100
AcDbLine
 10
10.75542677872373
 20
2.215187182144666
 11
10.75542677872373
 21
2.207187182144716
  0
LINE
  5
F59
100
AcDbEntity
  8
0
  6
ByLayer
 62
  256
370
   -1
100
AcDbLine
 10
10.95542677872364
 20
2.207187182144716
 11
10.75542677872373
 21
2.207187182144716
  0
LINE
  5
F5A
100
AcDbEntity
  8
0
  6
ByLayer
 62
  256
370
   -1
100
AcDbLine
 10
10.95542677872364
 20
2.207187182144716
 11
10.95542677872364
 21
2.215187182144666
  0
LINE
  5
F5B
100
AcDbEntity
  8
0
  6
ByLayer
 62
  256
370
   -1
100
AcDbLine
 10
10.95542677872364
 20
2.215187182144666
 11
10.86642677872272
 21
2.215187182144666
  0
ARC
  5
F5C
100
AcDbEntity
  8
0
  6
ByLayer
 62
  256
370
   -1
100
AcDbCircle
 10
10.86642677872272
 20
2.220187182144656
 40
0.0050000000000393
100
AcDbArc
 50
180
 51
270
  0
LINE
  5
F5D
100
AcDbEntity
  8
0
  6
ByLayer
 62
  256
370
   -1
100
AcDbLine
 10
10.86142677872268
 20
2.394187182144586
 11
10.86142677872268
 21
2.220187182144656
  0
ARC
  5
F5E
100
AcDbEntity
  8
0
  6
ByLayer
 62
  256
370
   -1
100
AcDbCircle
 10
10.86642677872272
 20
2.394187182144586
 40
0.0049999999999931
100
AcDbArc
 50
90
 51
180
  0
LINE
  5
F5F
100
AcDbEntity
  8
0
  6
ByLayer
 62
  256
370
   -1
100
AcDbLine
 10
10.86642677872272
 20
2.399187182144667
 11
10.95542677872364
 21
2.399187182144667
  0
LINE
  5
F60
100
AcDbEntity
  8
0
  6
ByLayer
 62
  256
370
   -1
100
AcDbLine
 10
10.95542677872364
 20
2.399187182144667
 11
10.95542677872364
 21
2.407187182144717
  0
LINE
  5
F61
100
AcDbEntity
  8
0
  6
ByLayer
 62
  256
370
   -1
100
AcDbLine
 10
10.75542677872373
 20
2.407187182144717
 11
10.95542677872364
 21
2.407187182144717
  0
LINE
  5
F62
100
AcDbEntity
  8
0
  6
ByLayer
 62
  256
370
   -1
100
AcDbLine
 10
10.75542677872373
 20
2.407187182144717
 11
10.75542677872373
 21
2.399187182144667
  0
LINE
  5
F63
100
AcDbEntity
  8
0
  6
ByLayer
 62
  256
370
   -1
100
AcDbLine
 10
10.75542677872373
 20
2.399187182144667
 11
10.84442677872262
 21
2.399187182144667
  0
ARC
  5
F64
100
AcDbEntity
  8
0
  6
ByLayer
 62
  256
370
   -1
100
AcDbCircle
 10
10.84442677872262
 20
2.394187182144586
 40
0.0050000000000393
100
AcDbArc
 50
0
 51
90
  0
LINE
  5
F65
100
AcDbEntity
  8
0
  6
ByLayer
 62
  256
370
   -1
100
AcDbLine
 10
10.84942677872266
 20
2.394187182144586
 11
10.84942677872266
 21
2.220187182144656
  0
ARC
  5
F66
100
AcDbEntity
  8
0
  6
ByLayer
 62
  256
370
   -1
100
AcDbCircle
 10
10.84442677872262
 20
2.220187182144656
 40
0.0049999999999931
100
AcDbArc
 50
270
 51
0
  0
LINE
  5
F67
100
AcDbEntity
  8
0
  6
ByLayer
 62
  256
370
   -1
100
AcDbLine
 10
10.84442677872262
 20
2.215187182144666
 11
10.75542677872373
 21
2.215187182144666
  0
LINE
  5
F68
100
AcDbEntity
  8
0
  6
ByLayer
 62
  256
370
   -1
100
AcDbLine
 10
10.75542677872373
 20
2.207187182144716
 11
10.75542677872373
 21
2.155835459073057
  0
LINE
  5
F69
100
AcDbEntity
  8
0
  6
ByLayer
 62
  256
370
   -1
100
AcDbLine
 10
10.95542677872364
 20
2.155835459073057
 11
10.75542677872373
 21
2.155835459073057
  0
LINE
  5
F6A
100
AcDbEntity
  8
0
  6
ByLayer
 62
  256
370
   -1
100
AcDbLine
 10
10.95542677872364
 20
2.155835459073057
 11
10.95542677872364
 21
2.207187182144716
  0
LINE
  5
F6B
100
AcDbEntity
  8
0
  6
ByLayer
 62
  256
370
   -1
100
AcDbLine
 10
10.95542677872364
 20
2.207187182144716
 11
10.75542677872373
 21
2.207187182144716
  0
LINE
  5
F6C
100
AcDbEntity
  8
0
  6
ByLayer
 62
  256
370
   -1
100
AcDbLine
 10
10.95542677872364
 20
1.207187182144706
 11
10.95542677872364
 21
1.215187182144657
  0
LINE
  5
F6D
100
AcDbEntity
  8
0
  6
ByLayer
 62
  256
370
   -1
100
AcDbLine
 10
10.95542677872364
 20
1.215187182144657
 11
10.86642677872272
 21
1.215187182144657
  0
ARC
  5
F6E
100
AcDbEntity
  8
0
  6
ByLayer
 62
  256
370
   -1
100
AcDbCircle
 10
10.86642677872272
 20
1.220187182144656
 40
0.0050000000000393
100
AcDbArc
 50
180
 51
270
  0
LINE
  5
F6F
100
AcDbEntity
  8
0
  6
ByLayer
 62
  256
370
   -1
100
AcDbLine
 10
10.86142677872268
 20
1.394187182144687
 11
10.86142677872268
 21
1.220187182144656
  0
ARC
  5
F70
100
AcDbEntity
  8
0
  6
ByLayer
 62
  256
370
   -1
100
AcDbCircle
 10
10.86642677872272
 20
1.394187182144687
 40
0.0049999999999931
100
AcDbArc
 50
90
 51
180
  0
LINE
  5
F71
100
AcDbEntity
  8
0
  6
ByLayer
 62
  256
370
   -1
100
AcDbLine
 10
10.86642677872272
 20
1.399187182144567
 11
10.95542677872364
 21
1.399187182144567
  0
LINE
  5
F72
100
AcDbEntity
  8
0
  6
ByLayer
 62
  256
370
   -1
100
AcDbLine
 10
10.95542677872364
 20
1.399187182144567
 11
10.95542677872364
 21
1.407187182144707
  0
LINE
  5
F73
100
AcDbEntity
  8
0
  6
ByLayer
 62
  256
370
   -1
100
AcDbLine
 10
10.75542677872373
 20
1.407187182144707
 11
10.95542677872364
 21
1.407187182144707
  0
LINE
  5
F74
100
AcDbEntity
  8
0
  6
ByLayer
 62
  256
370
   -1
100
AcDbLine
 10
10.75542677872373
 20
1.407187182144707
 11
10.75542677872373
 21
1.399187182144567
  0
LINE
  5
F75
100
AcDbEntity
  8
0
  6
ByLayer
 62
  256
370
   -1
100
AcDbLine
 10
10.75542677872373
 20
1.399187182144567
 11
10.84442677872262
 21
1.399187182144567
  0
ARC
  5
F76
100
AcDbEntity
  8
0
  6
ByLayer
 62
  256
370
   -1
100
AcDbCircle
 10
10.84442677872262
 20
1.394187182144687
 40
0.0050000000000393
100
AcDbArc
 50
0
 51
90
  0
LINE
  5
F77
100
AcDbEntity
  8
0
  6
ByLayer
 62
  256
370
   -1
100
AcDbLine
 10
10.84942677872266
 20
1.394187182144687
 11
10.84942677872266
 21
1.220187182144656
  0
ARC
  5
F78
100
AcDbEntity
  8
0
  6
ByLayer
 62
  256
370
   -1
100
AcDbCircle
 10
10.84442677872262
 20
1.220187182144656
 40
0.0049999999999931
100
AcDbArc
 50
270
 51
0
  0
LINE
  5
F79
100
AcDbEntity
  8
0
  6
ByLayer
 62
  256
370
   -1
100
AcDbLine
 10
10.84442677872262
 20
1.215187182144657
 11
10.75542677872373
 21
1.215187182144657
  0
LINE
  5
F7A
100
AcDbEntity
  8
0
  6
ByLayer
 62
  256
370
   -1
100
AcDbLine
 10
10.75542677872373
 20
1.215187182144657
 11
10.75542677872373
 21
1.207187182144706
  0
LINE
  5
F7B
100
AcDbEntity
  8
0
  6
ByLayer
 62
  256
370
   -1
100
AcDbLine
 10
10.95542677872364
 20
1.207187182144706
 11
10.75542677872373
 21
1.207187182144706
  0
LINE
  5
F7C
100
AcDbEntity
  8
0
  6
ByLayer
 62
  256
370
   -1
100
AcDbLine
 10
10.15542677872364
 20
-1.192812817855303
 11
9.555426778722619
 21
-1.192812817855303
  0
LINE
  5
F7D
100
AcDbEntity
  8
0
  6
ByLayer
 62
  256
370
   -1
100
AcDbLine
 10
10.15542677872364
 20
-1.192812817855303
 11
10.15542677872364
 21
-0.9185838431498929
  0
LINE
  5
F7E
100
AcDbEntity
  8
0
  6
ByLayer
 62
  256
370
   -1
100
AcDbLine
 10
9.555426778722619
 20
-0.9185838431498929
 11
10.15542677872364
 21
-0.9185838431498929
  0
LINE
  5
F7F
100
AcDbEntity
  8
0
  6
ByLayer
 62
  256
370
   -1
100
AcDbLine
 10
9.555426778722619
 20
-1.192812817855303
 11
9.555426778722619
 21
-0.9185838431498929
  0
LINE
  5
F80
100
AcDbEntity
  8
0
  6
ByLayer
 62
  256
370
   -1
100
AcDbLine
 10
10.95542677872364
 20
1.215187182144657
 11
10.95542677872364
 21
1.399187182144567
  0
LINE
  5
F81
100
AcDbEntity
  8
0
  6
ByLayer
 62
  256
370
   -1
100
AcDbLine
 10
10.86642677872272
 20
1.399187182144567
 11
10.95542677872364
 21
1.399187182144567
  0
ARC
  5
F82
100
AcDbEntity
  8
0
  6
ByLayer
 62
  256
370
   -1
100
AcDbCircle
 10
10.86642677872272
 20
1.394187182144687
 40
0.0049999999999931
100
AcDbArc
 50
90
 51
180
  0
LINE
  5
F83
100
AcDbEntity
  8
0
  6
ByLayer
 62
  256
370
   -1
100
AcDbLine
 10
10.86142677872268
 20
1.394187182144687
 11
10.86142677872268
 21
1.220187182144656
  0
ARC
  5
F84
100
AcDbEntity
  8
0
  6
ByLayer
 62
  256
370
   -1
100
AcDbCircle
 10
10.86642677872272
 20
1.220187182144656
 40
0.0050000000000393
100
AcDbArc
 50
180
 51
270
  0
LINE
  5
F85
100
AcDbEntity
  8
0
  6
ByLayer
 62
  256
370
   -1
100
AcDbLine
 10
10.95542677872364
 20
1.215187182144657
 11
10.86642677872272
 21
1.215187182144657
  0
LINE
  5
F86
100
AcDbEntity
  8
0
  6
ByLayer
 62
  256
370
   -1
100
AcDbLine
 10
10.95542677872364
 20
-1.192812817855303
 11
10.75542677872373
 21
-1.192812817855303
  0
LINE
  5
F87
100
AcDbEntity
  8
0
  6
ByLayer
 62
  256
370
   -1
100
AcDbLine
 10
10.95542677872364
 20
-1.184812817855343
 11
10.95542677872364
 21
-1.192812817855303
  0
LINE
  5
F88
100
AcDbEntity
  8
0
  6
ByLayer
 62
  256
370
   -1
100
AcDbLine
 10
10.95542677872364
 20
-1.184812817855343
 11
10.86642677872272
 21
-1.184812817855343
  0
ARC
  5
F89
100
AcDbEntity
  8
0
  6
ByLayer
 62
  256
370
   -1
100
AcDbCircle
 10
10.86642677872272
 20
-1.179812817855353
 40
0.0050000000000393
100
AcDbArc
 50
180
 51
270
  0
LINE
  5
F8A
100
AcDbEntity
  8
0
  6
ByLayer
 62
  256
370
   -1
100
AcDbLine
 10
10.86142677872268
 20
-1.005812817855434
 11
10.86142677872268
 21
-1.179812817855353
  0
ARC
  5
F8B
100
AcDbEntity
  8
0
  6
ByLayer
 62
  256
370
   -1
100
AcDbCircle
 10
10.86642677872272
 20
-1.005812817855434
 40
0.0050000000000393
100
AcDbArc
 50
90
 51
180
  0
LINE
  5
F8C
100
AcDbEntity
  8
0
  6
ByLayer
 62
  256
370
   -1
100
AcDbLine
 10
10.86642677872272
 20
-1.000812817855394
 11
10.95542677872364
 21
-1.000812817855394
  0
LINE
  5
F8D
100
AcDbEntity
  8
0
  6
ByLayer
 62
  256
370
   -1
100
AcDbLine
 10
10.95542677872364
 20
-0.9928128178553042
 11
10.95542677872364
 21
-1.000812817855394
  0
LINE
  5
F8E
100
AcDbEntity
  8
0
  6
ByLayer
 62
  256
370
   -1
100
AcDbLine
 10
10.75542677872373
 20
-0.9928128178553042
 11
10.95542677872364
 21
-0.9928128178553042
  0
LINE
  5
F8F
100
AcDbEntity
  8
0
  6
ByLayer
 62
  256
370
   -1
100
AcDbLine
 10
10.75542677872373
 20
-0.9928128178553042
 11
10.75542677872373
 21
-1.000812817855394
  0
LINE
  5
F90
100
AcDbEntity
  8
0
  6
ByLayer
 62
  256
370
   -1
100
AcDbLine
 10
10.75542677872373
 20
-1.000812817855394
 11
10.84442677872262
 21
-1.000812817855394
  0
ARC
  5
F91
100
AcDbEntity
  8
0
  6
ByLayer
 62
  256
370
   -1
100
AcDbCircle
 10
10.84442677872262
 20
-1.005812817855434
 40
0.0050000000000393
100
AcDbArc
 50
0
 51
90
  0
LINE
  5
F92
100
AcDbEntity
  8
0
  6
ByLayer
 62
  256
370
   -1
100
AcDbLine
 10
10.84942677872266
 20
-1.005812817855434
 11
10.84942677872266
 21
-1.179812817855353
  0
ARC
  5
F93
100
AcDbEntity
  8
0
  6
ByLayer
 62
  256
370
   -1
100
AcDbCircle
 10
10.84442677872262
 20
-1.179812817855353
 40
0.0049999999999931
100
AcDbArc
 50
270
 51
0
  0
LINE
  5
F94
100
AcDbEntity
  8
0
  6
ByLayer
 62
  256
370
   -1
100
AcDbLine
 10
10.84442677872262
 20
-1.184812817855343
 11
10.75542677872373
 21
-1.184812817855343
  0
LINE
  5
F95
100
AcDbEntity
  8
0
  6
ByLayer
 62
  256
370
   -1
100
AcDbLine
 10
10.75542677872373
 20
-1.184812817855343
 11
10.75542677872373
 21
-1.192812817855303
  0
LINE
  5
F96
100
AcDbEntity
  8
0
  6
ByLayer
 62
  256
370
   -1
100
AcDbLine
 10
10.75542677872373
 20
-0.9928128178553042
 11
10.95542677872364
 21
-0.9928128178553042
  0
LINE
  5
F97
100
AcDbEntity
  8
0
  6
ByLayer
 62
  256
370
   -1
100
AcDbLine
 10
10.95542677872364
 20
-0.9185838431498929
 11
10.95542677872364
 21
-0.9928128178553042
  0
LINE
  5
F98
100
AcDbEntity
  8
0
  6
ByLayer
 62
  256
370
   -1
100
AcDbLine
 10
10.75542677872373
 20
-0.9185838431498929
 11
10.95542677872364
 21
-0.9185838431498929
  0
LINE
  5
F99
100
AcDbEntity
  8
0
  6
ByLayer
 62
  256
370
   -1
100
AcDbLine
 10
10.75542677872373
 20
-0.9185838431498929
 11
10.75542677872373
 21
-0.9928128178553042
  0
LINE
  5
F9A
100
AcDbEntity
  8
0
  6
ByLayer
 62
  256
370
   -1
100
AcDbLine
 10
10.95542677872364
 20
-0.9928128178553042
 11
10.95542677872364
 21
-1.000812817855394
  0
LINE
  5
F9B
100
AcDbEntity
  8
0
  6
ByLayer
 62
  256
370
   -1
100
AcDbLine
 10
10.95542677872364
 20
-1.000812817855394
 11
10.95542677872364
 21
-1.184812817855343
  0
LINE
  5
F9C
100
AcDbEntity
  8
0
  6
ByLayer
 62
  256
370
   -1
100
AcDbLine
 10
10.95542677872364
 20
-1.184812817855343
 11
10.95542677872364
 21
-1.192812817855303
  0
LINE
  5
F9D
100
AcDbEntity
  8
0
  6
ByLayer
 62
  256
370
   -1
100
AcDbLine
 10
11.15542677872263
 20
-1.192812817855303
 11
10.95542677872364
 21
-1.192812817855303
  0
LINE
  5
F9E
100
AcDbEntity
  8
0
  6
ByLayer
 62
  256
370
   -1
100
AcDbLine
 10
11.15542677872263
 20
-0.9185838431498929
 11
11.15542677872263
 21
-1.192812817855303
  0
LINE
  5
F9F
100
AcDbEntity
  8
0
  6
ByLayer
 62
  256
370
   -1
100
AcDbLine
 10
10.95542677872364
 20
-0.9185838431498929
 11
11.15542677872263
 21
-0.9185838431498929
  0
LINE
  5
FA0
100
AcDbEntity
  8
0
  6
ByLayer
 62
  256
370
   -1
100
AcDbLine
 10
10.95542677872364
 20
-0.9185838431498929
 11
10.95542677872364
 21
-0.9928128178553042
  0
LINE
  5
FA1
100
AcDbEntity
  8
0
  6
ByLayer
 62
  256
370
   -1
100
AcDbLine
 10
10.95542677872364
 20
-1.184812817855343
 11
10.86642677872272
 21
-1.184812817855343
  0
LINE
  5
FA2
100
AcDbEntity
  8
0
  6
ByLayer
 62
  256
370
   -1
100
AcDbLine
 10
10.95542677872364
 20
-1.000812817855394
 11
10.95542677872364
 21
-1.184812817855343
  0
LINE
  5
FA3
100
AcDbEntity
  8
0
  6
ByLayer
 62
  256
370
   -1
100
AcDbLine
 10
10.86642677872272
 20
-1.000812817855394
 11
10.95542677872364
 21
-1.000812817855394
  0
ARC
  5
FA4
100
AcDbEntity
  8
0
  6
ByLayer
 62
  256
370
   -1
100
AcDbCircle
 10
10.86642677872272
 20
-1.005812817855434
 40
0.0050000000000393
100
AcDbArc
 50
90
 51
180
  0
LINE
  5
FA5
100
AcDbEntity
  8
0
  6
ByLayer
 62
  256
370
   -1
100
AcDbLine
 10
10.86142677872268
 20
-1.005812817855434
 11
10.86142677872268
 21
-1.179812817855353
  0
ARC
  5
FA6
100
AcDbEntity
  8
0
  6
ByLayer
 62
  256
370
   -1
100
AcDbCircle
 10
10.86642677872272
 20
-1.179812817855353
 40
0.0050000000000393
100
AcDbArc
 50
180
 51
270
  0
LINE
  5
FA7
100
AcDbEntity
  8
0
  6
ByLayer
 62
  256
370
   -1
100
AcDbLine
 10
11.15542677872263
 20
0.007187182144706483
 11
11.15542677872263
 21
-0.7591368973002925
  0
LINE
  5
FA8
100
AcDbEntity
  8
0
  6
ByLayer
 62
  256
370
   -1
100
AcDbLine
 10
10.95542677872364
 20
0.007187182144706483
 11
11.15542677872263
 21
0.007187182144706483
  0
LINE
  5
FA9
100
AcDbEntity
  8
0
  6
ByLayer
 62
  256
370
   -1
100
AcDbLine
 10
10.95542677872364
 20
0.007187182144706483
 11
10.95542677872364
 21
-0.0008128178553441501
  0
LINE
  5
FAA
100
AcDbEntity
  8
0
  6
ByLayer
 62
  256
370
   -1
100
AcDbLine
 10
10.95542677872364
 20
-0.0008128178553441501
 11
10.95542677872364
 21
-0.1848128178553434
  0
LINE
  5
FAB
100
AcDbEntity
  8
0
  6
ByLayer
 62
  256
370
   -1
100
AcDbLine
 10
10.95542677872364
 20
-0.1848128178553434
 11
10.95542677872364
 21
-0.1928128178552928
  0
LINE
  5
FAC
100
AcDbEntity
  8
0
  6
ByLayer
 62
  256
370
   -1
100
AcDbLine
 10
10.95542677872364
 20
-0.1928128178552928
 11
10.95542677872364
 21
-0.7591368973002925
  0
LINE
  5
FAD
100
AcDbEntity
  8
0
  6
ByLayer
 62
  256
370
   -1
100
AcDbLine
 10
11.15542677872263
 20
-0.7591368973002925
 11
10.95542677872364
 21
-0.7591368973002925
  0
LINE
  5
FAE
100
AcDbEntity
  8
0
  6
ByLayer
 62
  256
370
   -1
100
AcDbLine
 10
10.95542677872364
 20
-0.0008128178553441501
 11
10.95542677872364
 21
-0.1848128178553434
  0
LINE
  5
FAF
100
AcDbEntity
  8
0
  6
ByLayer
 62
  256
370
   -1
100
AcDbLine
 10
10.86642677872272
 20
-0.0008128178553441501
 11
10.95542677872364
 21
-0.0008128178553441501
  0
ARC
  5
FB0
100
AcDbEntity
  8
0
  6
ByLayer
 62
  256
370
   -1
100
AcDbCircle
 10
10.86642677872272
 20
-0.005812817855423091
 40
0.0049999999999931
100
AcDbArc
 50
90
 51
180
  0
LINE
  5
FB1
100
AcDbEntity
  8
0
  6
ByLayer
 62
  256
370
   -1
100
AcDbLine
 10
10.86142677872268
 20
-0.005812817855423091
 11
10.86142677872268
 21
-0.1798128178553533
  0
ARC
  5
FB2
100
AcDbEntity
  8
0
  6
ByLayer
 62
  256
370
   -1
100
AcDbCircle
 10
10.86642677872272
 20
-0.1798128178553533
 40
0.0050000000000393
100
AcDbArc
 50
180
 51
270
  0
LINE
  5
FB3
100
AcDbEntity
  8
0
  6
ByLayer
 62
  256
370
   -1
100
AcDbLine
 10
10.95542677872364
 20
-0.1848128178553434
 11
10.86642677872272
 21
-0.1848128178553434
  0
LINE
  5
FB4
100
AcDbEntity
  8
0
  6
ByLayer
 62
  256
370
   -1
100
AcDbLine
 10
10.75542677872373
 20
-1.000812817855394
 11
10.84442677872262
 21
-1.000812817855394
  0
LINE
  5
FB5
100
AcDbEntity
  8
0
  6
ByLayer
 62
  256
370
   -1
100
AcDbLine
 10
10.75542677872373
 20
-1.000812817855394
 11
10.75542677872373
 21
-1.184812817855343
  0
LINE
  5
FB6
100
AcDbEntity
  8
0
  6
ByLayer
 62
  256
370
   -1
100
AcDbLine
 10
10.84442677872262
 20
-1.184812817855343
 11
10.75542677872373
 21
-1.184812817855343
  0
ARC
  5
FB7
100
AcDbEntity
  8
0
  6
ByLayer
 62
  256
370
   -1
100
AcDbCircle
 10
10.84442677872262
 20
-1.179812817855353
 40
0.0049999999999931
100
AcDbArc
 50
270
 51
0
  0
LINE
  5
FB8
100
AcDbEntity
  8
0
  6
ByLayer
 62
  256
370
   -1
100
AcDbLine
 10
10.84942677872266
 20
-1.005812817855434
 11
10.84942677872266
 21
-1.179812817855353
  0
ARC
  5
FB9
100
AcDbEntity
  8
0
  6
ByLayer
 62
  256
370
   -1
100
AcDbCircle
 10
10.84442677872262
 20
-1.005812817855434
 40
0.0050000000000393
100
AcDbArc
 50
0
 51
90
  0
LINE
  5
FBA
100
AcDbEntity
  8
0
  6
ByLayer
 62
  256
370
   -1
100
AcDbLine
 10
9.555426778722619
 20
-0.9185838431498929
 11
10.15542677872364
 21
-0.9185838431498929
  0
LINE
  5
FBB
100
AcDbEntity
  8
0
  6
ByLayer
 62
  256
370
   -1
100
AcDbLine
 10
10.15542677872364
 20
-0.9185838431498929
 11
10.15542677872364
 21
-0.7591368973002925
  0
LINE
  5
FBC
100
AcDbEntity
  8
0
  6
ByLayer
 62
  256
370
   -1
100
AcDbLine
 10
10.15542677872364
 20
-0.7591368973002925
 11
9.555426778722619
 21
-0.7591368973002925
  0
LINE
  5
FBD
100
AcDbEntity
  8
0
  6
ByLayer
 62
  256
370
   -1
100
AcDbLine
 10
9.555426778722619
 20
-0.9185838431498929
 11
9.555426778722619
 21
-0.7591368973002925
  0
LINE
  5
FBE
100
AcDbEntity
  8
0
  6
ByLayer
 62
  256
370
   -1
100
AcDbLine
 10
10.15542677872364
 20
-0.9185838431498929
 11
10.15542677872364
 21
-0.7591368973002925
  0
LINE
  5
FBF
100
AcDbEntity
  8
0
  6
ByLayer
 62
  256
370
   -1
100
AcDbLine
 10
10.15542677872364
 20
-0.9185838431498929
 11
10.75542677872373
 21
-0.9185838431498929
  0
LINE
  5
FC0
100
AcDbEntity
  8
0
  6
ByLayer
 62
  256
370
   -1
100
AcDbLine
 10
10.75542677872373
 20
-0.7591368973002925
 11
10.75542677872373
 21
-0.9185838431498929
  0
LINE
  5
FC1
100
AcDbEntity
  8
0
  6
ByLayer
 62
  256
370
   -1
100
AcDbLine
 10
10.75542677872373
 20
-0.7591368973002925
 11
10.15542677872364
 21
-0.7591368973002925
  0
LINE
  5
FC2
100
AcDbEntity
  8
0
  6
ByLayer
 62
  256
370
   -1
100
AcDbLine
 10
9.555426778722619
 20
1.996388513223506
 11
10.15542677872364
 21
1.996388513223506
  0
LINE
  5
FC3
100
AcDbEntity
  8
0
  6
ByLayer
 62
  256
370
   -1
100
AcDbLine
 10
9.555426778722619
 20
1.996388513223506
 11
9.555426778722619
 21
1.207187182144706
  0
LINE
  5
FC4
100
AcDbEntity
  8
0
  6
ByLayer
 62
  256
370
   -1
100
AcDbLine
 10
9.555426778722619
 20
1.207187182144706
 11
10.15542677872364
 21
1.207187182144706
  0
LINE
  5
FC5
100
AcDbEntity
  8
0
  6
ByLayer
 62
  256
370
   -1
100
AcDbLine
 10
10.15542677872364
 20
1.996388513223506
 11
10.15542677872364
 21
1.207187182144706
  0
LINE
  5
FC6
100
AcDbEntity
  8
0
  6
ByLayer
 62
  256
370
   -1
100
AcDbLine
 10
9.555426778722619
 20
1.996388513223506
 11
9.555426778722619
 21
1.207187182144706
  0
LINE
  5
FC7
100
AcDbEntity
  8
0
  6
ByLayer
 62
  256
370
   -1
100
AcDbLine
 10
8.955426778722709
 20
1.996388513223506
 11
9.555426778722619
 21
1.996388513223506
  0
LINE
  5
FC8
100
AcDbEntity
  8
0
  6
ByLayer
 62
  256
370
   -1
100
AcDbLine
 10
8.955426778722709
 20
1.996388513223506
 11
8.955426778722709
 21
1.407187182144707
  0
LINE
  5
FC9
100
AcDbEntity
  8
0
  6
ByLayer
 62
  256
370
   -1
100
AcDbLine
 10
8.955426778722709
 20
1.407187182144707
 11
8.955426778722709
 21
1.399187182144567
  0
LINE
  5
FCA
100
AcDbEntity
  8
0
  6
ByLayer
 62
  256
370
   -1
100
AcDbLine
 10
8.955426778722709
 20
1.399187182144567
 11
8.955426778722709
 21
1.215187182144657
  0
LINE
  5
FCB
100
AcDbEntity
  8
0
  6
ByLayer
 62
  256
370
   -1
100
AcDbLine
 10
8.955426778722709
 20
1.215187182144657
 11
8.955426778722709
 21
1.207187182144706
  0
LINE
  5
FCC
100
AcDbEntity
  8
0
  6
ByLayer
 62
  256
370
   -1
100
AcDbLine
 10
8.955426778722709
 20
1.207187182144706
 11
9.555426778722619
 21
1.207187182144706
  0
LINE
  5
FCD
100
AcDbEntity
  8
0
  6
ByLayer
 62
  256
370
   -1
100
AcDbLine
 10
9.555426778722619
 20
2.155835459073057
 11
9.555426778722619
 21
1.996388513223506
  0
LINE
  5
FCE
100
AcDbEntity
  8
0
  6
ByLayer
 62
  256
370
   -1
100
AcDbLine
 10
9.555426778722619
 20
2.155835459073057
 11
8.955426778722709
 21
2.155835459073057
  0
LINE
  5
FCF
100
AcDbEntity
  8
0
  6
ByLayer
 62
  256
370
   -1
100
AcDbLine
 10
8.955426778722709
 20
2.155835459073057
 11
8.955426778722709
 21
1.996388513223506
  0
LINE
  5
FD0
100
AcDbEntity
  8
0
  6
ByLayer
 62
  256
370
   -1
100
AcDbLine
 10
8.955426778722709
 20
1.996388513223506
 11
9.555426778722619
 21
1.996388513223506
  0
LINE
  5
FD1
100
AcDbEntity
  8
0
  6
ByLayer
 62
  256
370
   -1
100
AcDbLine
 10
9.555426778722619
 20
2.407187182144717
 11
8.955426778722709
 21
2.407187182144717
  0
LINE
  5
FD2
100
AcDbEntity
  8
0
  6
ByLayer
 62
  256
370
   -1
100
AcDbLine
 10
8.955426778722709
 20
2.407187182144717
 11
8.955426778722709
 21
2.399187182144667
  0
LINE
  5
FD3
100
AcDbEntity
  8
0
  6
ByLayer
 62
  256
370
   -1
100
AcDbLine
 10
8.955426778722709
 20
2.399187182144667
 11
8.955426778722709
 21
2.215187182144666
  0
LINE
  5
FD4
100
AcDbEntity
  8
0
  6
ByLayer
 62
  256
370
   -1
100
AcDbLine
 10
8.955426778722709
 20
2.215187182144666
 11
8.955426778722709
 21
2.207187182144716
  0
LINE
  5
FD5
100
AcDbEntity
  8
0
  6
ByLayer
 62
  256
370
   -1
100
AcDbLine
 10
8.955426778722709
 20
2.207187182144716
 11
8.955426778722709
 21
2.155835459073057
  0
LINE
  5
FD6
100
AcDbEntity
  8
0
  6
ByLayer
 62
  256
370
   -1
100
AcDbLine
 10
9.555426778722619
 20
2.155835459073057
 11
8.955426778722709
 21
2.155835459073057
  0
LINE
  5
FD7
100
AcDbEntity
  8
0
  6
ByLayer
 62
  256
370
   -1
100
AcDbLine
 10
9.555426778722619
 20
2.407187182144717
 11
9.555426778722619
 21
2.155835459073057
  0
LINE
  5
FD8
100
AcDbEntity
  8
0
  6
ByLayer
 62
  256
370
   -1
100
AcDbLine
 10
9.555426778722619
 20
-1.192812817855303
 11
9.555426778722619
 21
-0.9185838431498929
  0
LINE
  5
FD9
100
AcDbEntity
  8
0
  6
ByLayer
 62
  256
370
   -1
100
AcDbLine
 10
8.955426778722709
 20
-0.9185838431498929
 11
9.555426778722619
 21
-0.9185838431498929
  0
LINE
  5
FDA
100
AcDbEntity
  8
0
  6
ByLayer
 62
  256
370
   -1
100
AcDbLine
 10
8.955426778722709
 20
-0.9185838431498929
 11
8.955426778722709
 21
-0.9928128178553042
  0
LINE
  5
FDB
100
AcDbEntity
  8
0
  6
ByLayer
 62
  256
370
   -1
100
AcDbLine
 10
8.955426778722709
 20
-0.9928128178553042
 11
8.955426778722709
 21
-1.000812817855394
  0
LINE
  5
FDC
100
AcDbEntity
  8
0
  6
ByLayer
 62
  256
370
   -1
100
AcDbLine
 10
8.955426778722709
 20
-1.000812817855394
 11
8.955426778722709
 21
-1.184812817855343
  0
LINE
  5
FDD
100
AcDbEntity
  8
0
  6
ByLayer
 62
  256
370
   -1
100
AcDbLine
 10
8.955426778722709
 20
-1.184812817855343
 11
8.955426778722709
 21
-1.192812817855303
  0
LINE
  5
FDE
100
AcDbEntity
  8
0
  6
ByLayer
 62
  256
370
   -1
100
AcDbLine
 10
9.555426778722619
 20
-1.192812817855303
 11
8.955426778722709
 21
-1.192812817855303
  0
LINE
  5
FDF
100
AcDbEntity
  8
0
  6
ByLayer
 62
  256
370
   -1
100
AcDbLine
 10
9.555426778722619
 20
-0.9185838431498929
 11
9.555426778722619
 21
-0.7591368973002925
  0
LINE
  5
FE0
100
AcDbEntity
  8
0
  6
ByLayer
 62
  256
370
   -1
100
AcDbLine
 10
9.555426778722619
 20
-0.7591368973002925
 11
8.955426778722709
 21
-0.7591368973002925
  0
LINE
  5
FE1
100
AcDbEntity
  8
0
  6
ByLayer
 62
  256
370
   -1
100
AcDbLine
 10
8.955426778722709
 20
-0.7591368973002925
 11
8.955426778722709
 21
-0.9185838431498929
  0
LINE
  5
FE2
100
AcDbEntity
  8
0
  6
ByLayer
 62
  256
370
   -1
100
AcDbLine
 10
8.955426778722709
 20
-0.9185838431498929
 11
9.555426778722619
 21
-0.9185838431498929
  0
LINE
  5
FE3
100
AcDbEntity
  8
0
  6
ByLayer
 62
  256
370
   -1
100
AcDbLine
 10
8.955426778722709
 20
2.399187182144667
 11
8.955426778722709
 21
2.215187182144666
  0
LINE
  5
FE4
100
AcDbEntity
  8
0
  6
ByLayer
 62
  256
370
   -1
100
AcDbLine
 10
8.86642677872271
 20
2.399187182144667
 11
8.955426778722709
 21
2.399187182144667
  0
ARC
  5
FE5
100
AcDbEntity
  8
0
  6
ByLayer
 62
  256
370
   -1
100
AcDbCircle
 10
8.86642677872271
 20
2.394187182144586
 40
0.0049999999999931
100
AcDbArc
 50
90
 51
180
  0
LINE
  5
FE6
100
AcDbEntity
  8
0
  6
ByLayer
 62
  256
370
   -1
100
AcDbLine
 10
8.861426778722668
 20
2.394187182144586
 11
8.861426778722668
 21
2.220187182144656
  0
ARC
  5
FE7
100
AcDbEntity
  8
0
  6
ByLayer
 62
  256
370
   -1
100
AcDbCircle
 10
8.86642677872271
 20
2.220187182144656
 40
0.0050000000000393
100
AcDbArc
 50
180
 51
270
  0
LINE
  5
FE8
100
AcDbEntity
  8
0
  6
ByLayer
 62
  256
370
   -1
100
AcDbLine
 10
8.955426778722709
 20
2.215187182144666
 11
8.86642677872271
 21
2.215187182144666
  0
LINE
  5
FE9
100
AcDbEntity
  8
0
  6
ByLayer
 62
  256
370
   -1
100
AcDbLine
 10
8.75542677872372
 20
2.407187182144717
 11
8.955426778722709
 21
2.407187182144717
  0
LINE
  5
FEA
100
AcDbEntity
  8
0
  6
ByLayer
 62
  256
370
   -1
100
AcDbLine
 10
8.75542677872372
 20
2.407187182144717
 11
8.75542677872372
 21
2.399187182144667
  0
LINE
  5
FEB
100
AcDbEntity
  8
0
  6
ByLayer
 62
  256
370
   -1
100
AcDbLine
 10
8.75542677872372
 20
2.399187182144667
 11
8.844426778723719
 21
2.399187182144667
  0
ARC
  5
FEC
100
AcDbEntity
  8
0
  6
ByLayer
 62
  256
370
   -1
100
AcDbCircle
 10
8.844426778723719
 20
2.394187182144586
 40
0.0049999999998545
100
AcDbArc
 50
0
 51
90
  0
LINE
  5
FED
100
AcDbEntity
  8
0
  6
ByLayer
 62
  256
370
   -1
100
AcDbLine
 10
8.849426778723579
 20
2.394187182144586
 11
8.849426778722648
 21
2.220187182144656
  0
ARC
  5
FEE
100
AcDbEntity
  8
0
  6
ByLayer
 62
  256
370
   -1
100
AcDbCircle
 10
8.844426778723719
 20
2.220187182144656
 40
0.0049999999999931
100
AcDbArc
 50
270
 51
0
  0
LINE
  5
FEF
100
AcDbEntity
  8
0
  6
ByLayer
 62
  256
370
   -1
100
AcDbLine
 10
8.844426778723719
 20
2.215187182144666
 11
8.75542677872372
 21
2.215187182144666
  0
LINE
  5
FF0
100
AcDbEntity
  8
0
  6
ByLayer
 62
  256
370
   -1
100
AcDbLine
 10
8.75542677872372
 20
2.215187182144666
 11
8.75542677872372
 21
2.207187182144716
  0
LINE
  5
FF1
100
AcDbEntity
  8
0
  6
ByLayer
 62
  256
370
   -1
100
AcDbLine
 10
8.955426778722709
 20
2.207187182144716
 11
8.75542677872372
 21
2.207187182144716
  0
LINE
  5
FF2
100
AcDbEntity
  8
0
  6
ByLayer
 62
  256
370
   -1
100
AcDbLine
 10
8.955426778722709
 20
2.215187182144666
 11
8.955426778722709
 21
2.207187182144716
  0
LINE
  5
FF3
100
AcDbEntity
  8
0
  6
ByLayer
 62
  256
370
   -1
100
AcDbLine
 10
8.955426778722709
 20
2.215187182144666
 11
8.86642677872271
 21
2.215187182144666
  0
ARC
  5
FF4
100
AcDbEntity
  8
0
  6
ByLayer
 62
  256
370
   -1
100
AcDbCircle
 10
8.86642677872271
 20
2.220187182144656
 40
0.0050000000000393
100
AcDbArc
 50
180
 51
270
  0
LINE
  5
FF5
100
AcDbEntity
  8
0
  6
ByLayer
 62
  256
370
   -1
100
AcDbLine
 10
8.861426778722668
 20
2.394187182144586
 11
8.861426778722668
 21
2.220187182144656
  0
ARC
  5
FF6
100
AcDbEntity
  8
0
  6
ByLayer
 62
  256
370
   -1
100
AcDbCircle
 10
8.86642677872271
 20
2.394187182144586
 40
0.0049999999999931
100
AcDbArc
 50
90
 51
180
  0
LINE
  5
FF7
100
AcDbEntity
  8
0
  6
ByLayer
 62
  256
370
   -1
100
AcDbLine
 10
8.86642677872271
 20
2.399187182144667
 11
8.955426778722709
 21
2.399187182144667
  0
LINE
  5
FF8
100
AcDbEntity
  8
0
  6
ByLayer
 62
  256
370
   -1
100
AcDbLine
 10
8.955426778722709
 20
2.407187182144717
 11
8.955426778722709
 21
2.399187182144667
  0
LINE
  5
FF9
100
AcDbEntity
  8
0
  6
ByLayer
 62
  256
370
   -1
100
AcDbLine
 10
8.75542677872372
 20
2.399187182144667
 11
8.844426778723719
 21
2.399187182144667
  0
LINE
  5
FFA
100
AcDbEntity
  8
0
  6
ByLayer
 62
  256
370
   -1
100
AcDbLine
 10
8.75542677872372
 20
2.399187182144667
 11
8.75542677872372
 21
2.215187182144666
  0
LINE
  5
FFB
100
AcDbEntity
  8
0
  6
ByLayer
 62
  256
370
   -1
100
AcDbLine
 10
8.844426778723719
 20
2.215187182144666
 11
8.75542677872372
 21
2.215187182144666
  0
ARC
  5
FFC
100
AcDbEntity
  8
0
  6
ByLayer
 62
  256
370
   -1
100
AcDbCircle
 10
8.844426778723719
 20
2.220187182144656
 40
0.0049999999999931
100
AcDbArc
 50
270
 51
0
  0
LINE
  5
FFD
100
AcDbEntity
  8
0
  6
ByLayer
 62
  256
370
   -1
100
AcDbLine
 10
8.849426778723579
 20
2.394187182144586
 11
8.849426778722648
 21
2.220187182144656
  0
ARC
  5
FFE
100
AcDbEntity
  8
0
  6
ByLayer
 62
  256
370
   -1
100
AcDbCircle
 10
8.844426778723719
 20
2.394187182144586
 40
0.0049999999998545
100
AcDbArc
 50
0
 51
90
  0
LINE
  5
FFF
100
AcDbEntity
  8
0
  6
ByLayer
 62
  256
370
   -1
100
AcDbLine
 10
8.955426778722709
 20
-1.000812817855394
 11
8.955426778722709
 21
-1.184812817855343
  0
LINE
  5
1000
100
AcDbEntity
  8
0
  6
ByLayer
 62
  256
370
   -1
100
AcDbLine
 10
8.86642677872271
 20
-1.000812817855394
 11
8.955426778722709
 21
-1.000812817855394
  0
ARC
  5
1001
100
AcDbEntity
  8
0
  6
ByLayer
 62
  256
370
   -1
100
AcDbCircle
 10
8.86642677872271
 20
-1.005812817855434
 40
0.0050000000000393
100
AcDbArc
 50
90
 51
180
  0
LINE
  5
1002
100
AcDbEntity
  8
0
  6
ByLayer
 62
  256
370
   -1
100
AcDbLine
 10
8.861426778722668
 20
-1.005812817855434
 11
8.861426778722668
 21
-1.179812817855353
  0
ARC
  5
1003
100
AcDbEntity
  8
0
  6
ByLayer
 62
  256
370
   -1
100
AcDbCircle
 10
8.86642677872271
 20
-1.179812817855353
 40
0.0050000000000393
100
AcDbArc
 50
180
 51
270
  0
LINE
  5
1004
100
AcDbEntity
  8
0
  6
ByLayer
 62
  256
370
   -1
100
AcDbLine
 10
8.955426778722709
 20
-1.184812817855343
 11
8.86642677872271
 21
-1.184812817855343
  0
LINE
  5
1005
100
AcDbEntity
  8
0
  6
ByLayer
 62
  256
370
   -1
100
AcDbLine
 10
8.75542677872372
 20
2.215187182144666
 11
8.75542677872372
 21
2.207187182144716
  0
LINE
  5
1006
100
AcDbEntity
  8
0
  6
ByLayer
 62
  256
370
   -1
100
AcDbLine
 10
8.75542677872372
 20
2.399187182144667
 11
8.75542677872372
 21
2.215187182144666
  0
LINE
  5
1007
100
AcDbEntity
  8
0
  6
ByLayer
 62
  256
370
   -1
100
AcDbLine
 10
8.75542677872372
 20
2.407187182144717
 11
8.75542677872372
 21
2.399187182144667
  0
LINE
  5
1008
100
AcDbEntity
  8
0
  6
ByLayer
 62
  256
370
   -1
100
AcDbLine
 10
8.75542677872372
 20
2.407187182144717
 11
8.15542677872363
 21
2.407187182144717
  0
LINE
  5
1009
100
AcDbEntity
  8
0
  6
ByLayer
 62
  256
370
   -1
100
AcDbLine
 10
8.15542677872363
 20
2.407187182144717
 11
8.15542677872363
 21
2.155835459073057
  0
LINE
  5
100A
100
AcDbEntity
  8
0
  6
ByLayer
 62
  256
370
   -1
100
AcDbLine
 10
8.75542677872372
 20
2.155835459073057
 11
8.15542677872363
 21
2.155835459073057
  0
LINE
  5
100B
100
AcDbEntity
  8
0
  6
ByLayer
 62
  256
370
   -1
100
AcDbLine
 10
8.75542677872372
 20
2.207187182144716
 11
8.75542677872372
 21
2.155835459073057
  0
LINE
  5
100C
100
AcDbEntity
  8
0
  6
ByLayer
 62
  256
370
   -1
100
AcDbLine
 10
8.75542677872372
 20
-1.192812817855303
 11
8.75542677872372
 21
-1.184812817855343
  0
LINE
  5
100D
100
AcDbEntity
  8
0
  6
ByLayer
 62
  256
370
   -1
100
AcDbLine
 10
8.75542677872372
 20
-1.184812817855343
 11
8.75542677872372
 21
-1.000812817855394
  0
LINE
  5
100E
100
AcDbEntity
  8
0
  6
ByLayer
 62
  256
370
   -1
100
AcDbLine
 10
8.75542677872372
 20
-1.000812817855394
 11
8.75542677872372
 21
-0.9928128178553042
  0
LINE
  5
100F
100
AcDbEntity
  8
0
  6
ByLayer
 62
  256
370
   -1
100
AcDbLine
 10
8.75542677872372
 20
-0.9928128178553042
 11
8.75542677872372
 21
-0.9185838431498929
  0
LINE
  5
1010
100
AcDbEntity
  8
0
  6
ByLayer
 62
  256
370
   -1
100
AcDbLine
 10
8.15542677872363
 20
-0.9185838431498929
 11
8.75542677872372
 21
-0.9185838431498929
  0
LINE
  5
1011
100
AcDbEntity
  8
0
  6
ByLayer
 62
  256
370
   -1
100
AcDbLine
 10
8.15542677872363
 20
-1.192812817855303
 11
8.15542677872363
 21
-0.9185838431498929
  0
LINE
  5
1012
100
AcDbEntity
  8
0
  6
ByLayer
 62
  256
370
   -1
100
AcDbLine
 10
8.75542677872372
 20
-1.192812817855303
 11
8.15542677872363
 21
-1.192812817855303
  0
LINE
  5
1013
100
AcDbEntity
  8
0
  6
ByLayer
 62
  256
370
   -1
100
AcDbLine
 10
8.955426778722709
 20
-0.9185838431498929
 11
8.955426778722709
 21
-0.9928128178553042
  0
LINE
  5
1014
100
AcDbEntity
  8
0
  6
ByLayer
 62
  256
370
   -1
100
AcDbLine
 10
8.75542677872372
 20
-0.9185838431498929
 11
8.955426778722709
 21
-0.9185838431498929
  0
LINE
  5
1015
100
AcDbEntity
  8
0
  6
ByLayer
 62
  256
370
   -1
100
AcDbLine
 10
8.75542677872372
 20
-0.9928128178553042
 11
8.75542677872372
 21
-0.9185838431498929
  0
LINE
  5
1016
100
AcDbEntity
  8
0
  6
ByLayer
 62
  256
370
   -1
100
AcDbLine
 10
8.75542677872372
 20
-0.9928128178553042
 11
8.955426778722709
 21
-0.9928128178553042
  0
LINE
  5
1017
100
AcDbEntity
  8
0
  6
ByLayer
 62
  256
370
   -1
100
AcDbLine
 10
8.75542677872372
 20
2.155835459073057
 11
8.15542677872363
 21
2.155835459073057
  0
LINE
  5
1018
100
AcDbEntity
  8
0
  6
ByLayer
 62
  256
370
   -1
100
AcDbLine
 10
8.15542677872363
 20
2.155835459073057
 11
8.15542677872363
 21
1.996388513223506
  0
LINE
  5
1019
100
AcDbEntity
  8
0
  6
ByLayer
 62
  256
370
   -1
100
AcDbLine
 10
8.15542677872363
 20
1.996388513223506
 11
8.75542677872372
 21
1.996388513223506
  0
LINE
  5
101A
100
AcDbEntity
  8
0
  6
ByLayer
 62
  256
370
   -1
100
AcDbLine
 10
8.75542677872372
 20
2.155835459073057
 11
8.75542677872372
 21
1.996388513223506
  0
LINE
  5
101B
100
AcDbEntity
  8
0
  6
ByLayer
 62
  256
370
   -1
100
AcDbLine
 10
8.75542677872372
 20
-0.9928128178553042
 11
8.955426778722709
 21
-0.9928128178553042
  0
LINE
  5
101C
100
AcDbEntity
  8
0
  6
ByLayer
 62
  256
370
   -1
100
AcDbLine
 10
8.75542677872372
 20
-1.000812817855394
 11
8.75542677872372
 21
-0.9928128178553042
  0
LINE
  5
101D
100
AcDbEntity
  8
0
  6
ByLayer
 62
  256
370
   -1
100
AcDbLine
 10
8.75542677872372
 20
-1.000812817855394
 11
8.844426778723719
 21
-1.000812817855394
  0
ARC
  5
101E
100
AcDbEntity
  8
0
  6
ByLayer
 62
  256
370
   -1
100
AcDbCircle
 10
8.844426778723719
 20
-1.005812817855434
 40
0.0049999999998545
100
AcDbArc
 50
0
 51
90
  0
LINE
  5
101F
100
AcDbEntity
  8
0
  6
ByLayer
 62
  256
370
   -1
100
AcDbLine
 10
8.849426778723579
 20
-1.005812817855434
 11
8.849426778722648
 21
-1.179812817855353
  0
ARC
  5
1020
100
AcDbEntity
  8
0
  6
ByLayer
 62
  256
370
   -1
100
AcDbCircle
 10
8.844426778723719
 20
-1.179812817855353
 40
0.0049999999999931
100
AcDbArc
 50
270
 51
0
  0
LINE
  5
1021
100
AcDbEntity
  8
0
  6
ByLayer
 62
  256
370
   -1
100
AcDbLine
 10
8.844426778723719
 20
-1.184812817855343
 11
8.75542677872372
 21
-1.184812817855343
  0
LINE
  5
1022
100
AcDbEntity
  8
0
  6
ByLayer
 62
  256
370
   -1
100
AcDbLine
 10
8.75542677872372
 20
-1.192812817855303
 11
8.75542677872372
 21
-1.184812817855343
  0
LINE
  5
1023
100
AcDbEntity
  8
0
  6
ByLayer
 62
  256
370
   -1
100
AcDbLine
 10
8.955426778722709
 20
-1.192812817855303
 11
8.75542677872372
 21
-1.192812817855303
  0
LINE
  5
1024
100
AcDbEntity
  8
0
  6
ByLayer
 62
  256
370
   -1
100
AcDbLine
 10
8.955426778722709
 20
-1.184812817855343
 11
8.955426778722709
 21
-1.192812817855303
  0
LINE
  5
1025
100
AcDbEntity
  8
0
  6
ByLayer
 62
  256
370
   -1
100
AcDbLine
 10
8.955426778722709
 20
-1.184812817855343
 11
8.86642677872271
 21
-1.184812817855343
  0
ARC
  5
1026
100
AcDbEntity
  8
0
  6
ByLayer
 62
  256
370
   -1
100
AcDbCircle
 10
8.86642677872271
 20
-1.179812817855353
 40
0.0050000000000393
100
AcDbArc
 50
180
 51
270
  0
LINE
  5
1027
100
AcDbEntity
  8
0
  6
ByLayer
 62
  256
370
   -1
100
AcDbLine
 10
8.861426778722668
 20
-1.005812817855434
 11
8.861426778722668
 21
-1.179812817855353
  0
ARC
  5
1028
100
AcDbEntity
  8
0
  6
ByLayer
 62
  256
370
   -1
100
AcDbCircle
 10
8.86642677872271
 20
-1.005812817855434
 40
0.0050000000000393
100
AcDbArc
 50
90
 51
180
  0
LINE
  5
1029
100
AcDbEntity
  8
0
  6
ByLayer
 62
  256
370
   -1
100
AcDbLine
 10
8.86642677872271
 20
-1.000812817855394
 11
8.955426778722709
 21
-1.000812817855394
  0
LINE
  5
102A
100
AcDbEntity
  8
0
  6
ByLayer
 62
  256
370
   -1
100
AcDbLine
 10
8.955426778722709
 20
-0.9928128178553042
 11
8.955426778722709
 21
-1.000812817855394
  0
LINE
  5
102B
100
AcDbEntity
  8
0
  6
ByLayer
 62
  256
370
   -1
100
AcDbLine
 10
8.75542677872372
 20
-1.000812817855394
 11
8.844426778723719
 21
-1.000812817855394
  0
LINE
  5
102C
100
AcDbEntity
  8
0
  6
ByLayer
 62
  256
370
   -1
100
AcDbLine
 10
8.75542677872372
 20
-1.184812817855343
 11
8.75542677872372
 21
-1.000812817855394
  0
LINE
  5
102D
100
AcDbEntity
  8
0
  6
ByLayer
 62
  256
370
   -1
100
AcDbLine
 10
8.844426778723719
 20
-1.184812817855343
 11
8.75542677872372
 21
-1.184812817855343
  0
ARC
  5
102E
100
AcDbEntity
  8
0
  6
ByLayer
 62
  256
370
   -1
100
AcDbCircle
 10
8.844426778723719
 20
-1.179812817855353
 40
0.0049999999999931
100
AcDbArc
 50
270
 51
0
  0
LINE
  5
102F
100
AcDbEntity
  8
0
  6
ByLayer
 62
  256
370
   -1
100
AcDbLine
 10
8.849426778723579
 20
-1.005812817855434
 11
8.849426778722648
 21
-1.179812817855353
  0
ARC
  5
1030
100
AcDbEntity
  8
0
  6
ByLayer
 62
  256
370
   -1
100
AcDbCircle
 10
8.844426778723719
 20
-1.005812817855434
 40
0.0049999999998545
100
AcDbArc
 50
0
 51
90
  0
LINE
  5
1031
100
AcDbEntity
  8
0
  6
ByLayer
 62
  256
370
   -1
100
AcDbLine
 10
8.15542677872363
 20
2.155835459073057
 11
8.15542677872363
 21
1.996388513223506
  0
LINE
  5
1032
100
AcDbEntity
  8
0
  6
ByLayer
 62
  256
370
   -1
100
AcDbLine
 10
8.15542677872363
 20
2.155835459073057
 11
7.555426778723717
 21
2.155835459073057
  0
LINE
  5
1033
100
AcDbEntity
  8
0
  6
ByLayer
 62
  256
370
   -1
100
AcDbLine
 10
7.555426778723717
 20
2.155835459073057
 11
7.555426778723717
 21
1.996388513223506
  0
LINE
  5
1034
100
AcDbEntity
  8
0
  6
ByLayer
 62
  256
370
   -1
100
AcDbLine
 10
7.555426778723717
 20
1.996388513223506
 11
8.15542677872363
 21
1.996388513223506
  0
LINE
  5
1035
100
AcDbEntity
  8
0
  6
ByLayer
 62
  256
370
   -1
100
AcDbLine
 10
8.15542677872363
 20
2.407187182144717
 11
7.555426778723717
 21
2.407187182144717
  0
LINE
  5
1036
100
AcDbEntity
  8
0
  6
ByLayer
 62
  256
370
   -1
100
AcDbLine
 10
7.555426778723717
 20
2.407187182144717
 11
7.555426778723717
 21
2.155835459073057
  0
LINE
  5
1037
100
AcDbEntity
  8
0
  6
ByLayer
 62
  256
370
   -1
100
AcDbLine
 10
8.15542677872363
 20
2.155835459073057
 11
7.555426778723717
 21
2.155835459073057
  0
LINE
  5
1038
100
AcDbEntity
  8
0
  6
ByLayer
 62
  256
370
   -1
100
AcDbLine
 10
8.15542677872363
 20
2.407187182144717
 11
8.15542677872363
 21
2.155835459073057
  0
LINE
  5
1039
100
AcDbEntity
  8
0
  6
ByLayer
 62
  256
370
   -1
100
AcDbLine
 10
7.555426778723717
 20
1.996388513223506
 11
8.15542677872363
 21
1.996388513223506
  0
LINE
  5
103A
100
AcDbEntity
  8
0
  6
ByLayer
 62
  256
370
   -1
100
AcDbLine
 10
7.555426778723717
 20
1.996388513223506
 11
7.555426778723717
 21
1.207187182144706
  0
LINE
  5
103B
100
AcDbEntity
  8
0
  6
ByLayer
 62
  256
370
   -1
100
AcDbLine
 10
7.555426778723717
 20
1.207187182144706
 11
8.15542677872363
 21
1.207187182144706
  0
LINE
  5
103C
100
AcDbEntity
  8
0
  6
ByLayer
 62
  256
370
   -1
100
AcDbLine
 10
8.15542677872363
 20
1.996388513223506
 11
8.15542677872363
 21
1.207187182144706
  0
LINE
  5
103D
100
AcDbEntity
  8
0
  6
ByLayer
 62
  256
370
   -1
100
AcDbLine
 10
8.15542677872363
 20
1.996388513223506
 11
8.15542677872363
 21
1.207187182144706
  0
LINE
  5
103E
100
AcDbEntity
  8
0
  6
ByLayer
 62
  256
370
   -1
100
AcDbLine
 10
8.15542677872363
 20
1.207187182144706
 11
8.75542677872372
 21
1.207187182144706
  0
LINE
  5
103F
100
AcDbEntity
  8
0
  6
ByLayer
 62
  256
370
   -1
100
AcDbLine
 10
8.75542677872372
 20
1.215187182144657
 11
8.75542677872372
 21
1.207187182144706
  0
LINE
  5
1040
100
AcDbEntity
  8
0
  6
ByLayer
 62
  256
370
   -1
100
AcDbLine
 10
8.75542677872372
 20
1.399187182144567
 11
8.75542677872372
 21
1.215187182144657
  0
LINE
  5
1041
100
AcDbEntity
  8
0
  6
ByLayer
 62
  256
370
   -1
100
AcDbLine
 10
8.75542677872372
 20
1.407187182144707
 11
8.75542677872372
 21
1.399187182144567
  0
LINE
  5
1042
100
AcDbEntity
  8
0
  6
ByLayer
 62
  256
370
   -1
100
AcDbLine
 10
8.75542677872372
 20
1.996388513223506
 11
8.75542677872372
 21
1.407187182144707
  0
LINE
  5
1043
100
AcDbEntity
  8
0
  6
ByLayer
 62
  256
370
   -1
100
AcDbLine
 10
8.15542677872363
 20
1.996388513223506
 11
8.75542677872372
 21
1.996388513223506
  0
LINE
  5
1044
100
AcDbEntity
  8
0
  6
ByLayer
 62
  256
370
   -1
100
AcDbLine
 10
8.15542677872363
 20
-1.192812817855303
 11
8.15542677872363
 21
-0.9185838431498929
  0
LINE
  5
1045
100
AcDbEntity
  8
0
  6
ByLayer
 62
  256
370
   -1
100
AcDbLine
 10
7.555426778723717
 20
-0.9185838431498929
 11
8.15542677872363
 21
-0.9185838431498929
  0
LINE
  5
1046
100
AcDbEntity
  8
0
  6
ByLayer
 62
  256
370
   -1
100
AcDbLine
 10
7.555426778723717
 20
-1.192812817855303
 11
7.555426778723717
 21
-0.9185838431498929
  0
LINE
  5
1047
100
AcDbEntity
  8
0
  6
ByLayer
 62
  256
370
   -1
100
AcDbLine
 10
7.555426778723717
 20
-0.9185838431498929
 11
8.15542677872363
 21
-0.9185838431498929
  0
LINE
  5
1048
100
AcDbEntity
  8
0
  6
ByLayer
 62
  256
370
   -1
100
AcDbLine
 10
8.15542677872363
 20
-0.9185838431498929
 11
8.15542677872363
 21
-0.7591368973002925
  0
LINE
  5
1049
100
AcDbEntity
  8
0
  6
ByLayer
 62
  256
370
   -1
100
AcDbLine
 10
8.15542677872363
 20
-0.7591368973002925
 11
7.555426778723717
 21
-0.7591368973002925
  0
LINE
  5
104A
100
AcDbEntity
  8
0
  6
ByLayer
 62
  256
370
   -1
100
AcDbLine
 10
7.555426778723717
 20
-0.9185838431498929
 11
7.555426778723717
 21
-0.7591368973002925
  0
LINE
  5
104B
100
AcDbEntity
  8
0
  6
ByLayer
 62
  256
370
   -1
100
AcDbLine
 10
8.15542677872363
 20
-0.9185838431498929
 11
8.75542677872372
 21
-0.9185838431498929
  0
LINE
  5
104C
100
AcDbEntity
  8
0
  6
ByLayer
 62
  256
370
   -1
100
AcDbLine
 10
8.75542677872372
 20
-0.9185838431498929
 11
8.75542677872372
 21
-0.7591368973002925
  0
LINE
  5
104D
100
AcDbEntity
  8
0
  6
ByLayer
 62
  256
370
   -1
100
AcDbLine
 10
8.75542677872372
 20
-0.7591368973002925
 11
8.15542677872363
 21
-0.7591368973002925
  0
LINE
  5
104E
100
AcDbEntity
  8
0
  6
ByLayer
 62
  256
370
   -1
100
AcDbLine
 10
8.15542677872363
 20
-0.9185838431498929
 11
8.15542677872363
 21
-0.7591368973002925
  0
LINE
  5
104F
100
AcDbEntity
  8
0
  6
ByLayer
 62
  256
370
   -1
100
AcDbLine
 10
7.555426778723717
 20
1.996388513223506
 11
7.555426778723717
 21
1.207187182144706
  0
LINE
  5
1050
100
AcDbEntity
  8
0
  6
ByLayer
 62
  256
370
   -1
100
AcDbLine
 10
6.9554267787227
 20
1.996388513223506
 11
7.555426778723717
 21
1.996388513223506
  0
LINE
  5
1051
100
AcDbEntity
  8
0
  6
ByLayer
 62
  256
370
   -1
100
AcDbLine
 10
6.9554267787227
 20
1.996388513223506
 11
6.9554267787227
 21
1.407187182144707
  0
LINE
  5
1052
100
AcDbEntity
  8
0
  6
ByLayer
 62
  256
370
   -1
100
AcDbLine
 10
6.9554267787227
 20
1.407187182144707
 11
6.9554267787227
 21
1.399187182144567
  0
LINE
  5
1053
100
AcDbEntity
  8
0
  6
ByLayer
 62
  256
370
   -1
100
AcDbLine
 10
6.9554267787227
 20
1.399187182144567
 11
6.9554267787227
 21
1.215187182144657
  0
LINE
  5
1054
100
AcDbEntity
  8
0
  6
ByLayer
 62
  256
370
   -1
100
AcDbLine
 10
6.9554267787227
 20
1.215187182144657
 11
6.9554267787227
 21
1.207187182144706
  0
LINE
  5
1055
100
AcDbEntity
  8
0
  6
ByLayer
 62
  256
370
   -1
100
AcDbLine
 10
6.9554267787227
 20
1.207187182144706
 11
7.555426778723717
 21
1.207187182144706
  0
LINE
  5
1056
100
AcDbEntity
  8
0
  6
ByLayer
 62
  256
370
   -1
100
AcDbLine
 10
7.555426778723717
 20
2.155835459073057
 11
7.555426778723717
 21
1.996388513223506
  0
LINE
  5
1057
100
AcDbEntity
  8
0
  6
ByLayer
 62
  256
370
   -1
100
AcDbLine
 10
7.555426778723717
 20
2.155835459073057
 11
6.9554267787227
 21
2.155835459073057
  0
LINE
  5
1058
100
AcDbEntity
  8
0
  6
ByLayer
 62
  256
370
   -1
100
AcDbLine
 10
6.9554267787227
 20
2.155835459073057
 11
6.9554267787227
 21
1.996388513223506
  0
LINE
  5
1059
100
AcDbEntity
  8
0
  6
ByLayer
 62
  256
370
   -1
100
AcDbLine
 10
6.9554267787227
 20
1.996388513223506
 11
7.555426778723717
 21
1.996388513223506
  0
LINE
  5
105A
100
AcDbEntity
  8
0
  6
ByLayer
 62
  256
370
   -1
100
AcDbLine
 10
7.555426778723717
 20
2.407187182144717
 11
6.9554267787227
 21
2.407187182144717
  0
LINE
  5
105B
100
AcDbEntity
  8
0
  6
ByLayer
 62
  256
370
   -1
100
AcDbLine
 10
6.9554267787227
 20
2.407187182144717
 11
6.9554267787227
 21
2.399187182144667
  0
LINE
  5
105C
100
AcDbEntity
  8
0
  6
ByLayer
 62
  256
370
   -1
100
AcDbLine
 10
6.9554267787227
 20
2.399187182144667
 11
6.9554267787227
 21
2.215187182144666
  0
LINE
  5
105D
100
AcDbEntity
  8
0
  6
ByLayer
 62
  256
370
   -1
100
AcDbLine
 10
6.9554267787227
 20
2.215187182144666
 11
6.9554267787227
 21
2.207187182144716
  0
LINE
  5
105E
100
AcDbEntity
  8
0
  6
ByLayer
 62
  256
370
   -1
100
AcDbLine
 10
6.9554267787227
 20
2.207187182144716
 11
6.9554267787227
 21
2.155835459073057
  0
LINE
  5
105F
100
AcDbEntity
  8
0
  6
ByLayer
 62
  256
370
   -1
100
AcDbLine
 10
7.555426778723717
 20
2.155835459073057
 11
6.9554267787227
 21
2.155835459073057
  0
LINE
  5
1060
100
AcDbEntity
  8
0
  6
ByLayer
 62
  256
370
   -1
100
AcDbLine
 10
7.555426778723717
 20
2.407187182144717
 11
7.555426778723717
 21
2.155835459073057
  0
LINE
  5
1061
100
AcDbEntity
  8
0
  6
ByLayer
 62
  256
370
   -1
100
AcDbLine
 10
7.555426778723717
 20
-1.192812817855303
 11
7.555426778723717
 21
-0.9185838431498929
  0
LINE
  5
1062
100
AcDbEntity
  8
0
  6
ByLayer
 62
  256
370
   -1
100
AcDbLine
 10
6.9554267787227
 20
-0.9185838431498929
 11
7.555426778723717
 21
-0.9185838431498929
  0
LINE
  5
1063
100
AcDbEntity
  8
0
  6
ByLayer
 62
  256
370
   -1
100
AcDbLine
 10
6.9554267787227
 20
-0.9185838431498929
 11
6.9554267787227
 21
-0.9928128178553042
  0
LINE
  5
1064
100
AcDbEntity
  8
0
  6
ByLayer
 62
  256
370
   -1
100
AcDbLine
 10
6.9554267787227
 20
-0.9928128178553042
 11
6.9554267787227
 21
-1.000812817855394
  0
LINE
  5
1065
100
AcDbEntity
  8
0
  6
ByLayer
 62
  256
370
   -1
100
AcDbLine
 10
6.9554267787227
 20
-1.000812817855394
 11
6.9554267787227
 21
-1.184812817855343
  0
LINE
  5
1066
100
AcDbEntity
  8
0
  6
ByLayer
 62
  256
370
   -1
100
AcDbLine
 10
6.9554267787227
 20
-1.184812817855343
 11
6.9554267787227
 21
-1.192812817855303
  0
LINE
  5
1067
100
AcDbEntity
  8
0
  6
ByLayer
 62
  256
370
   -1
100
AcDbLine
 10
7.555426778723717
 20
-1.192812817855303
 11
6.9554267787227
 21
-1.192812817855303
  0
LINE
  5
1068
100
AcDbEntity
  8
0
  6
ByLayer
 62
  256
370
   -1
100
AcDbLine
 10
7.555426778723717
 20
-0.9185838431498929
 11
7.555426778723717
 21
-0.7591368973002925
  0
LINE
  5
1069
100
AcDbEntity
  8
0
  6
ByLayer
 62
  256
370
   -1
100
AcDbLine
 10
7.555426778723717
 20
-0.7591368973002925
 11
6.9554267787227
 21
-0.7591368973002925
  0
LINE
  5
106A
100
AcDbEntity
  8
0
  6
ByLayer
 62
  256
370
   -1
100
AcDbLine
 10
6.9554267787227
 20
-0.7591368973002925
 11
6.9554267787227
 21
-0.9185838431498929
  0
LINE
  5
106B
100
AcDbEntity
  8
0
  6
ByLayer
 62
  256
370
   -1
100
AcDbLine
 10
6.9554267787227
 20
-0.9185838431498929
 11
7.555426778723717
 21
-0.9185838431498929
  0
LINE
  5
106C
100
AcDbEntity
  8
0
  6
ByLayer
 62
  256
370
   -1
100
AcDbLine
 10
6.9554267787227
 20
2.399187182144667
 11
6.9554267787227
 21
2.215187182144666
  0
LINE
  5
106D
100
AcDbEntity
  8
0
  6
ByLayer
 62
  256
370
   -1
100
AcDbLine
 10
6.866426778722701
 20
2.399187182144667
 11
6.9554267787227
 21
2.399187182144667
  0
ARC
  5
106E
100
AcDbEntity
  8
0
  6
ByLayer
 62
  256
370
   -1
100
AcDbCircle
 10
6.866426778722701
 20
2.394187182144586
 40
0.0049999999999931
100
AcDbArc
 50
90
 51
180
  0
LINE
  5
106F
100
AcDbEntity
  8
0
  6
ByLayer
 62
  256
370
   -1
100
AcDbLine
 10
6.861426778722663
 20
2.394187182144586
 11
6.861426778722663
 21
2.220187182144656
  0
ARC
  5
1070
100
AcDbEntity
  8
0
  6
ByLayer
 62
  256
370
   -1
100
AcDbCircle
 10
6.866426778722701
 20
2.220187182144656
 40
0.0050000000000393
100
AcDbArc
 50
180
 51
270
  0
LINE
  5
1071
100
AcDbEntity
  8
0
  6
ByLayer
 62
  256
370
   -1
100
AcDbLine
 10
6.9554267787227
 20
2.215187182144666
 11
6.866426778722701
 21
2.215187182144666
  0
LINE
  5
1072
100
AcDbEntity
  8
0
  6
ByLayer
 62
  256
370
   -1
100
AcDbLine
 10
6.755426778723713
 20
2.407187182144717
 11
6.9554267787227
 21
2.407187182144717
  0
LINE
  5
1073
100
AcDbEntity
  8
0
  6
ByLayer
 62
  256
370
   -1
100
AcDbLine
 10
6.755426778723713
 20
2.407187182144717
 11
6.755426778723713
 21
2.399187182144667
  0
LINE
  5
1074
100
AcDbEntity
  8
0
  6
ByLayer
 62
  256
370
   -1
100
AcDbLine
 10
6.755426778723713
 20
2.399187182144667
 11
6.844426778722603
 21
2.399187182144667
  0
ARC
  5
1075
100
AcDbEntity
  8
0
  6
ByLayer
 62
  256
370
   -1
100
AcDbCircle
 10
6.844426778722603
 20
2.394187182144586
 40
0.0050000000000393
100
AcDbArc
 50
0
 51
90
  0
LINE
  5
1076
100
AcDbEntity
  8
0
  6
ByLayer
 62
  256
370
   -1
100
AcDbLine
 10
6.849426778722641
 20
2.394187182144586
 11
6.849426778722641
 21
2.220187182144656
  0
ARC
  5
1077
100
AcDbEntity
  8
0
  6
ByLayer
 62
  256
370
   -1
100
AcDbCircle
 10
6.844426778722603
 20
2.220187182144656
 40
0.0049999999999931
100
AcDbArc
 50
270
 51
0
  0
LINE
  5
1078
100
AcDbEntity
  8
0
  6
ByLayer
 62
  256
370
   -1
100
AcDbLine
 10
6.844426778722603
 20
2.215187182144666
 11
6.755426778723713
 21
2.215187182144666
  0
LINE
  5
1079
100
AcDbEntity
  8
0
  6
ByLayer
 62
  256
370
   -1
100
AcDbLine
 10
6.755426778723713
 20
2.215187182144666
 11
6.755426778723713
 21
2.207187182144716
  0
LINE
  5
107A
100
AcDbEntity
  8
0
  6
ByLayer
 62
  256
370
   -1
100
AcDbLine
 10
6.9554267787227
 20
2.207187182144716
 11
6.755426778723713
 21
2.207187182144716
  0
LINE
  5
107B
100
AcDbEntity
  8
0
  6
ByLayer
 62
  256
370
   -1
100
AcDbLine
 10
6.9554267787227
 20
2.215187182144666
 11
6.9554267787227
 21
2.207187182144716
  0
LINE
  5
107C
100
AcDbEntity
  8
0
  6
ByLayer
 62
  256
370
   -1
100
AcDbLine
 10
6.9554267787227
 20
2.215187182144666
 11
6.866426778722701
 21
2.215187182144666
  0
ARC
  5
107D
100
AcDbEntity
  8
0
  6
ByLayer
 62
  256
370
   -1
100
AcDbCircle
 10
6.866426778722701
 20
2.220187182144656
 40
0.0050000000000393
100
AcDbArc
 50
180
 51
270
  0
LINE
  5
107E
100
AcDbEntity
  8
0
  6
ByLayer
 62
  256
370
   -1
100
AcDbLine
 10
6.861426778722663
 20
2.394187182144586
 11
6.861426778722663
 21
2.220187182144656
  0
ARC
  5
107F
100
AcDbEntity
  8
0
  6
ByLayer
 62
  256
370
   -1
100
AcDbCircle
 10
6.866426778722701
 20
2.394187182144586
 40
0.0049999999999931
100
AcDbArc
 50
90
 51
180
  0
LINE
  5
1080
100
AcDbEntity
  8
0
  6
ByLayer
 62
  256
370
   -1
100
AcDbLine
 10
6.866426778722701
 20
2.399187182144667
 11
6.9554267787227
 21
2.399187182144667
  0
LINE
  5
1081
100
AcDbEntity
  8
0
  6
ByLayer
 62
  256
370
   -1
100
AcDbLine
 10
6.9554267787227
 20
2.407187182144717
 11
6.9554267787227
 21
2.399187182144667
  0
LINE
  5
1082
100
AcDbEntity
  8
0
  6
ByLayer
 62
  256
370
   -1
100
AcDbLine
 10
6.755426778723713
 20
2.399187182144667
 11
6.844426778722603
 21
2.399187182144667
  0
LINE
  5
1083
100
AcDbEntity
  8
0
  6
ByLayer
 62
  256
370
   -1
100
AcDbLine
 10
6.755426778723713
 20
2.399187182144667
 11
6.755426778723713
 21
2.215187182144666
  0
LINE
  5
1084
100
AcDbEntity
  8
0
  6
ByLayer
 62
  256
370
   -1
100
AcDbLine
 10
6.844426778722603
 20
2.215187182144666
 11
6.755426778723713
 21
2.215187182144666
  0
ARC
  5
1085
100
AcDbEntity
  8
0
  6
ByLayer
 62
  256
370
   -1
100
AcDbCircle
 10
6.844426778722603
 20
2.220187182144656
 40
0.0049999999999931
100
AcDbArc
 50
270
 51
0
  0
LINE
  5
1086
100
AcDbEntity
  8
0
  6
ByLayer
 62
  256
370
   -1
100
AcDbLine
 10
6.849426778722641
 20
2.394187182144586
 11
6.849426778722641
 21
2.220187182144656
  0
ARC
  5
1087
100
AcDbEntity
  8
0
  6
ByLayer
 62
  256
370
   -1
100
AcDbCircle
 10
6.844426778722603
 20
2.394187182144586
 40
0.0050000000000393
100
AcDbArc
 50
0
 51
90
  0
LINE
  5
1088
100
AcDbEntity
  8
0
  6
ByLayer
 62
  256
370
   -1
100
AcDbLine
 10
6.9554267787227
 20
-1.000812817855394
 11
6.9554267787227
 21
-1.184812817855343
  0
LINE
  5
1089
100
AcDbEntity
  8
0
  6
ByLayer
 62
  256
370
   -1
100
AcDbLine
 10
6.866426778722701
 20
-1.000812817855394
 11
6.9554267787227
 21
-1.000812817855394
  0
ARC
  5
108A
100
AcDbEntity
  8
0
  6
ByLayer
 62
  256
370
   -1
100
AcDbCircle
 10
6.866426778722701
 20
-1.005812817855434
 40
0.0050000000000393
100
AcDbArc
 50
90
 51
180
  0
LINE
  5
108B
100
AcDbEntity
  8
0
  6
ByLayer
 62
  256
370
   -1
100
AcDbLine
 10
6.861426778722663
 20
-1.005812817855434
 11
6.861426778722663
 21
-1.179812817855353
  0
ARC
  5
108C
100
AcDbEntity
  8
0
  6
ByLayer
 62
  256
370
   -1
100
AcDbCircle
 10
6.866426778722701
 20
-1.179812817855353
 40
0.0050000000000393
100
AcDbArc
 50
180
 51
270
  0
LINE
  5
108D
100
AcDbEntity
  8
0
  6
ByLayer
 62
  256
370
   -1
100
AcDbLine
 10
6.9554267787227
 20
-1.184812817855343
 11
6.866426778722701
 21
-1.184812817855343
  0
LINE
  5
108E
100
AcDbEntity
  8
0
  6
ByLayer
 62
  256
370
   -1
100
AcDbLine
 10
6.755426778723713
 20
2.215187182144666
 11
6.755426778723713
 21
2.207187182144716
  0
LINE
  5
108F
100
AcDbEntity
  8
0
  6
ByLayer
 62
  256
370
   -1
100
AcDbLine
 10
6.755426778723713
 20
2.399187182144667
 11
6.755426778723713
 21
2.215187182144666
  0
LINE
  5
1090
100
AcDbEntity
  8
0
  6
ByLayer
 62
  256
370
   -1
100
AcDbLine
 10
6.755426778723713
 20
2.407187182144717
 11
6.755426778723713
 21
2.399187182144667
  0
LINE
  5
1091
100
AcDbEntity
  8
0
  6
ByLayer
 62
  256
370
   -1
100
AcDbLine
 10
6.755426778723713
 20
2.407187182144717
 11
6.555426778723625
 21
2.407187182144717
  0
LINE
  5
1092
100
AcDbEntity
  8
0
  6
ByLayer
 62
  256
370
   -1
100
AcDbLine
 10
6.555426778723625
 20
2.407187182144717
 11
6.555426778723625
 21
2.155835459073057
  0
LINE
  5
1093
100
AcDbEntity
  8
0
  6
ByLayer
 62
  256
370
   -1
100
AcDbLine
 10
6.755426778723713
 20
2.155835459073057
 11
6.555426778723625
 21
2.155835459073057
  0
LINE
  5
1094
100
AcDbEntity
  8
0
  6
ByLayer
 62
  256
370
   -1
100
AcDbLine
 10
6.755426778723713
 20
2.207187182144716
 11
6.755426778723713
 21
2.155835459073057
  0
LINE
  5
1095
100
AcDbEntity
  8
0
  6
ByLayer
 62
  256
370
   -1
100
AcDbLine
 10
6.555426778723625
 20
-0.9185838431498929
 11
6.755426778723713
 21
-0.9185838431498929
  0
LINE
  5
1096
100
AcDbEntity
  8
0
  6
ByLayer
 62
  256
370
   -1
100
AcDbLine
 10
6.755426778723713
 20
-0.9185838431498929
 11
6.755426778723713
 21
-0.7591368973002925
  0
LINE
  5
1097
100
AcDbEntity
  8
0
  6
ByLayer
 62
  256
370
   -1
100
AcDbLine
 10
6.755426778723713
 20
-0.7591368973002925
 11
6.555426778723625
 21
-0.7591368973002925
  0
LINE
  5
1098
100
AcDbEntity
  8
0
  6
ByLayer
 62
  256
370
   -1
100
AcDbLine
 10
6.555426778723625
 20
-0.7591368973002925
 11
6.555426778723625
 21
-0.9185838431498929
  0
LINE
  5
1099
100
AcDbEntity
  8
0
  6
ByLayer
 62
  256
370
   -1
100
AcDbLine
 10
6.9554267787227
 20
-0.9185838431498929
 11
6.9554267787227
 21
-0.9928128178553042
  0
LINE
  5
109A
100
AcDbEntity
  8
0
  6
ByLayer
 62
  256
370
   -1
100
AcDbLine
 10
6.755426778723713
 20
-0.9185838431498929
 11
6.9554267787227
 21
-0.9185838431498929
  0
LINE
  5
109B
100
AcDbEntity
  8
0
  6
ByLayer
 62
  256
370
   -1
100
AcDbLine
 10
6.755426778723713
 20
-0.9928128178553042
 11
6.755426778723713
 21
-0.9185838431498929
  0
LINE
  5
109C
100
AcDbEntity
  8
0
  6
ByLayer
 62
  256
370
   -1
100
AcDbLine
 10
6.755426778723713
 20
-0.9928128178553042
 11
6.9554267787227
 21
-0.9928128178553042
  0
LINE
  5
109D
100
AcDbEntity
  8
0
  6
ByLayer
 62
  256
370
   -1
100
AcDbLine
 10
6.755426778723713
 20
-1.192812817855303
 11
6.755426778723713
 21
-1.184812817855343
  0
LINE
  5
109E
100
AcDbEntity
  8
0
  6
ByLayer
 62
  256
370
   -1
100
AcDbLine
 10
6.755426778723713
 20
-1.184812817855343
 11
6.755426778723713
 21
-1.000812817855394
  0
LINE
  5
109F
100
AcDbEntity
  8
0
  6
ByLayer
 62
  256
370
   -1
100
AcDbLine
 10
6.755426778723713
 20
-1.000812817855394
 11
6.755426778723713
 21
-0.9928128178553042
  0
LINE
  5
10A0
100
AcDbEntity
  8
0
  6
ByLayer
 62
  256
370
   -1
100
AcDbLine
 10
6.755426778723713
 20
-0.9928128178553042
 11
6.755426778723713
 21
-0.9185838431498929
  0
LINE
  5
10A1
100
AcDbEntity
  8
0
  6
ByLayer
 62
  256
370
   -1
100
AcDbLine
 10
6.555426778723625
 20
-0.9185838431498929
 11
6.755426778723713
 21
-0.9185838431498929
  0
LINE
  5
10A2
100
AcDbEntity
  8
0
  6
ByLayer
 62
  256
370
   -1
100
AcDbLine
 10
6.555426778723625
 20
-0.9185838431498929
 11
6.555426778723625
 21
-1.192812817855303
  0
LINE
  5
10A3
100
AcDbEntity
  8
0
  6
ByLayer
 62
  256
370
   -1
100
AcDbLine
 10
6.755426778723713
 20
-1.192812817855303
 11
6.555426778723625
 21
-1.192812817855303
  0
LINE
  5
10A4
100
AcDbEntity
  8
0
  6
ByLayer
 62
  256
370
   -1
100
AcDbLine
 10
6.755426778723713
 20
-0.9928128178553042
 11
6.9554267787227
 21
-0.9928128178553042
  0
LINE
  5
10A5
100
AcDbEntity
  8
0
  6
ByLayer
 62
  256
370
   -1
100
AcDbLine
 10
6.755426778723713
 20
-1.000812817855394
 11
6.755426778723713
 21
-0.9928128178553042
  0
LINE
  5
10A6
100
AcDbEntity
  8
0
  6
ByLayer
 62
  256
370
   -1
100
AcDbLine
 10
6.755426778723713
 20
-1.000812817855394
 11
6.844426778722603
 21
-1.000812817855394
  0
ARC
  5
10A7
100
AcDbEntity
  8
0
  6
ByLayer
 62
  256
370
   -1
100
AcDbCircle
 10
6.844426778722603
 20
-1.005812817855434
 40
0.0050000000000393
100
AcDbArc
 50
0
 51
90
  0
LINE
  5
10A8
100
AcDbEntity
  8
0
  6
ByLayer
 62
  256
370
   -1
100
AcDbLine
 10
6.849426778722641
 20
-1.005812817855434
 11
6.849426778722641
 21
-1.179812817855353
  0
ARC
  5
10A9
100
AcDbEntity
  8
0
  6
ByLayer
 62
  256
370
   -1
100
AcDbCircle
 10
6.844426778722603
 20
-1.179812817855353
 40
0.0049999999999931
100
AcDbArc
 50
270
 51
0
  0
LINE
  5
10AA
100
AcDbEntity
  8
0
  6
ByLayer
 62
  256
370
   -1
100
AcDbLine
 10
6.844426778722603
 20
-1.184812817855343
 11
6.755426778723713
 21
-1.184812817855343
  0
LINE
  5
10AB
100
AcDbEntity
  8
0
  6
ByLayer
 62
  256
370
   -1
100
AcDbLine
 10
6.755426778723713
 20
-1.192812817855303
 11
6.755426778723713
 21
-1.184812817855343
  0
LINE
  5
10AC
100
AcDbEntity
  8
0
  6
ByLayer
 62
  256
370
   -1
100
AcDbLine
 10
6.9554267787227
 20
-1.192812817855303
 11
6.755426778723713
 21
-1.192812817855303
  0
LINE
  5
10AD
100
AcDbEntity
  8
0
  6
ByLayer
 62
  256
370
   -1
100
AcDbLine
 10
6.9554267787227
 20
-1.184812817855343
 11
6.9554267787227
 21
-1.192812817855303
  0
LINE
  5
10AE
100
AcDbEntity
  8
0
  6
ByLayer
 62
  256
370
   -1
100
AcDbLine
 10
6.9554267787227
 20
-1.184812817855343
 11
6.866426778722701
 21
-1.184812817855343
  0
ARC
  5
10AF
100
AcDbEntity
  8
0
  6
ByLayer
 62
  256
370
   -1
100
AcDbCircle
 10
6.866426778722701
 20
-1.179812817855353
 40
0.0050000000000393
100
AcDbArc
 50
180
 51
270
  0
LINE
  5
10B0
100
AcDbEntity
  8
0
  6
ByLayer
 62
  256
370
   -1
100
AcDbLine
 10
6.861426778722663
 20
-1.005812817855434
 11
6.861426778722663
 21
-1.179812817855353
  0
ARC
  5
10B1
100
AcDbEntity
  8
0
  6
ByLayer
 62
  256
370
   -1
100
AcDbCircle
 10
6.866426778722701
 20
-1.005812817855434
 40
0.0050000000000393
100
AcDbArc
 50
90
 51
180
  0
LINE
  5
10B2
100
AcDbEntity
  8
0
  6
ByLayer
 62
  256
370
   -1
100
AcDbLine
 10
6.866426778722701
 20
-1.000812817855394
 11
6.9554267787227
 21
-1.000812817855394
  0
LINE
  5
10B3
100
AcDbEntity
  8
0
  6
ByLayer
 62
  256
370
   -1
100
AcDbLine
 10
6.9554267787227
 20
-0.9928128178553042
 11
6.9554267787227
 21
-1.000812817855394
  0
LINE
  5
10B4
100
AcDbEntity
  8
0
  6
ByLayer
 62
  256
370
   -1
100
AcDbLine
 10
6.755426778723713
 20
-1.000812817855394
 11
6.844426778722603
 21
-1.000812817855394
  0
LINE
  5
10B5
100
AcDbEntity
  8
0
  6
ByLayer
 62
  256
370
   -1
100
AcDbLine
 10
6.755426778723713
 20
-1.184812817855343
 11
6.755426778723713
 21
-1.000812817855394
  0
LINE
  5
10B6
100
AcDbEntity
  8
0
  6
ByLayer
 62
  256
370
   -1
100
AcDbLine
 10
6.844426778722603
 20
-1.184812817855343
 11
6.755426778723713
 21
-1.184812817855343
  0
ARC
  5
10B7
100
AcDbEntity
  8
0
  6
ByLayer
 62
  256
370
   -1
100
AcDbCircle
 10
6.844426778722603
 20
-1.179812817855353
 40
0.0049999999999931
100
AcDbArc
 50
270
 51
0
  0
LINE
  5
10B8
100
AcDbEntity
  8
0
  6
ByLayer
 62
  256
370
   -1
100
AcDbLine
 10
6.849426778722641
 20
-1.005812817855434
 11
6.849426778722641
 21
-1.179812817855353
  0
ARC
  5
10B9
100
AcDbEntity
  8
0
  6
ByLayer
 62
  256
370
   -1
100
AcDbCircle
 10
6.844426778722603
 20
-1.005812817855434
 40
0.0050000000000393
100
AcDbArc
 50
0
 51
90
  0
LINE
  5
10BA
100
AcDbEntity
  8
0
  6
ByLayer
 62
  256
370
   -1
100
AcDbLine
 10
6.555426778723625
 20
-0.7591368973002925
 11
6.555426778723625
 21
-0.9185838431498929
  0
LINE
  5
10BB
100
AcDbEntity
  8
0
  6
ByLayer
 62
  256
370
   -1
100
AcDbLine
 10
6.555426778723625
 20
-0.7591368973002925
 11
5.470320405065674
 21
-0.7591368973002925
  0
LINE
  5
10BC
100
AcDbEntity
  8
0
  6
ByLayer
 62
  256
370
   -1
100
AcDbLine
 10
5.470320405065674
 20
-0.7591368973002925
 11
5.470320405065674
 21
-0.9185838431498929
  0
LINE
  5
10BD
100
AcDbEntity
  8
0
  6
ByLayer
 62
  256
370
   -1
100
AcDbLine
 10
5.470320405065674
 20
-0.9185838431498929
 11
6.555426778723625
 21
-0.9185838431498929
  0
LINE
  5
10BE
100
AcDbEntity
  8
0
  6
ByLayer
 62
  256
370
   -1
100
AcDbLine
 10
6.755426778723713
 20
-0.7591368973002925
 11
6.555426778723625
 21
-0.7591368973002925
  0
LINE
  5
10BF
100
AcDbEntity
  8
0
  6
ByLayer
 62
  256
370
   -1
100
AcDbLine
 10
6.755426778723713
 20
-0.7591368973002925
 11
6.755426778723713
 21
-0.1928128178552928
  0
LINE
  5
10C0
100
AcDbEntity
  8
0
  6
ByLayer
 62
  256
370
   -1
100
AcDbLine
 10
6.755426778723713
 20
-0.1928128178552928
 11
6.755426778723713
 21
-0.1848128178553434
  0
LINE
  5
10C1
100
AcDbEntity
  8
0
  6
ByLayer
 62
  256
370
   -1
100
AcDbLine
 10
6.755426778723713
 20
-0.1848128178553434
 11
6.755426778723713
 21
-0.0008128178553441501
  0
LINE
  5
10C2
100
AcDbEntity
  8
0
  6
ByLayer
 62
  256
370
   -1
100
AcDbLine
 10
6.755426778723713
 20
-0.0008128178553441501
 11
6.755426778723713
 21
0.007187182144706483
  0
LINE
  5
10C3
100
AcDbEntity
  8
0
  6
ByLayer
 62
  256
370
   -1
100
AcDbLine
 10
6.755426778723713
 20
0.007187182144706483
 11
6.555426778723625
 21
0.007187182144706483
  0
LINE
  5
10C4
100
AcDbEntity
  8
0
  6
ByLayer
 62
  256
370
   -1
100
AcDbLine
 10
6.555426778723625
 20
0.007187182144706483
 11
6.555426778723625
 21
-0.7591368973002925
  0
LINE
  5
10C5
100
AcDbEntity
  8
0
  6
ByLayer
 62
  256
370
   -1
100
AcDbLine
 10
5.470320405065674
 20
1.869318210528597
 11
5.276536925160652
 21
1.869318210528597
  0
LINE
  5
10C6
100
AcDbEntity
  8
0
  6
ByLayer
 62
  256
370
   -1
100
AcDbLine
 10
5.276536925160652
 20
1.869318210528597
 11
5.154447613327743
 21
1.869318210528597
  0
LINE
  5
10C7
100
AcDbEntity
  8
0
  6
ByLayer
 62
  256
370
   -1
100
AcDbLine
 10
5.154447613327743
 20
2.282905761767967
 11
5.154447613327743
 21
1.869318210528597
  0
LINE
  5
10C8
100
AcDbEntity
  8
0
  6
ByLayer
 62
  256
370
   -1
100
AcDbLine
 10
4.957160537356809
 20
2.282905761767967
 11
5.154447613327743
 21
2.282905761767967
  0
LINE
  5
10C9
100
AcDbEntity
  8
0
  6
ByLayer
 62
  256
370
   -1
100
AcDbLine
 10
5.05545939531272
 20
-0.6320665946053339
 11
5.154447613327743
 21
-0.6320665946053339
  0
LINE
  5
10CA
100
AcDbEntity
  8
0
  6
ByLayer
 62
  256
370
   -1
100
AcDbLine
 10
5.154447613327743
 20
-0.6320665946053339
 11
5.276536925160652
 21
-0.6320665946053339
  0
LINE
  5
10CB
100
AcDbEntity
  8
0
  6
ByLayer
 62
  256
370
   -1
100
AcDbLine
 10
5.276536925160652
 20
-0.6320665946053339
 11
5.470320405065674
 21
-0.6320665946053339
  0
LINE
  5
10CC
100
AcDbEntity
  8
0
  6
ByLayer
 62
  256
370
   -1
100
AcDbLine
 10
5.470320405065674
 20
-0.6320665946053339
 11
5.470320405065674
 21
-0.7591368973002925
  0
LINE
  5
10CD
100
AcDbEntity
  8
0
  6
ByLayer
 62
  256
370
   -1
100
AcDbLine
 10
6.555426778723625
 20
-0.7591368973002925
 11
5.470320405065674
 21
-0.7591368973002925
  0
LINE
  5
10CE
100
AcDbEntity
  8
0
  6
ByLayer
 62
  256
370
   -1
100
AcDbLine
 10
6.555426778723625
 20
0.007187182144706483
 11
6.555426778723625
 21
-0.7591368973002925
  0
LINE
  5
10CF
100
AcDbEntity
  8
0
  6
ByLayer
 62
  256
370
   -1
100
AcDbLine
 10
6.555426778723625
 20
1.207187182144706
 11
6.555426778723625
 21
0.007187182144706483
  0
LINE
  5
10D0
100
AcDbEntity
  8
0
  6
ByLayer
 62
  256
370
   -1
100
AcDbLine
 10
6.555426778723625
 20
1.996388513223506
 11
6.555426778723625
 21
1.207187182144706
  0
LINE
  5
10D1
100
AcDbEntity
  8
0
  6
ByLayer
 62
  256
370
   -1
100
AcDbLine
 10
5.470320405065674
 20
1.996388513223506
 11
6.555426778723625
 21
1.996388513223506
  0
LINE
  5
10D2
100
AcDbEntity
  8
0
  6
ByLayer
 62
  256
370
   -1
100
AcDbLine
 10
5.470320405065674
 20
1.996388513223506
 11
5.470320405065674
 21
1.869318210528597
  0
LINE
  5
10D3
100
AcDbEntity
  8
0
  6
ByLayer
 62
  256
370
   -1
100
AcDbLine
 10
6.755426778723713
 20
0.007187182144706483
 11
6.555426778723625
 21
0.007187182144706483
  0
LINE
  5
10D4
100
AcDbEntity
  8
0
  6
ByLayer
 62
  256
370
   -1
100
AcDbLine
 10
6.755426778723713
 20
1.207187182144706
 11
6.555426778723625
 21
1.207187182144706
  0
LINE
  5
10D5
100
AcDbEntity
  8
0
  6
ByLayer
 62
  256
370
   -1
100
AcDbLine
 10
6.555426778723625
 20
1.207187182144706
 11
6.555426778723625
 21
0.007187182144706483
  0
LINE
  5
10D6
100
AcDbEntity
  8
0
  6
ByLayer
 62
  256
370
   -1
100
AcDbLine
 10
6.755426778723713
 20
1.207187182144706
 11
6.555426778723625
 21
1.207187182144706
  0
LINE
  5
10D7
100
AcDbEntity
  8
0
  6
ByLayer
 62
  256
370
   -1
100
AcDbLine
 10
6.755426778723713
 20
1.215187182144657
 11
6.755426778723713
 21
1.207187182144706
  0
LINE
  5
10D8
100
AcDbEntity
  8
0
  6
ByLayer
 62
  256
370
   -1
100
AcDbLine
 10
6.755426778723713
 20
1.399187182144567
 11
6.755426778723713
 21
1.215187182144657
  0
LINE
  5
10D9
100
AcDbEntity
  8
0
  6
ByLayer
 62
  256
370
   -1
100
AcDbLine
 10
6.755426778723713
 20
1.407187182144707
 11
6.755426778723713
 21
1.399187182144567
  0
LINE
  5
10DA
100
AcDbEntity
  8
0
  6
ByLayer
 62
  256
370
   -1
100
AcDbLine
 10
6.755426778723713
 20
1.996388513223506
 11
6.755426778723713
 21
1.407187182144707
  0
LINE
  5
10DB
100
AcDbEntity
  8
0
  6
ByLayer
 62
  256
370
   -1
100
AcDbLine
 10
6.555426778723625
 20
1.996388513223506
 11
6.755426778723713
 21
1.996388513223506
  0
LINE
  5
10DC
100
AcDbEntity
  8
0
  6
ByLayer
 62
  256
370
   -1
100
AcDbLine
 10
6.555426778723625
 20
1.996388513223506
 11
6.555426778723625
 21
1.207187182144706
  0
LINE
  5
10DD
100
AcDbEntity
  8
0
  6
ByLayer
 62
  256
370
   -1
100
AcDbLine
 10
12.01401322789571
 20
-0.7591368973002925
 11
11.15542677872263
 21
-0.7591368973002925
  0
LINE
  5
10DE
100
AcDbEntity
  8
0
  6
ByLayer
 62
  256
370
   -1
100
AcDbLine
 10
11.15542677872263
 20
-0.7591368973002925
 11
11.15542677872263
 21
-0.9185838431498929
  0
LINE
  5
10DF
100
AcDbEntity
  8
0
  6
ByLayer
 62
  256
370
   -1
100
AcDbLine
 10
11.15542677872263
 20
-0.9185838431498929
 11
12.01401322789571
 21
-0.9185838431498929
  0
LINE
  5
10E0
100
AcDbEntity
  8
0
  6
ByLayer
 62
  256
370
   -1
100
AcDbLine
 10
6.555426778723625
 20
2.155835459073057
 11
5.470320405065674
 21
2.155835459073057
  0
LINE
  5
10E1
100
AcDbEntity
  8
0
  6
ByLayer
 62
  256
370
   -1
100
AcDbLine
 10
5.470320405065674
 20
2.155835459073057
 11
5.470320405065674
 21
1.996388513223506
  0
LINE
  5
10E2
100
AcDbEntity
  8
0
  6
ByLayer
 62
  256
370
   -1
100
AcDbLine
 10
5.470320405065674
 20
1.996388513223506
 11
6.555426778723625
 21
1.996388513223506
  0
LINE
  5
10E3
100
AcDbEntity
  8
0
  6
ByLayer
 62
  256
370
   -1
100
AcDbLine
 10
6.555426778723625
 20
2.155835459073057
 11
6.555426778723625
 21
1.996388513223506
  0
LINE
  5
10E4
100
AcDbEntity
  8
0
  6
ByLayer
 62
  256
370
   -1
100
AcDbLine
 10
6.555426778723625
 20
1.996388513223506
 11
6.755426778723713
 21
1.996388513223506
  0
LINE
  5
10E5
100
AcDbEntity
  8
0
  6
ByLayer
 62
  256
370
   -1
100
AcDbLine
 10
6.755426778723713
 20
2.155835459073057
 11
6.755426778723713
 21
1.996388513223506
  0
LINE
  5
10E6
100
AcDbEntity
  8
0
  6
ByLayer
 62
  256
370
   -1
100
AcDbLine
 10
6.755426778723713
 20
2.155835459073057
 11
6.555426778723625
 21
2.155835459073057
  0
LINE
  5
10E7
100
AcDbEntity
  8
0
  6
ByLayer
 62
  256
370
   -1
100
AcDbLine
 10
6.555426778723625
 20
2.155835459073057
 11
6.555426778723625
 21
1.996388513223506
  0
LINE
  5
10E8
100
AcDbEntity
  8
0
  6
ByLayer
 62
  256
370
   -1
100
AcDbLine
 10
5.276536925160652
 20
2.282905761767967
 11
5.470320405065674
 21
2.282905761767967
  0
LINE
  5
10E9
100
AcDbEntity
  8
0
  6
ByLayer
 62
  256
370
   -1
100
AcDbLine
 10
5.276536925160652
 20
2.282905761767967
 11
5.276536925160652
 21
1.869318210528597
  0
LINE
  5
10EA
100
AcDbEntity
  8
0
  6
ByLayer
 62
  256
370
   -1
100
AcDbLine
 10
5.470320405065674
 20
1.869318210528597
 11
5.276536925160652
 21
1.869318210528597
  0
LINE
  5
10EB
100
AcDbEntity
  8
0
  6
ByLayer
 62
  256
370
   -1
100
AcDbLine
 10
5.470320405065674
 20
1.996388513223506
 11
5.470320405065674
 21
1.869318210528597
  0
LINE
  5
10EC
100
AcDbEntity
  8
0
  6
ByLayer
 62
  256
370
   -1
100
AcDbLine
 10
5.470320405065674
 20
2.155835459073057
 11
5.470320405065674
 21
1.996388513223506
  0
LINE
  5
10ED
100
AcDbEntity
  8
0
  6
ByLayer
 62
  256
370
   -1
100
AcDbLine
 10
5.470320405065674
 20
2.282905761767967
 11
5.470320405065674
 21
2.155835459073057
  0
LINE
  5
10EE
100
AcDbEntity
  8
0
  6
ByLayer
 62
  256
370
   -1
100
AcDbLine
 10
11.15542677872263
 20
-0.7591368973002925
 11
10.95542677872364
 21
-0.7591368973002925
  0
LINE
  5
10EF
100
AcDbEntity
  8
0
  6
ByLayer
 62
  256
370
   -1
100
AcDbLine
 10
10.95542677872364
 20
-0.7591368973002925
 11
10.95542677872364
 21
-0.9185838431498929
  0
LINE
  5
10F0
100
AcDbEntity
  8
0
  6
ByLayer
 62
  256
370
   -1
100
AcDbLine
 10
10.95542677872364
 20
-0.9185838431498929
 11
11.15542677872263
 21
-0.9185838431498929
  0
LINE
  5
10F1
100
AcDbEntity
  8
0
  6
ByLayer
 62
  256
370
   -1
100
AcDbLine
 10
11.15542677872263
 20
-0.7591368973002925
 11
11.15542677872263
 21
-0.9185838431498929
  0
LINE
  5
10F2
100
AcDbEntity
  8
0
  6
ByLayer
 62
  256
370
   -1
100
AcDbLine
 10
10.95542677872364
 20
1.207187182144706
 11
11.15542677872373
 21
1.207187182144757
  0
LINE
  5
10F3
100
AcDbEntity
  8
0
  6
ByLayer
 62
  256
370
   -1
100
AcDbLine
 10
10.95542677872364
 20
0.007187182144706483
 11
11.15542677872263
 21
0.007187182144706483
  0
LINE
  5
10F4
100
AcDbEntity
  8
0
  6
ByLayer
 62
  256
370
   -1
100
AcDbLine
 10
11.15542677872373
 20
1.207187182144757
 11
11.15542677872263
 21
0.007187182144706483
  0
LINE
  5
10F5
100
AcDbEntity
  8
0
  6
ByLayer
 62
  256
370
   -1
100
AcDbLine
 10
12.01401322789571
 20
2.155835459073057
 11
11.15542677872263
 21
2.155835459073057
  0
LINE
  5
10F6
100
AcDbEntity
  8
0
  6
ByLayer
 62
  256
370
   -1
100
AcDbLine
 10
11.15542677872263
 20
2.155835459073057
 11
11.15542677872263
 21
1.996388513223506
  0
LINE
  5
10F7
100
AcDbEntity
  8
0
  6
ByLayer
 62
  256
370
   -1
100
AcDbLine
 10
11.15542677872263
 20
1.996388513223506
 11
12.01401322789571
 21
1.996388513223506
  0
LINE
  5
10F8
100
AcDbEntity
  8
0
  6
ByLayer
 62
  256
370
   -1
100
AcDbLine
 10
12.01401322789571
 20
1.996388513223506
 11
12.01401322789571
 21
2.155835459073057
  0
LINE
  5
10F9
100
AcDbEntity
  8
0
  6
ByLayer
 62
  256
370
   -1
100
AcDbLine
 10
10.75542677872373
 20
-0.0008128178553441501
 11
10.84442677872262
 21
-0.0008128178553441501
  0
LINE
  5
10FA
100
AcDbEntity
  8
0
  6
ByLayer
 62
  256
370
   -1
100
AcDbLine
 10
10.75542677872373
 20
-0.0008128178553441501
 11
10.75542677872373
 21
-0.1848128178553434
  0
LINE
  5
10FB
100
AcDbEntity
  8
0
  6
ByLayer
 62
  256
370
   -1
100
AcDbLine
 10
10.84442677872262
 20
-0.1848128178553434
 11
10.75542677872373
 21
-0.1848128178553434
  0
ARC
  5
10FC
100
AcDbEntity
  8
0
  6
ByLayer
 62
  256
370
   -1
100
AcDbCircle
 10
10.84442677872262
 20
-0.1798128178553533
 40
0.0049999999999931
100
AcDbArc
 50
270
 51
0
  0
LINE
  5
10FD
100
AcDbEntity
  8
0
  6
ByLayer
 62
  256
370
   -1
100
AcDbLine
 10
10.84942677872266
 20
-0.005812817855423091
 11
10.84942677872266
 21
-0.1798128178553533
  0
ARC
  5
10FE
100
AcDbEntity
  8
0
  6
ByLayer
 62
  256
370
   -1
100
AcDbCircle
 10
10.84442677872262
 20
-0.005812817855423091
 40
0.0050000000000393
100
AcDbArc
 50
0
 51
90
  0
LINE
  5
10FF
100
AcDbEntity
  8
0
  6
ByLayer
 62
  256
370
   -1
100
AcDbLine
 10
11.15542677872263
 20
2.155835459073057
 11
10.95542677872364
 21
2.155835459073057
  0
LINE
  5
1100
100
AcDbEntity
  8
0
  6
ByLayer
 62
  256
370
   -1
100
AcDbLine
 10
10.95542677872364
 20
1.996388513223506
 11
10.95542677872364
 21
2.155835459073057
  0
LINE
  5
1101
100
AcDbEntity
  8
0
  6
ByLayer
 62
  256
370
   -1
100
AcDbLine
 10
10.95542677872364
 20
1.996388513223506
 11
11.15542677872263
 21
1.996388513223506
  0
LINE
  5
1102
100
AcDbEntity
  8
0
  6
ByLayer
 62
  256
370
   -1
100
AcDbLine
 10
11.15542677872263
 20
2.155835459073057
 11
11.15542677872263
 21
1.996388513223506
  0
LINE
  5
1103
100
AcDbEntity
  8
0
  6
ByLayer
 62
  256
370
   -1
100
AcDbLine
 10
10.95542677872364
 20
0.007187182144706483
 11
10.95542677872364
 21
-0.0008128178553441501
  0
LINE
  5
1104
100
AcDbEntity
  8
0
  6
ByLayer
 62
  256
370
   -1
100
AcDbLine
 10
10.75542677872373
 20
0.007187182144706483
 11
10.95542677872364
 21
0.007187182144706483
  0
LINE
  5
1105
100
AcDbEntity
  8
0
  6
ByLayer
 62
  256
370
   -1
100
AcDbLine
 10
10.75542677872373
 20
0.007187182144706483
 11
10.75542677872373
 21
-0.0008128178553441501
  0
LINE
  5
1106
100
AcDbEntity
  8
0
  6
ByLayer
 62
  256
370
   -1
100
AcDbLine
 10
10.75542677872373
 20
-0.0008128178553441501
 11
10.84442677872262
 21
-0.0008128178553441501
  0
ARC
  5
1107
100
AcDbEntity
  8
0
  6
ByLayer
 62
  256
370
   -1
100
AcDbCircle
 10
10.84442677872262
 20
-0.005812817855423091
 40
0.0050000000000393
100
AcDbArc
 50
0
 51
90
  0
LINE
  5
1108
100
AcDbEntity
  8
0
  6
ByLayer
 62
  256
370
   -1
100
AcDbLine
 10
10.84942677872266
 20
-0.005812817855423091
 11
10.84942677872266
 21
-0.1798128178553533
  0
ARC
  5
1109
100
AcDbEntity
  8
0
  6
ByLayer
 62
  256
370
   -1
100
AcDbCircle
 10
10.84442677872262
 20
-0.1798128178553533
 40
0.0049999999999931
100
AcDbArc
 50
270
 51
0
  0
LINE
  5
110A
100
AcDbEntity
  8
0
  6
ByLayer
 62
  256
370
   -1
100
AcDbLine
 10
10.84442677872262
 20
-0.1848128178553434
 11
10.75542677872373
 21
-0.1848128178553434
  0
LINE
  5
110B
100
AcDbEntity
  8
0
  6
ByLayer
 62
  256
370
   -1
100
AcDbLine
 10
10.75542677872373
 20
-0.1848128178553434
 11
10.75542677872373
 21
-0.1928128178552928
  0
LINE
  5
110C
100
AcDbEntity
  8
0
  6
ByLayer
 62
  256
370
   -1
100
AcDbLine
 10
10.95542677872364
 20
-0.1928128178552928
 11
10.75542677872373
 21
-0.1928128178552928
  0
LINE
  5
110D
100
AcDbEntity
  8
0
  6
ByLayer
 62
  256
370
   -1
100
AcDbLine
 10
10.95542677872364
 20
-0.1848128178553434
 11
10.95542677872364
 21
-0.1928128178552928
  0
LINE
  5
110E
100
AcDbEntity
  8
0
  6
ByLayer
 62
  256
370
   -1
100
AcDbLine
 10
10.95542677872364
 20
-0.1848128178553434
 11
10.86642677872272
 21
-0.1848128178553434
  0
ARC
  5
110F
100
AcDbEntity
  8
0
  6
ByLayer
 62
  256
370
   -1
100
AcDbCircle
 10
10.86642677872272
 20
-0.1798128178553533
 40
0.0050000000000393
100
AcDbArc
 50
180
 51
270
  0
LINE
  5
1110
100
AcDbEntity
  8
0
  6
ByLayer
 62
  256
370
   -1
100
AcDbLine
 10
10.86142677872268
 20
-0.005812817855423091
 11
10.86142677872268
 21
-0.1798128178553533
  0
ARC
  5
1111
100
AcDbEntity
  8
0
  6
ByLayer
 62
  256
370
   -1
100
AcDbCircle
 10
10.86642677872272
 20
-0.005812817855423091
 40
0.0049999999999931
100
AcDbArc
 50
90
 51
180
  0
LINE
  5
1112
100
AcDbEntity
  8
0
  6
ByLayer
 62
  256
370
   -1
100
AcDbLine
 10
10.86642677872272
 20
-0.0008128178553441501
 11
10.95542677872364
 21
-0.0008128178553441501
  0
LINE
  5
1113
100
AcDbEntity
  8
0
  6
ByLayer
 62
  256
370
   -1
100
AcDbLine
 10
8.955426778722709
 20
1.207187182144706
 11
9.555426778722619
 21
1.207187182144706
  0
LINE
  5
1114
100
AcDbEntity
  8
0
  6
ByLayer
 62
  256
370
   -1
100
AcDbLine
 10
8.955426778722709
 20
0.007187182144706483
 11
9.555426778722619
 21
0.007187182144706483
  0
LINE
  5
1115
100
AcDbEntity
  8
0
  6
ByLayer
 62
  256
370
   -1
100
AcDbLine
 10
10.95542677872364
 20
-0.7591368973002925
 11
10.95542677872364
 21
-0.9185838431498929
  0
LINE
  5
1116
100
AcDbEntity
  8
0
  6
ByLayer
 62
  256
370
   -1
100
AcDbLine
 10
10.95542677872364
 20
-0.7591368973002925
 11
10.75542677872373
 21
-0.7591368973002925
  0
LINE
  5
1117
100
AcDbEntity
  8
0
  6
ByLayer
 62
  256
370
   -1
100
AcDbLine
 10
10.75542677872373
 20
-0.7591368973002925
 11
10.75542677872373
 21
-0.9185838431498929
  0
LINE
  5
1118
100
AcDbEntity
  8
0
  6
ByLayer
 62
  256
370
   -1
100
AcDbLine
 10
10.15542677872364
 20
-0.9185838431498929
 11
10.75542677872373
 21
-0.9185838431498929
  0
LINE
  5
1119
100
AcDbEntity
  8
0
  6
ByLayer
 62
  256
370
   -1
100
AcDbLine
 10
10.15542677872364
 20
-1.192812817855303
 11
10.15542677872364
 21
-0.9185838431498929
  0
LINE
  5
111A
100
AcDbEntity
  8
0
  6
ByLayer
 62
  256
370
   -1
100
AcDbLine
 10
10.75542677872373
 20
-1.192812817855303
 11
10.15542677872364
 21
-1.192812817855303
  0
LINE
  5
111B
100
AcDbEntity
  8
0
  6
ByLayer
 62
  256
370
   -1
100
AcDbLine
 10
10.75542677872373
 20
-1.184812817855343
 11
10.75542677872373
 21
-1.192812817855303
  0
LINE
  5
111C
100
AcDbEntity
  8
0
  6
ByLayer
 62
  256
370
   -1
100
AcDbLine
 10
10.75542677872373
 20
-1.000812817855394
 11
10.75542677872373
 21
-1.184812817855343
  0
LINE
  5
111D
100
AcDbEntity
  8
0
  6
ByLayer
 62
  256
370
   -1
100
AcDbLine
 10
10.75542677872373
 20
-0.9928128178553042
 11
10.75542677872373
 21
-1.000812817855394
  0
LINE
  5
111E
100
AcDbEntity
  8
0
  6
ByLayer
 62
  256
370
   -1
100
AcDbLine
 10
10.75542677872373
 20
-0.9185838431498929
 11
10.75542677872373
 21
-0.9928128178553042
  0
LINE
  5
111F
100
AcDbEntity
  8
0
  6
ByLayer
 62
  256
370
   -1
100
AcDbLine
 10
10.75542677872373
 20
-0.9185838431498929
 11
10.95542677872364
 21
-0.9185838431498929
  0
LINE
  5
1120
100
AcDbEntity
  8
0
  6
ByLayer
 62
  256
370
   -1
100
AcDbLine
 10
6.755426778723713
 20
-0.1848128178553434
 11
6.755426778723713
 21
-0.0008128178553441501
  0
LINE
  5
1121
100
AcDbEntity
  8
0
  6
ByLayer
 62
  256
370
   -1
100
AcDbLine
 10
6.844426778722603
 20
-0.1848128178553434
 11
6.755426778723713
 21
-0.1848128178553434
  0
ARC
  5
1122
100
AcDbEntity
  8
0
  6
ByLayer
 62
  256
370
   -1
100
AcDbCircle
 10
6.844426778722603
 20
-0.1798128178553533
 40
0.0049999999999931
100
AcDbArc
 50
270
 51
0
  0
LINE
  5
1123
100
AcDbEntity
  8
0
  6
ByLayer
 62
  256
370
   -1
100
AcDbLine
 10
6.849426778722641
 20
-0.005812817855423091
 11
6.849426778722641
 21
-0.1798128178553533
  0
ARC
  5
1124
100
AcDbEntity
  8
0
  6
ByLayer
 62
  256
370
   -1
100
AcDbCircle
 10
6.844426778722603
 20
-0.005812817855423091
 40
0.0050000000000393
100
AcDbArc
 50
0
 51
90
  0
LINE
  5
1125
100
AcDbEntity
  8
0
  6
ByLayer
 62
  256
370
   -1
100
AcDbLine
 10
6.755426778723713
 20
-0.0008128178553441501
 11
6.844426778722603
 21
-0.0008128178553441501
  0
LINE
  5
1126
100
AcDbEntity
  8
0
  6
ByLayer
 62
  256
370
   -1
100
AcDbLine
 10
6.755426778723713
 20
-0.1928128178552928
 11
6.755426778723713
 21
-0.1848128178553434
  0
LINE
  5
1127
100
AcDbEntity
  8
0
  6
ByLayer
 62
  256
370
   -1
100
AcDbLine
 10
6.9554267787227
 20
-0.1928128178552928
 11
6.755426778723713
 21
-0.1928128178552928
  0
LINE
  5
1128
100
AcDbEntity
  8
0
  6
ByLayer
 62
  256
370
   -1
100
AcDbLine
 10
6.9554267787227
 20
-0.1848128178553434
 11
6.9554267787227
 21
-0.1928128178552928
  0
LINE
  5
1129
100
AcDbEntity
  8
0
  6
ByLayer
 62
  256
370
   -1
100
AcDbLine
 10
6.9554267787227
 20
-0.1848128178553434
 11
6.866426778722701
 21
-0.1848128178553434
  0
ARC
  5
112A
100
AcDbEntity
  8
0
  6
ByLayer
 62
  256
370
   -1
100
AcDbCircle
 10
6.866426778722701
 20
-0.1798128178553533
 40
0.0050000000000393
100
AcDbArc
 50
180
 51
270
  0
LINE
  5
112B
100
AcDbEntity
  8
0
  6
ByLayer
 62
  256
370
   -1
100
AcDbLine
 10
6.861426778722663
 20
-0.005812817855423091
 11
6.861426778722663
 21
-0.1798128178553533
  0
ARC
  5
112C
100
AcDbEntity
  8
0
  6
ByLayer
 62
  256
370
   -1
100
AcDbCircle
 10
6.866426778722701
 20
-0.005812817855423091
 40
0.0049999999999931
100
AcDbArc
 50
90
 51
180
  0
LINE
  5
112D
100
AcDbEntity
  8
0
  6
ByLayer
 62
  256
370
   -1
100
AcDbLine
 10
6.866426778722701
 20
-0.0008128178553441501
 11
6.9554267787227
 21
-0.0008128178553441501
  0
LINE
  5
112E
100
AcDbEntity
  8
0
  6
ByLayer
 62
  256
370
   -1
100
AcDbLine
 10
6.9554267787227
 20
0.007187182144706483
 11
6.9554267787227
 21
-0.0008128178553441501
  0
LINE
  5
112F
100
AcDbEntity
  8
0
  6
ByLayer
 62
  256
370
   -1
100
AcDbLine
 10
6.755426778723713
 20
0.007187182144706483
 11
6.9554267787227
 21
0.007187182144706483
  0
LINE
  5
1130
100
AcDbEntity
  8
0
  6
ByLayer
 62
  256
370
   -1
100
AcDbLine
 10
6.755426778723713
 20
-0.0008128178553441501
 11
6.755426778723713
 21
0.007187182144706483
  0
LINE
  5
1131
100
AcDbEntity
  8
0
  6
ByLayer
 62
  256
370
   -1
100
AcDbLine
 10
6.755426778723713
 20
-0.0008128178553441501
 11
6.844426778722603
 21
-0.0008128178553441501
  0
ARC
  5
1132
100
AcDbEntity
  8
0
  6
ByLayer
 62
  256
370
   -1
100
AcDbCircle
 10
6.844426778722603
 20
-0.005812817855423091
 40
0.0050000000000393
100
AcDbArc
 50
0
 51
90
  0
LINE
  5
1133
100
AcDbEntity
  8
0
  6
ByLayer
 62
  256
370
   -1
100
AcDbLine
 10
6.849426778722641
 20
-0.005812817855423091
 11
6.849426778722641
 21
-0.1798128178553533
  0
ARC
  5
1134
100
AcDbEntity
  8
0
  6
ByLayer
 62
  256
370
   -1
100
AcDbCircle
 10
6.844426778722603
 20
-0.1798128178553533
 40
0.0049999999999931
100
AcDbArc
 50
270
 51
0
  0
LINE
  5
1135
100
AcDbEntity
  8
0
  6
ByLayer
 62
  256
370
   -1
100
AcDbLine
 10
6.844426778722603
 20
-0.1848128178553434
 11
6.755426778723713
 21
-0.1848128178553434
  0
LINE
  5
1136
100
AcDbEntity
  8
0
  6
ByLayer
 62
  256
370
   -1
100
AcDbLine
 10
6.9554267787227
 20
-0.7591368973002925
 11
6.9554267787227
 21
-0.9185838431498929
  0
LINE
  5
1137
100
AcDbEntity
  8
0
  6
ByLayer
 62
  256
370
   -1
100
AcDbLine
 10
6.9554267787227
 20
-0.7591368973002925
 11
6.755426778723713
 21
-0.7591368973002925
  0
LINE
  5
1138
100
AcDbEntity
  8
0
  6
ByLayer
 62
  256
370
   -1
100
AcDbLine
 10
6.755426778723713
 20
-0.9185838431498929
 11
6.755426778723713
 21
-0.7591368973002925
  0
LINE
  5
1139
100
AcDbEntity
  8
0
  6
ByLayer
 62
  256
370
   -1
100
AcDbLine
 10
6.755426778723713
 20
-0.9185838431498929
 11
6.9554267787227
 21
-0.9185838431498929
  0
LINE
  5
113A
100
AcDbEntity
  8
0
  6
ByLayer
 62
  256
370
   -1
100
AcDbLine
 10
6.9554267787227
 20
-0.1848128178553434
 11
6.866426778722701
 21
-0.1848128178553434
  0
LINE
  5
113B
100
AcDbEntity
  8
0
  6
ByLayer
 62
  256
370
   -1
100
AcDbLine
 10
6.9554267787227
 20
-0.0008128178553441501
 11
6.9554267787227
 21
-0.1848128178553434
  0
LINE
  5
113C
100
AcDbEntity
  8
0
  6
ByLayer
 62
  256
370
   -1
100
AcDbLine
 10
6.866426778722701
 20
-0.0008128178553441501
 11
6.9554267787227
 21
-0.0008128178553441501
  0
ARC
  5
113D
100
AcDbEntity
  8
0
  6
ByLayer
 62
  256
370
   -1
100
AcDbCircle
 10
6.866426778722701
 20
-0.005812817855423091
 40
0.0049999999999931
100
AcDbArc
 50
90
 51
180
  0
LINE
  5
113E
100
AcDbEntity
  8
0
  6
ByLayer
 62
  256
370
   -1
100
AcDbLine
 10
6.861426778722663
 20
-0.005812817855423091
 11
6.861426778722663
 21
-0.1798128178553533
  0
ARC
  5
113F
100
AcDbEntity
  8
0
  6
ByLayer
 62
  256
370
   -1
100
AcDbCircle
 10
6.866426778722701
 20
-0.1798128178553533
 40
0.0050000000000393
100
AcDbArc
 50
180
 51
270
  0
LINE
  5
1140
100
AcDbEntity
  8
0
  6
ByLayer
 62
  256
370
   -1
100
AcDbLine
 10
9.555426778722619
 20
-0.7591368973002925
 11
8.955426778722709
 21
-0.7591368973002925
  0
LINE
  5
1141
100
AcDbEntity
  8
0
  6
ByLayer
 62
  256
370
   -1
100
AcDbLine
 10
9.555426778722619
 20
-0.7591368973002925
 11
9.555426778722619
 21
0.007187182144706483
  0
LINE
  5
1142
100
AcDbEntity
  8
0
  6
ByLayer
 62
  256
370
   -1
100
AcDbLine
 10
8.955426778722709
 20
0.007187182144706483
 11
9.555426778722619
 21
0.007187182144706483
  0
LINE
  5
1143
100
AcDbEntity
  8
0
  6
ByLayer
 62
  256
370
   -1
100
AcDbLine
 10
8.955426778722709
 20
0.007187182144706483
 11
8.955426778722709
 21
-0.0008128178553441501
  0
LINE
  5
1144
100
AcDbEntity
  8
0
  6
ByLayer
 62
  256
370
   -1
100
AcDbLine
 10
8.955426778722709
 20
-0.0008128178553441501
 11
8.955426778722709
 21
-0.1848128178553434
  0
LINE
  5
1145
100
AcDbEntity
  8
0
  6
ByLayer
 62
  256
370
   -1
100
AcDbLine
 10
8.955426778722709
 20
-0.1848128178553434
 11
8.955426778722709
 21
-0.1928128178552928
  0
LINE
  5
1146
100
AcDbEntity
  8
0
  6
ByLayer
 62
  256
370
   -1
100
AcDbLine
 10
8.955426778722709
 20
-0.1928128178552928
 11
8.955426778722709
 21
-0.7591368973002925
  0
LINE
  5
1147
100
AcDbEntity
  8
0
  6
ByLayer
 62
  256
370
   -1
100
AcDbLine
 10
8.955426778722709
 20
1.207187182144706
 11
8.75542677872372
 21
1.207187182144706
  0
LINE
  5
1148
100
AcDbEntity
  8
0
  6
ByLayer
 62
  256
370
   -1
100
AcDbLine
 10
8.75542677872372
 20
0.007187182144706483
 11
8.955426778722709
 21
0.007187182144706483
  0
LINE
  5
1149
100
AcDbEntity
  8
0
  6
ByLayer
 62
  256
370
   -1
100
AcDbLine
 10
8.955426778722709
 20
-0.0008128178553441501
 11
8.955426778722709
 21
-0.1848128178553434
  0
LINE
  5
114A
100
AcDbEntity
  8
0
  6
ByLayer
 62
  256
370
   -1
100
AcDbLine
 10
8.86642677872271
 20
-0.0008128178553441501
 11
8.955426778722709
 21
-0.0008128178553441501
  0
ARC
  5
114B
100
AcDbEntity
  8
0
  6
ByLayer
 62
  256
370
   -1
100
AcDbCircle
 10
8.86642677872271
 20
-0.005812817855423091
 40
0.0049999999999931
100
AcDbArc
 50
90
 51
180
  0
LINE
  5
114C
100
AcDbEntity
  8
0
  6
ByLayer
 62
  256
370
   -1
100
AcDbLine
 10
8.861426778722668
 20
-0.005812817855423091
 11
8.861426778722668
 21
-0.1798128178553533
  0
ARC
  5
114D
100
AcDbEntity
  8
0
  6
ByLayer
 62
  256
370
   -1
100
AcDbCircle
 10
8.86642677872271
 20
-0.1798128178553533
 40
0.0050000000000393
100
AcDbArc
 50
180
 51
270
  0
LINE
  5
114E
100
AcDbEntity
  8
0
  6
ByLayer
 62
  256
370
   -1
100
AcDbLine
 10
8.955426778722709
 20
-0.1848128178553434
 11
8.86642677872271
 21
-0.1848128178553434
  0
LINE
  5
114F
100
AcDbEntity
  8
0
  6
ByLayer
 62
  256
370
   -1
100
AcDbLine
 10
8.75542677872372
 20
2.155835459073057
 11
8.75542677872372
 21
1.996388513223506
  0
LINE
  5
1150
100
AcDbEntity
  8
0
  6
ByLayer
 62
  256
370
   -1
100
AcDbLine
 10
8.75542677872372
 20
1.996388513223506
 11
8.955426778722709
 21
1.996388513223506
  0
LINE
  5
1151
100
AcDbEntity
  8
0
  6
ByLayer
 62
  256
370
   -1
100
AcDbLine
 10
8.955426778722709
 20
2.155835459073057
 11
8.955426778722709
 21
1.996388513223506
  0
LINE
  5
1152
100
AcDbEntity
  8
0
  6
ByLayer
 62
  256
370
   -1
100
AcDbLine
 10
8.955426778722709
 20
2.155835459073057
 11
8.75542677872372
 21
2.155835459073057
  0
LINE
  5
1153
100
AcDbEntity
  8
0
  6
ByLayer
 62
  256
370
   -1
100
AcDbLine
 10
8.955426778722709
 20
-0.1848128178553434
 11
8.955426778722709
 21
-0.1928128178552928
  0
LINE
  5
1154
100
AcDbEntity
  8
0
  6
ByLayer
 62
  256
370
   -1
100
AcDbLine
 10
8.955426778722709
 20
-0.1848128178553434
 11
8.86642677872271
 21
-0.1848128178553434
  0
ARC
  5
1155
100
AcDbEntity
  8
0
  6
ByLayer
 62
  256
370
   -1
100
AcDbCircle
 10
8.86642677872271
 20
-0.1798128178553533
 40
0.0050000000000393
100
AcDbArc
 50
180
 51
270
  0
LINE
  5
1156
100
AcDbEntity
  8
0
  6
ByLayer
 62
  256
370
   -1
100
AcDbLine
 10
8.861426778722668
 20
-0.005812817855423091
 11
8.861426778722668
 21
-0.1798128178553533
  0
ARC
  5
1157
100
AcDbEntity
  8
0
  6
ByLayer
 62
  256
370
   -1
100
AcDbCircle
 10
8.86642677872271
 20
-0.005812817855423091
 40
0.0049999999999931
100
AcDbArc
 50
90
 51
180
  0
LINE
  5
1158
100
AcDbEntity
  8
0
  6
ByLayer
 62
  256
370
   -1
100
AcDbLine
 10
8.86642677872271
 20
-0.0008128178553441501
 11
8.955426778722709
 21
-0.0008128178553441501
  0
LINE
  5
1159
100
AcDbEntity
  8
0
  6
ByLayer
 62
  256
370
   -1
100
AcDbLine
 10
8.955426778722709
 20
0.007187182144706483
 11
8.955426778722709
 21
-0.0008128178553441501
  0
LINE
  5
115A
100
AcDbEntity
  8
0
  6
ByLayer
 62
  256
370
   -1
100
AcDbLine
 10
8.75542677872372
 20
0.007187182144706483
 11
8.955426778722709
 21
0.007187182144706483
  0
LINE
  5
115B
100
AcDbEntity
  8
0
  6
ByLayer
 62
  256
370
   -1
100
AcDbLine
 10
8.75542677872372
 20
-0.0008128178553441501
 11
8.75542677872372
 21
0.007187182144706483
  0
LINE
  5
115C
100
AcDbEntity
  8
0
  6
ByLayer
 62
  256
370
   -1
100
AcDbLine
 10
8.75542677872372
 20
-0.0008128178553441501
 11
8.844426778723719
 21
-0.0008128178553441501
  0
ARC
  5
115D
100
AcDbEntity
  8
0
  6
ByLayer
 62
  256
370
   -1
100
AcDbCircle
 10
8.844426778723719
 20
-0.005812817855423091
 40
0.0049999999998545
100
AcDbArc
 50
0
 51
90
  0
LINE
  5
115E
100
AcDbEntity
  8
0
  6
ByLayer
 62
  256
370
   -1
100
AcDbLine
 10
8.849426778723579
 20
-0.005812817855423091
 11
8.849426778722648
 21
-0.1798128178553533
  0
ARC
  5
115F
100
AcDbEntity
  8
0
  6
ByLayer
 62
  256
370
   -1
100
AcDbCircle
 10
8.844426778723719
 20
-0.1798128178553533
 40
0.0049999999999931
100
AcDbArc
 50
270
 51
0
  0
LINE
  5
1160
100
AcDbEntity
  8
0
  6
ByLayer
 62
  256
370
   -1
100
AcDbLine
 10
8.844426778723719
 20
-0.1848128178553434
 11
8.75542677872372
 21
-0.1848128178553434
  0
LINE
  5
1161
100
AcDbEntity
  8
0
  6
ByLayer
 62
  256
370
   -1
100
AcDbLine
 10
8.75542677872372
 20
-0.1928128178552928
 11
8.75542677872372
 21
-0.1848128178553434
  0
LINE
  5
1162
100
AcDbEntity
  8
0
  6
ByLayer
 62
  256
370
   -1
100
AcDbLine
 10
8.955426778722709
 20
-0.1928128178552928
 11
8.75542677872372
 21
-0.1928128178552928
  0
LINE
  5
1163
100
AcDbEntity
  8
0
  6
ByLayer
 62
  256
370
   -1
100
AcDbLine
 10
10.75542677872373
 20
2.155835459073057
 11
10.75542677872373
 21
1.996388513223506
  0
LINE
  5
1164
100
AcDbEntity
  8
0
  6
ByLayer
 62
  256
370
   -1
100
AcDbLine
 10
10.75542677872373
 20
1.996388513223506
 11
10.95542677872364
 21
1.996388513223506
  0
LINE
  5
1165
100
AcDbEntity
  8
0
  6
ByLayer
 62
  256
370
   -1
100
AcDbLine
 10
10.95542677872364
 20
1.996388513223506
 11
10.95542677872364
 21
2.155835459073057
  0
LINE
  5
1166
100
AcDbEntity
  8
0
  6
ByLayer
 62
  256
370
   -1
100
AcDbLine
 10
10.95542677872364
 20
2.155835459073057
 11
10.75542677872373
 21
2.155835459073057
  0
LINE
  5
1167
100
AcDbEntity
  8
0
  6
ByLayer
 62
  256
370
   -1
100
AcDbLine
 10
8.955426778722709
 20
1.399187182144567
 11
8.955426778722709
 21
1.215187182144657
  0
LINE
  5
1168
100
AcDbEntity
  8
0
  6
ByLayer
 62
  256
370
   -1
100
AcDbLine
 10
8.86642677872271
 20
1.399187182144567
 11
8.955426778722709
 21
1.399187182144567
  0
ARC
  5
1169
100
AcDbEntity
  8
0
  6
ByLayer
 62
  256
370
   -1
100
AcDbCircle
 10
8.86642677872271
 20
1.394187182144687
 40
0.0049999999999931
100
AcDbArc
 50
90
 51
180
  0
LINE
  5
116A
100
AcDbEntity
  8
0
  6
ByLayer
 62
  256
370
   -1
100
AcDbLine
 10
8.861426778722668
 20
1.394187182144687
 11
8.861426778722668
 21
1.220187182144656
  0
ARC
  5
116B
100
AcDbEntity
  8
0
  6
ByLayer
 62
  256
370
   -1
100
AcDbCircle
 10
8.86642677872271
 20
1.220187182144656
 40
0.0050000000000393
100
AcDbArc
 50
180
 51
270
  0
LINE
  5
116C
100
AcDbEntity
  8
0
  6
ByLayer
 62
  256
370
   -1
100
AcDbLine
 10
8.955426778722709
 20
1.215187182144657
 11
8.86642677872271
 21
1.215187182144657
  0
LINE
  5
116D
100
AcDbEntity
  8
0
  6
ByLayer
 62
  256
370
   -1
100
AcDbLine
 10
6.755426778723713
 20
2.155835459073057
 11
6.755426778723713
 21
1.996388513223506
  0
LINE
  5
116E
100
AcDbEntity
  8
0
  6
ByLayer
 62
  256
370
   -1
100
AcDbLine
 10
6.755426778723713
 20
1.996388513223506
 11
6.9554267787227
 21
1.996388513223506
  0
LINE
  5
116F
100
AcDbEntity
  8
0
  6
ByLayer
 62
  256
370
   -1
100
AcDbLine
 10
6.9554267787227
 20
2.155835459073057
 11
6.9554267787227
 21
1.996388513223506
  0
LINE
  5
1170
100
AcDbEntity
  8
0
  6
ByLayer
 62
  256
370
   -1
100
AcDbLine
 10
6.9554267787227
 20
2.155835459073057
 11
6.755426778723713
 21
2.155835459073057
  0
LINE
  5
1171
100
AcDbEntity
  8
0
  6
ByLayer
 62
  256
370
   -1
100
AcDbLine
 10
5.154447613327743
 20
2.282905761767967
 11
5.276536925160652
 21
2.282905761767967
  0
LINE
  5
1172
100
AcDbEntity
  8
0
  6
ByLayer
 62
  256
370
   -1
100
AcDbLine
 10
5.154447613327743
 20
2.282905761767967
 11
5.154447613327743
 21
1.869318210528597
  0
LINE
  5
1173
100
AcDbEntity
  8
0
  6
ByLayer
 62
  256
370
   -1
100
AcDbLine
 10
5.276536925160652
 20
1.869318210528597
 11
5.154447613327743
 21
1.869318210528597
  0
LINE
  5
1174
100
AcDbEntity
  8
0
  6
ByLayer
 62
  256
370
   -1
100
AcDbLine
 10
5.276536925160652
 20
2.282905761767967
 11
5.276536925160652
 21
1.869318210528597
  0
LINE
  5
1175
100
AcDbEntity
  8
0
  6
ByLayer
 62
  256
370
   -1
100
AcDbLine
 10
5.276536925160652
 20
-0.6320665946053339
 11
5.470320405065674
 21
-0.6320665946053339
  0
LINE
  5
1176
100
AcDbEntity
  8
0
  6
ByLayer
 62
  256
370
   -1
100
AcDbLine
 10
5.276536925160652
 20
-0.6320665946053339
 11
5.276536925160652
 21
-1.045654145844804
  0
LINE
  5
1177
100
AcDbEntity
  8
0
  6
ByLayer
 62
  256
370
   -1
100
AcDbLine
 10
5.470320405065674
 20
-1.045654145844804
 11
5.276536925160652
 21
-1.045654145844804
  0
LINE
  5
1178
100
AcDbEntity
  8
0
  6
ByLayer
 62
  256
370
   -1
100
AcDbLine
 10
5.470320405065674
 20
-0.9185838431498929
 11
5.470320405065674
 21
-1.045654145844804
  0
LINE
  5
1179
100
AcDbEntity
  8
0
  6
ByLayer
 62
  256
370
   -1
100
AcDbLine
 10
5.470320405065674
 20
-0.7591368973002925
 11
5.470320405065674
 21
-0.9185838431498929
  0
LINE
  5
117A
100
AcDbEntity
  8
0
  6
ByLayer
 62
  256
370
   -1
100
AcDbLine
 10
5.470320405065674
 20
-0.6320665946053339
 11
5.470320405065674
 21
-0.7591368973002925
  0
LINE
  5
117B
100
AcDbEntity
  8
0
  6
ByLayer
 62
  256
370
   -1
100
AcDbLine
 10
6.755426778723713
 20
2.207187182144716
 11
6.755426778723713
 21
2.155835459073057
  0
LINE
  5
117C
100
AcDbEntity
  8
0
  6
ByLayer
 62
  256
370
   -1
100
AcDbLine
 10
6.9554267787227
 20
2.155835459073057
 11
6.755426778723713
 21
2.155835459073057
  0
LINE
  5
117D
100
AcDbEntity
  8
0
  6
ByLayer
 62
  256
370
   -1
100
AcDbLine
 10
6.9554267787227
 20
2.207187182144716
 11
6.9554267787227
 21
2.155835459073057
  0
LINE
  5
117E
100
AcDbEntity
  8
0
  6
ByLayer
 62
  256
370
   -1
100
AcDbLine
 10
6.9554267787227
 20
2.207187182144716
 11
6.755426778723713
 21
2.207187182144716
  0
LINE
  5
117F
100
AcDbEntity
  8
0
  6
ByLayer
 62
  256
370
   -1
100
AcDbLine
 10
8.15542677872363
 20
-0.7591368973002925
 11
7.555426778723717
 21
-0.7591368973002925
  0
LINE
  5
1180
100
AcDbEntity
  8
0
  6
ByLayer
 62
  256
370
   -1
100
AcDbLine
 10
8.15542677872363
 20
-0.7591368973002925
 11
8.15542677872363
 21
0.007187182144706483
  0
LINE
  5
1181
100
AcDbEntity
  8
0
  6
ByLayer
 62
  256
370
   -1
100
AcDbLine
 10
7.555426778723717
 20
0.007187182144706483
 11
8.15542677872363
 21
0.007187182144706483
  0
LINE
  5
1182
100
AcDbEntity
  8
0
  6
ByLayer
 62
  256
370
   -1
100
AcDbLine
 10
7.555426778723717
 20
-0.7591368973002925
 11
7.555426778723717
 21
0.007187182144706483
  0
LINE
  5
1183
100
AcDbEntity
  8
0
  6
ByLayer
 62
  256
370
   -1
100
AcDbLine
 10
8.75542677872372
 20
2.207187182144716
 11
8.75542677872372
 21
2.155835459073057
  0
LINE
  5
1184
100
AcDbEntity
  8
0
  6
ByLayer
 62
  256
370
   -1
100
AcDbLine
 10
8.955426778722709
 20
2.155835459073057
 11
8.75542677872372
 21
2.155835459073057
  0
LINE
  5
1185
100
AcDbEntity
  8
0
  6
ByLayer
 62
  256
370
   -1
100
AcDbLine
 10
8.955426778722709
 20
2.207187182144716
 11
8.955426778722709
 21
2.155835459073057
  0
LINE
  5
1186
100
AcDbEntity
  8
0
  6
ByLayer
 62
  256
370
   -1
100
AcDbLine
 10
8.955426778722709
 20
2.207187182144716
 11
8.75542677872372
 21
2.207187182144716
  0
LINE
  5
1187
100
AcDbEntity
  8
0
  6
ByLayer
 62
  256
370
   -1
100
AcDbLine
 10
8.955426778722709
 20
1.996388513223506
 11
8.955426778722709
 21
1.407187182144707
  0
LINE
  5
1188
100
AcDbEntity
  8
0
  6
ByLayer
 62
  256
370
   -1
100
AcDbLine
 10
8.75542677872372
 20
1.996388513223506
 11
8.955426778722709
 21
1.996388513223506
  0
LINE
  5
1189
100
AcDbEntity
  8
0
  6
ByLayer
 62
  256
370
   -1
100
AcDbLine
 10
8.75542677872372
 20
1.996388513223506
 11
8.75542677872372
 21
1.407187182144707
  0
LINE
  5
118A
100
AcDbEntity
  8
0
  6
ByLayer
 62
  256
370
   -1
100
AcDbLine
 10
8.75542677872372
 20
1.407187182144707
 11
8.955426778722709
 21
1.407187182144707
  0
LINE
  5
118B
100
AcDbEntity
  8
0
  6
ByLayer
 62
  256
370
   -1
100
AcDbLine
 10
10.75542677872373
 20
1.996388513223506
 11
10.95542677872364
 21
1.996388513223506
  0
LINE
  5
118C
100
AcDbEntity
  8
0
  6
ByLayer
 62
  256
370
   -1
100
AcDbLine
 10
10.75542677872373
 20
1.996388513223506
 11
10.75542677872373
 21
1.407187182144707
  0
LINE
  5
118D
100
AcDbEntity
  8
0
  6
ByLayer
 62
  256
370
   -1
100
AcDbLine
 10
10.75542677872373
 20
1.407187182144707
 11
10.95542677872364
 21
1.407187182144707
  0
LINE
  5
118E
100
AcDbEntity
  8
0
  6
ByLayer
 62
  256
370
   -1
100
AcDbLine
 10
10.95542677872364
 20
1.407187182144707
 11
10.95542677872364
 21
1.996388513223506
  0
LINE
  5
118F
100
AcDbEntity
  8
0
  6
ByLayer
 62
  256
370
   -1
100
AcDbLine
 10
5.154447613327743
 20
-1.045654145844804
 11
4.957160537356809
 21
-1.045654145844804
  0
LINE
  5
1190
100
AcDbEntity
  8
0
  6
ByLayer
 62
  256
370
   -1
100
AcDbLine
 10
5.154447613327743
 20
-0.6320665946053339
 11
5.154447613327743
 21
-1.045654145844804
  0
LINE
  5
1191
100
AcDbEntity
  8
0
  6
ByLayer
 62
  256
370
   -1
100
AcDbLine
 10
5.276536925160652
 20
-1.045654145844804
 11
5.154447613327743
 21
-1.045654145844804
  0
LINE
  5
1192
100
AcDbEntity
  8
0
  6
ByLayer
 62
  256
370
   -1
100
AcDbLine
 10
5.276536925160652
 20
-0.6320665946053339
 11
5.276536925160652
 21
-1.045654145844804
  0
LINE
  5
1193
100
AcDbEntity
  8
0
  6
ByLayer
 62
  256
370
   -1
100
AcDbLine
 10
5.154447613327743
 20
-0.6320665946053339
 11
5.276536925160652
 21
-0.6320665946053339
  0
LINE
  5
1194
100
AcDbEntity
  8
0
  6
ByLayer
 62
  256
370
   -1
100
AcDbLine
 10
5.154447613327743
 20
-0.6320665946053339
 11
5.154447613327743
 21
-1.045654145844804
  0
LINE
  5
1195
100
AcDbEntity
  8
0
  6
ByLayer
 62
  256
370
   -1
100
AcDbLine
 10
6.9554267787227
 20
-0.1848128178553434
 11
6.9554267787227
 21
-0.1928128178552928
  0
LINE
  5
1196
100
AcDbEntity
  8
0
  6
ByLayer
 62
  256
370
   -1
100
AcDbLine
 10
6.9554267787227
 20
-0.1928128178552928
 11
6.9554267787227
 21
-0.7591368973002925
  0
LINE
  5
1197
100
AcDbEntity
  8
0
  6
ByLayer
 62
  256
370
   -1
100
AcDbLine
 10
7.555426778723717
 20
-0.7591368973002925
 11
6.9554267787227
 21
-0.7591368973002925
  0
LINE
  5
1198
100
AcDbEntity
  8
0
  6
ByLayer
 62
  256
370
   -1
100
AcDbLine
 10
7.555426778723717
 20
-0.7591368973002925
 11
7.555426778723717
 21
0.007187182144706483
  0
LINE
  5
1199
100
AcDbEntity
  8
0
  6
ByLayer
 62
  256
370
   -1
100
AcDbLine
 10
6.9554267787227
 20
0.007187182144706483
 11
7.555426778723717
 21
0.007187182144706483
  0
LINE
  5
119A
100
AcDbEntity
  8
0
  6
ByLayer
 62
  256
370
   -1
100
AcDbLine
 10
6.9554267787227
 20
0.007187182144706483
 11
6.9554267787227
 21
-0.0008128178553441501
  0
LINE
  5
119B
100
AcDbEntity
  8
0
  6
ByLayer
 62
  256
370
   -1
100
AcDbLine
 10
6.9554267787227
 20
-0.0008128178553441501
 11
6.9554267787227
 21
-0.1848128178553434
  0
LINE
  5
119C
100
AcDbEntity
  8
0
  6
ByLayer
 62
  256
370
   -1
100
AcDbLine
 10
6.9554267787227
 20
-0.7591368973002925
 11
6.755426778723713
 21
-0.7591368973002925
  0
LINE
  5
119D
100
AcDbEntity
  8
0
  6
ByLayer
 62
  256
370
   -1
100
AcDbLine
 10
6.9554267787227
 20
-0.1928128178552928
 11
6.9554267787227
 21
-0.7591368973002925
  0
LINE
  5
119E
100
AcDbEntity
  8
0
  6
ByLayer
 62
  256
370
   -1
100
AcDbLine
 10
6.9554267787227
 20
-0.1928128178552928
 11
6.755426778723713
 21
-0.1928128178552928
  0
LINE
  5
119F
100
AcDbEntity
  8
0
  6
ByLayer
 62
  256
370
   -1
100
AcDbLine
 10
6.755426778723713
 20
-0.7591368973002925
 11
6.755426778723713
 21
-0.1928128178552928
  0
LINE
  5
11A0
100
AcDbEntity
  8
0
  6
ByLayer
 62
  256
370
   -1
100
AcDbLine
 10
6.755426778723713
 20
1.996388513223506
 11
6.755426778723713
 21
1.407187182144707
  0
LINE
  5
11A1
100
AcDbEntity
  8
0
  6
ByLayer
 62
  256
370
   -1
100
AcDbLine
 10
6.755426778723713
 20
1.407187182144707
 11
6.9554267787227
 21
1.407187182144707
  0
LINE
  5
11A2
100
AcDbEntity
  8
0
  6
ByLayer
 62
  256
370
   -1
100
AcDbLine
 10
6.9554267787227
 20
1.996388513223506
 11
6.9554267787227
 21
1.407187182144707
  0
LINE
  5
11A3
100
AcDbEntity
  8
0
  6
ByLayer
 62
  256
370
   -1
100
AcDbLine
 10
6.755426778723713
 20
1.996388513223506
 11
6.9554267787227
 21
1.996388513223506
  0
LINE
  5
11A4
100
AcDbEntity
  8
0
  6
ByLayer
 62
  256
370
   -1
100
AcDbLine
 10
8.955426778722709
 20
-0.7591368973002925
 11
8.955426778722709
 21
-0.9185838431498929
  0
LINE
  5
11A5
100
AcDbEntity
  8
0
  6
ByLayer
 62
  256
370
   -1
100
AcDbLine
 10
8.955426778722709
 20
-0.7591368973002925
 11
8.75542677872372
 21
-0.7591368973002925
  0
LINE
  5
11A6
100
AcDbEntity
  8
0
  6
ByLayer
 62
  256
370
   -1
100
AcDbLine
 10
8.75542677872372
 20
-0.9185838431498929
 11
8.75542677872372
 21
-0.7591368973002925
  0
LINE
  5
11A7
100
AcDbEntity
  8
0
  6
ByLayer
 62
  256
370
   -1
100
AcDbLine
 10
8.75542677872372
 20
-0.9185838431498929
 11
8.955426778722709
 21
-0.9185838431498929
  0
LINE
  5
11A8
100
AcDbEntity
  8
0
  6
ByLayer
 62
  256
370
   -1
100
AcDbLine
 10
8.75542677872372
 20
-0.1928128178552928
 11
8.75542677872372
 21
-0.1848128178553434
  0
LINE
  5
11A9
100
AcDbEntity
  8
0
  6
ByLayer
 62
  256
370
   -1
100
AcDbLine
 10
8.75542677872372
 20
-0.1848128178553434
 11
8.75542677872372
 21
-0.0008128178553441501
  0
LINE
  5
11AA
100
AcDbEntity
  8
0
  6
ByLayer
 62
  256
370
   -1
100
AcDbLine
 10
8.75542677872372
 20
-0.0008128178553441501
 11
8.75542677872372
 21
0.007187182144706483
  0
LINE
  5
11AB
100
AcDbEntity
  8
0
  6
ByLayer
 62
  256
370
   -1
100
AcDbLine
 10
8.15542677872363
 20
0.007187182144706483
 11
8.75542677872372
 21
0.007187182144706483
  0
LINE
  5
11AC
100
AcDbEntity
  8
0
  6
ByLayer
 62
  256
370
   -1
100
AcDbLine
 10
8.15542677872363
 20
-0.7591368973002925
 11
8.15542677872363
 21
0.007187182144706483
  0
LINE
  5
11AD
100
AcDbEntity
  8
0
  6
ByLayer
 62
  256
370
   -1
100
AcDbLine
 10
8.75542677872372
 20
-0.7591368973002925
 11
8.15542677872363
 21
-0.7591368973002925
  0
LINE
  5
11AE
100
AcDbEntity
  8
0
  6
ByLayer
 62
  256
370
   -1
100
AcDbLine
 10
8.75542677872372
 20
-0.7591368973002925
 11
8.75542677872372
 21
-0.1928128178552928
  0
LINE
  5
11AF
100
AcDbEntity
  8
0
  6
ByLayer
 62
  256
370
   -1
100
AcDbLine
 10
8.75542677872372
 20
-0.7591368973002925
 11
8.75542677872372
 21
-0.1928128178552928
  0
LINE
  5
11B0
100
AcDbEntity
  8
0
  6
ByLayer
 62
  256
370
   -1
100
AcDbLine
 10
8.955426778722709
 20
-0.7591368973002925
 11
8.75542677872372
 21
-0.7591368973002925
  0
LINE
  5
11B1
100
AcDbEntity
  8
0
  6
ByLayer
 62
  256
370
   -1
100
AcDbLine
 10
8.955426778722709
 20
-0.1928128178552928
 11
8.955426778722709
 21
-0.7591368973002925
  0
LINE
  5
11B2
100
AcDbEntity
  8
0
  6
ByLayer
 62
  256
370
   -1
100
AcDbLine
 10
8.955426778722709
 20
-0.1928128178552928
 11
8.75542677872372
 21
-0.1928128178552928
  0
LINE
  5
11B3
100
AcDbEntity
  8
0
  6
ByLayer
 62
  256
370
   -1
100
AcDbLine
 10
8.75542677872372
 20
-0.0008128178553441501
 11
8.844426778723719
 21
-0.0008128178553441501
  0
LINE
  5
11B4
100
AcDbEntity
  8
0
  6
ByLayer
 62
  256
370
   -1
100
AcDbLine
 10
8.75542677872372
 20
-0.1848128178553434
 11
8.75542677872372
 21
-0.0008128178553441501
  0
LINE
  5
11B5
100
AcDbEntity
  8
0
  6
ByLayer
 62
  256
370
   -1
100
AcDbLine
 10
8.844426778723719
 20
-0.1848128178553434
 11
8.75542677872372
 21
-0.1848128178553434
  0
ARC
  5
11B6
100
AcDbEntity
  8
0
  6
ByLayer
 62
  256
370
   -1
100
AcDbCircle
 10
8.844426778723719
 20
-0.1798128178553533
 40
0.0049999999999931
100
AcDbArc
 50
270
 51
0
  0
LINE
  5
11B7
100
AcDbEntity
  8
0
  6
ByLayer
 62
  256
370
   -1
100
AcDbLine
 10
8.849426778723579
 20
-0.005812817855423091
 11
8.849426778722648
 21
-0.1798128178553533
  0
ARC
  5
11B8
100
AcDbEntity
  8
0
  6
ByLayer
 62
  256
370
   -1
100
AcDbCircle
 10
8.844426778723719
 20
-0.005812817855423091
 40
0.0049999999998545
100
AcDbArc
 50
0
 51
90
  0
LINE
  5
11B9
100
AcDbEntity
  8
0
  6
ByLayer
 62
  256
370
   -1
100
AcDbLine
 10
10.15542677872364
 20
-0.7591368973002925
 11
10.15542677872364
 21
0.007187182144706483
  0
LINE
  5
11BA
100
AcDbEntity
  8
0
  6
ByLayer
 62
  256
370
   -1
100
AcDbLine
 10
9.555426778722619
 20
0.007187182144706483
 11
10.15542677872364
 21
0.007187182144706483
  0
LINE
  5
11BB
100
AcDbEntity
  8
0
  6
ByLayer
 62
  256
370
   -1
100
AcDbLine
 10
9.555426778722619
 20
-0.7591368973002925
 11
9.555426778722619
 21
0.007187182144706483
  0
LINE
  5
11BC
100
AcDbEntity
  8
0
  6
ByLayer
 62
  256
370
   -1
100
AcDbLine
 10
10.15542677872364
 20
-0.7591368973002925
 11
9.555426778722619
 21
-0.7591368973002925
  0
LINE
  5
11BD
100
AcDbEntity
  8
0
  6
ByLayer
 62
  256
370
   -1
100
AcDbLine
 10
10.75542677872373
 20
-0.7591368973002925
 11
10.15542677872364
 21
-0.7591368973002925
  0
LINE
  5
11BE
100
AcDbEntity
  8
0
  6
ByLayer
 62
  256
370
   -1
100
AcDbLine
 10
10.75542677872373
 20
-0.1928128178552928
 11
10.75542677872373
 21
-0.7591368973002925
  0
LINE
  5
11BF
100
AcDbEntity
  8
0
  6
ByLayer
 62
  256
370
   -1
100
AcDbLine
 10
10.75542677872373
 20
-0.1848128178553434
 11
10.75542677872373
 21
-0.1928128178552928
  0
LINE
  5
11C0
100
AcDbEntity
  8
0
  6
ByLayer
 62
  256
370
   -1
100
AcDbLine
 10
10.75542677872373
 20
-0.0008128178553441501
 11
10.75542677872373
 21
-0.1848128178553434
  0
LINE
  5
11C1
100
AcDbEntity
  8
0
  6
ByLayer
 62
  256
370
   -1
100
AcDbLine
 10
10.75542677872373
 20
0.007187182144706483
 11
10.75542677872373
 21
-0.0008128178553441501
  0
LINE
  5
11C2
100
AcDbEntity
  8
0
  6
ByLayer
 62
  256
370
   -1
100
AcDbLine
 10
10.15542677872364
 20
0.007187182144706483
 11
10.75542677872373
 21
0.007187182144706483
  0
LINE
  5
11C3
100
AcDbEntity
  8
0
  6
ByLayer
 62
  256
370
   -1
100
AcDbLine
 10
10.15542677872364
 20
-0.7591368973002925
 11
10.15542677872364
 21
0.007187182144706483
  0
LINE
  5
11C4
100
AcDbEntity
  8
0
  6
ByLayer
 62
  256
370
   -1
100
AcDbLine
 10
10.75542677872373
 20
-0.1928128178552928
 11
10.75542677872373
 21
-0.7591368973002925
  0
LINE
  5
11C5
100
AcDbEntity
  8
0
  6
ByLayer
 62
  256
370
   -1
100
AcDbLine
 10
10.95542677872364
 20
-0.7591368973002925
 11
10.75542677872373
 21
-0.7591368973002925
  0
LINE
  5
11C6
100
AcDbEntity
  8
0
  6
ByLayer
 62
  256
370
   -1
100
AcDbLine
 10
10.95542677872364
 20
-0.1928128178552928
 11
10.95542677872364
 21
-0.7591368973002925
  0
LINE
  5
11C7
100
AcDbEntity
  8
0
  6
ByLayer
 62
  256
370
   -1
100
AcDbLine
 10
10.95542677872364
 20
-0.1928128178552928
 11
10.75542677872373
 21
-0.1928128178552928
  0
LINE
  5
11C8
100
AcDbEntity
  8
0
  6
ByLayer
 62
  256
370
   -1
100
AcDbLine
 10
10.75542677872373
 20
1.399187182144567
 11
10.84442677872262
 21
1.399187182144567
  0
LINE
  5
11C9
100
AcDbEntity
  8
0
  6
ByLayer
 62
  256
370
   -1
100
AcDbLine
 10
10.75542677872373
 20
1.399187182144567
 11
10.75542677872373
 21
1.215187182144657
  0
LINE
  5
11CA
100
AcDbEntity
  8
0
  6
ByLayer
 62
  256
370
   -1
100
AcDbLine
 10
10.84442677872262
 20
1.215187182144657
 11
10.75542677872373
 21
1.215187182144657
  0
ARC
  5
11CB
100
AcDbEntity
  8
0
  6
ByLayer
 62
  256
370
   -1
100
AcDbCircle
 10
10.84442677872262
 20
1.220187182144656
 40
0.0049999999999931
100
AcDbArc
 50
270
 51
0
  0
LINE
  5
11CC
100
AcDbEntity
  8
0
  6
ByLayer
 62
  256
370
   -1
100
AcDbLine
 10
10.84942677872266
 20
1.394187182144687
 11
10.84942677872266
 21
1.220187182144656
  0
ARC
  5
11CD
100
AcDbEntity
  8
0
  6
ByLayer
 62
  256
370
   -1
100
AcDbCircle
 10
10.84442677872262
 20
1.394187182144687
 40
0.0050000000000393
100
AcDbArc
 50
0
 51
90
  0
LINE
  5
11CE
100
AcDbEntity
  8
0
  6
ByLayer
 62
  256
370
   -1
100
AcDbLine
 10
8.75542677872372
 20
1.399187182144567
 11
8.75542677872372
 21
1.215187182144657
  0
LINE
  5
11CF
100
AcDbEntity
  8
0
  6
ByLayer
 62
  256
370
   -1
100
AcDbLine
 10
8.844426778723719
 20
1.215187182144657
 11
8.75542677872372
 21
1.215187182144657
  0
ARC
  5
11D0
100
AcDbEntity
  8
0
  6
ByLayer
 62
  256
370
   -1
100
AcDbCircle
 10
8.844426778723719
 20
1.220187182144656
 40
0.0049999999999931
100
AcDbArc
 50
270
 51
0
  0
LINE
  5
11D1
100
AcDbEntity
  8
0
  6
ByLayer
 62
  256
370
   -1
100
AcDbLine
 10
8.849426778723579
 20
1.394187182144687
 11
8.849426778722648
 21
1.220187182144656
  0
ARC
  5
11D2
100
AcDbEntity
  8
0
  6
ByLayer
 62
  256
370
   -1
100
AcDbCircle
 10
8.844426778723719
 20
1.394187182144687
 40
0.0049999999998545
100
AcDbArc
 50
0
 51
90
  0
LINE
  5
11D3
100
AcDbEntity
  8
0
  6
ByLayer
 62
  256
370
   -1
100
AcDbLine
 10
8.75542677872372
 20
1.399187182144567
 11
8.844426778723719
 21
1.399187182144567
  0
LINE
  5
11D4
100
AcDbEntity
  8
0
  6
ByLayer
 62
  256
370
   -1
100
AcDbLine
 10
6.9554267787227
 20
1.399187182144567
 11
6.9554267787227
 21
1.215187182144657
  0
LINE
  5
11D5
100
AcDbEntity
  8
0
  6
ByLayer
 62
  256
370
   -1
100
AcDbLine
 10
6.866426778722701
 20
1.399187182144567
 11
6.9554267787227
 21
1.399187182144567
  0
ARC
  5
11D6
100
AcDbEntity
  8
0
  6
ByLayer
 62
  256
370
   -1
100
AcDbCircle
 10
6.866426778722701
 20
1.394187182144687
 40
0.0049999999999931
100
AcDbArc
 50
90
 51
180
  0
LINE
  5
11D7
100
AcDbEntity
  8
0
  6
ByLayer
 62
  256
370
   -1
100
AcDbLine
 10
6.861426778722663
 20
1.394187182144687
 11
6.861426778722663
 21
1.220187182144656
  0
ARC
  5
11D8
100
AcDbEntity
  8
0
  6
ByLayer
 62
  256
370
   -1
100
AcDbCircle
 10
6.866426778722701
 20
1.220187182144656
 40
0.0050000000000393
100
AcDbArc
 50
180
 51
270
  0
LINE
  5
11D9
100
AcDbEntity
  8
0
  6
ByLayer
 62
  256
370
   -1
100
AcDbLine
 10
6.9554267787227
 20
1.215187182144657
 11
6.866426778722701
 21
1.215187182144657
  0
LINE
  5
11DA
100
AcDbEntity
  8
0
  6
ByLayer
 62
  256
370
   -1
100
AcDbLine
 10
6.9554267787227
 20
1.207187182144706
 11
7.555426778723717
 21
1.207187182144706
  0
LINE
  5
11DB
100
AcDbEntity
  8
0
  6
ByLayer
 62
  256
370
   -1
100
AcDbLine
 10
6.9554267787227
 20
1.207187182144706
 11
6.755426778723713
 21
1.207187182144706
  0
LINE
  5
11DC
100
AcDbEntity
  8
0
  6
ByLayer
 62
  256
370
   -1
100
AcDbLine
 10
6.755426778723713
 20
0.007187182144706483
 11
6.9554267787227
 21
0.007187182144706483
  0
LINE
  5
11DD
100
AcDbEntity
  8
0
  6
ByLayer
 62
  256
370
   -1
100
AcDbLine
 10
6.9554267787227
 20
0.007187182144706483
 11
7.555426778723717
 21
0.007187182144706483
  0
LINE
  5
11DE
100
AcDbEntity
  8
0
  6
ByLayer
 62
  256
370
   -1
100
AcDbLine
 10
7.555426778723717
 20
0.007187182144706483
 11
8.15542677872363
 21
0.007187182144706483
  0
LINE
  5
11DF
100
AcDbEntity
  8
0
  6
ByLayer
 62
  256
370
   -1
100
AcDbLine
 10
8.15542677872363
 20
0.007187182144706483
 11
8.75542677872372
 21
0.007187182144706483
  0
LINE
  5
11E0
100
AcDbEntity
  8
0
  6
ByLayer
 62
  256
370
   -1
100
AcDbLine
 10
8.955426778722709
 20
1.207187182144706
 11
8.75542677872372
 21
1.207187182144706
  0
LINE
  5
11E1
100
AcDbEntity
  8
0
  6
ByLayer
 62
  256
370
   -1
100
AcDbLine
 10
8.955426778722709
 20
1.215187182144657
 11
8.955426778722709
 21
1.207187182144706
  0
LINE
  5
11E2
100
AcDbEntity
  8
0
  6
ByLayer
 62
  256
370
   -1
100
AcDbLine
 10
8.955426778722709
 20
1.215187182144657
 11
8.86642677872271
 21
1.215187182144657
  0
ARC
  5
11E3
100
AcDbEntity
  8
0
  6
ByLayer
 62
  256
370
   -1
100
AcDbCircle
 10
8.86642677872271
 20
1.220187182144656
 40
0.0050000000000393
100
AcDbArc
 50
180
 51
270
  0
LINE
  5
11E4
100
AcDbEntity
  8
0
  6
ByLayer
 62
  256
370
   -1
100
AcDbLine
 10
8.861426778722668
 20
1.394187182144687
 11
8.861426778722668
 21
1.220187182144656
  0
ARC
  5
11E5
100
AcDbEntity
  8
0
  6
ByLayer
 62
  256
370
   -1
100
AcDbCircle
 10
8.86642677872271
 20
1.394187182144687
 40
0.0049999999999931
100
AcDbArc
 50
90
 51
180
  0
LINE
  5
11E6
100
AcDbEntity
  8
0
  6
ByLayer
 62
  256
370
   -1
100
AcDbLine
 10
8.86642677872271
 20
1.399187182144567
 11
8.955426778722709
 21
1.399187182144567
  0
LINE
  5
11E7
100
AcDbEntity
  8
0
  6
ByLayer
 62
  256
370
   -1
100
AcDbLine
 10
8.955426778722709
 20
1.407187182144707
 11
8.955426778722709
 21
1.399187182144567
  0
LINE
  5
11E8
100
AcDbEntity
  8
0
  6
ByLayer
 62
  256
370
   -1
100
AcDbLine
 10
8.75542677872372
 20
1.407187182144707
 11
8.955426778722709
 21
1.407187182144707
  0
LINE
  5
11E9
100
AcDbEntity
  8
0
  6
ByLayer
 62
  256
370
   -1
100
AcDbLine
 10
8.75542677872372
 20
1.407187182144707
 11
8.75542677872372
 21
1.399187182144567
  0
LINE
  5
11EA
100
AcDbEntity
  8
0
  6
ByLayer
 62
  256
370
   -1
100
AcDbLine
 10
8.75542677872372
 20
1.399187182144567
 11
8.844426778723719
 21
1.399187182144567
  0
ARC
  5
11EB
100
AcDbEntity
  8
0
  6
ByLayer
 62
  256
370
   -1
100
AcDbCircle
 10
8.844426778723719
 20
1.394187182144687
 40
0.0049999999998545
100
AcDbArc
 50
0
 51
90
  0
LINE
  5
11EC
100
AcDbEntity
  8
0
  6
ByLayer
 62
  256
370
   -1
100
AcDbLine
 10
8.849426778723579
 20
1.394187182144687
 11
8.849426778722648
 21
1.220187182144656
  0
ARC
  5
11ED
100
AcDbEntity
  8
0
  6
ByLayer
 62
  256
370
   -1
100
AcDbCircle
 10
8.844426778723719
 20
1.220187182144656
 40
0.0049999999999931
100
AcDbArc
 50
270
 51
0
  0
LINE
  5
11EE
100
AcDbEntity
  8
0
  6
ByLayer
 62
  256
370
   -1
100
AcDbLine
 10
8.844426778723719
 20
1.215187182144657
 11
8.75542677872372
 21
1.215187182144657
  0
LINE
  5
11EF
100
AcDbEntity
  8
0
  6
ByLayer
 62
  256
370
   -1
100
AcDbLine
 10
8.75542677872372
 20
1.215187182144657
 11
8.75542677872372
 21
1.207187182144706
  0
LINE
  5
11F0
100
AcDbEntity
  8
0
  6
ByLayer
 62
  256
370
   -1
100
AcDbLine
 10
8.15542677872363
 20
1.207187182144706
 11
8.75542677872372
 21
1.207187182144706
  0
LINE
  5
11F1
100
AcDbEntity
  8
0
  6
ByLayer
 62
  256
370
   -1
100
AcDbLine
 10
7.555426778723717
 20
1.207187182144706
 11
8.15542677872363
 21
1.207187182144706
  0
LINE
  5
11F2
100
AcDbEntity
  8
0
  6
ByLayer
 62
  256
370
   -1
100
AcDbLine
 10
6.755426778723713
 20
1.399187182144567
 11
6.755426778723713
 21
1.215187182144657
  0
LINE
  5
11F3
100
AcDbEntity
  8
0
  6
ByLayer
 62
  256
370
   -1
100
AcDbLine
 10
6.844426778722603
 20
1.215187182144657
 11
6.755426778723713
 21
1.215187182144657
  0
ARC
  5
11F4
100
AcDbEntity
  8
0
  6
ByLayer
 62
  256
370
   -1
100
AcDbCircle
 10
6.844426778722603
 20
1.220187182144656
 40
0.0049999999999931
100
AcDbArc
 50
270
 51
0
  0
LINE
  5
11F5
100
AcDbEntity
  8
0
  6
ByLayer
 62
  256
370
   -1
100
AcDbLine
 10
6.849426778722641
 20
1.394187182144687
 11
6.849426778722641
 21
1.220187182144656
  0
ARC
  5
11F6
100
AcDbEntity
  8
0
  6
ByLayer
 62
  256
370
   -1
100
AcDbCircle
 10
6.844426778722603
 20
1.394187182144687
 40
0.0050000000000393
100
AcDbArc
 50
0
 51
90
  0
LINE
  5
11F7
100
AcDbEntity
  8
0
  6
ByLayer
 62
  256
370
   -1
100
AcDbLine
 10
6.755426778723713
 20
1.399187182144567
 11
6.844426778722603
 21
1.399187182144567
  0
LINE
  5
11F8
100
AcDbEntity
  8
0
  6
ByLayer
 62
  256
370
   -1
100
AcDbLine
 10
10.95542677872364
 20
1.207187182144706
 11
10.75542677872373
 21
1.207187182144706
  0
LINE
  5
11F9
100
AcDbEntity
  8
0
  6
ByLayer
 62
  256
370
   -1
100
AcDbLine
 10
10.15542677872364
 20
1.207187182144706
 11
10.75542677872373
 21
1.207187182144706
  0
LINE
  5
11FA
100
AcDbEntity
  8
0
  6
ByLayer
 62
  256
370
   -1
100
AcDbLine
 10
9.555426778722619
 20
1.207187182144706
 11
10.15542677872364
 21
1.207187182144706
  0
LINE
  5
11FB
100
AcDbEntity
  8
0
  6
ByLayer
 62
  256
370
   -1
100
AcDbLine
 10
9.555426778722619
 20
0.007187182144706483
 11
10.15542677872364
 21
0.007187182144706483
  0
LINE
  5
11FC
100
AcDbEntity
  8
0
  6
ByLayer
 62
  256
370
   -1
100
AcDbLine
 10
10.15542677872364
 20
0.007187182144706483
 11
10.75542677872373
 21
0.007187182144706483
  0
LINE
  5
11FD
100
AcDbEntity
  8
0
  6
ByLayer
 62
  256
370
   -1
100
AcDbLine
 10
10.75542677872373
 20
0.007187182144706483
 11
10.95542677872364
 21
0.007187182144706483
  0
LINE
  5
11FE
100
AcDbEntity
  8
0
  6
ByLayer
 62
  256
370
   -1
100
AcDbLine
 10
10.75542677872373
 20
1.215187182144657
 11
10.75542677872373
 21
1.207187182144706
  0
LINE
  5
11FF
100
AcDbEntity
  8
0
  6
ByLayer
 62
  256
370
   -1
100
AcDbLine
 10
10.75542677872373
 20
1.399187182144567
 11
10.75542677872373
 21
1.215187182144657
  0
LINE
  5
1200
100
AcDbEntity
  8
0
  6
ByLayer
 62
  256
370
   -1
100
AcDbLine
 10
10.75542677872373
 20
1.407187182144707
 11
10.75542677872373
 21
1.399187182144567
  0
LINE
  5
1201
100
AcDbEntity
  8
0
  6
ByLayer
 62
  256
370
   -1
100
AcDbLine
 10
10.75542677872373
 20
1.996388513223506
 11
10.75542677872373
 21
1.407187182144707
  0
LINE
  5
1202
100
AcDbEntity
  8
0
  6
ByLayer
 62
  256
370
   -1
100
AcDbLine
 10
10.15542677872364
 20
1.996388513223506
 11
10.75542677872373
 21
1.996388513223506
  0
LINE
  5
1203
100
AcDbEntity
  8
0
  6
ByLayer
 62
  256
370
   -1
100
AcDbLine
 10
10.15542677872364
 20
1.996388513223506
 11
10.15542677872364
 21
1.207187182144706
  0
LINE
  5
1204
100
AcDbEntity
  8
0
  6
ByLayer
 62
  256
370
   -1
100
AcDbLine
 10
10.15542677872364
 20
1.207187182144706
 11
10.75542677872373
 21
1.207187182144706
  0
LINE
  5
1205
100
AcDbEntity
  8
0
  6
ByLayer
 62
  256
370
   -1
100
AcDbLine
 10
6.755426778723713
 20
1.215187182144657
 11
6.755426778723713
 21
1.207187182144706
  0
LINE
  5
1206
100
AcDbEntity
  8
0
  6
ByLayer
 62
  256
370
   -1
100
AcDbLine
 10
6.9554267787227
 20
1.207187182144706
 11
6.755426778723713
 21
1.207187182144706
  0
LINE
  5
1207
100
AcDbEntity
  8
0
  6
ByLayer
 62
  256
370
   -1
100
AcDbLine
 10
6.9554267787227
 20
1.215187182144657
 11
6.9554267787227
 21
1.207187182144706
  0
LINE
  5
1208
100
AcDbEntity
  8
0
  6
ByLayer
 62
  256
370
   -1
100
AcDbLine
 10
6.9554267787227
 20
1.215187182144657
 11
6.866426778722701
 21
1.215187182144657
  0
ARC
  5
1209
100
AcDbEntity
  8
0
  6
ByLayer
 62
  256
370
   -1
100
AcDbCircle
 10
6.866426778722701
 20
1.220187182144656
 40
0.0050000000000393
100
AcDbArc
 50
180
 51
270
  0
LINE
  5
120A
100
AcDbEntity
  8
0
  6
ByLayer
 62
  256
370
   -1
100
AcDbLine
 10
6.861426778722663
 20
1.394187182144687
 11
6.861426778722663
 21
1.220187182144656
  0
ARC
  5
120B
100
AcDbEntity
  8
0
  6
ByLayer
 62
  256
370
   -1
100
AcDbCircle
 10
6.866426778722701
 20
1.394187182144687
 40
0.0049999999999931
100
AcDbArc
 50
90
 51
180
  0
LINE
  5
120C
100
AcDbEntity
  8
0
  6
ByLayer
 62
  256
370
   -1
100
AcDbLine
 10
6.866426778722701
 20
1.399187182144567
 11
6.9554267787227
 21
1.399187182144567
  0
LINE
  5
120D
100
AcDbEntity
  8
0
  6
ByLayer
 62
  256
370
   -1
100
AcDbLine
 10
6.9554267787227
 20
1.407187182144707
 11
6.9554267787227
 21
1.399187182144567
  0
LINE
  5
120E
100
AcDbEntity
  8
0
  6
ByLayer
 62
  256
370
   -1
100
AcDbLine
 10
6.755426778723713
 20
1.407187182144707
 11
6.9554267787227
 21
1.407187182144707
  0
LINE
  5
120F
100
AcDbEntity
  8
0
  6
ByLayer
 62
  256
370
   -1
100
AcDbLine
 10
6.755426778723713
 20
1.407187182144707
 11
6.755426778723713
 21
1.399187182144567
  0
LINE
  5
1210
100
AcDbEntity
  8
0
  6
ByLayer
 62
  256
370
   -1
100
AcDbLine
 10
6.755426778723713
 20
1.399187182144567
 11
6.844426778722603
 21
1.399187182144567
  0
ARC
  5
1211
100
AcDbEntity
  8
0
  6
ByLayer
 62
  256
370
   -1
100
AcDbCircle
 10
6.844426778722603
 20
1.394187182144687
 40
0.0050000000000393
100
AcDbArc
 50
0
 51
90
  0
LINE
  5
1212
100
AcDbEntity
  8
0
  6
ByLayer
 62
  256
370
   -1
100
AcDbLine
 10
6.849426778722641
 20
1.394187182144687
 11
6.849426778722641
 21
1.220187182144656
  0
ARC
  5
1213
100
AcDbEntity
  8
0
  6
ByLayer
 62
  256
370
   -1
100
AcDbCircle
 10
6.844426778722603
 20
1.220187182144656
 40
0.0049999999999931
100
AcDbArc
 50
270
 51
0
  0
LINE
  5
1214
100
AcDbEntity
  8
0
  6
ByLayer
 62
  256
370
   -1
100
AcDbLine
 10
6.844426778722603
 20
1.215187182144657
 11
6.755426778723713
 21
1.215187182144657
  0
LINE
  5
1215
100
AcDbEntity
  8
0
  6
ByLayer
 62
  256
370
   -1
100
AcDbLine
 10
4.956175983840456
 20
-0.632878152213733
 11
5.154447613327743
 21
-0.6320665946053339
  0
LINE
  5
1216
100
AcDbEntity
  8
0
  6
ByLayer
 62
  256
370
   -1
100
AcDbLine
 10
7.555426778723717
 20
2.407187182144717
 11
8.15542677872363
 21
1.207187182144706
  0
LINE
  5
1217
100
AcDbEntity
  8
0
  6
ByLayer
 62
  256
370
   -1
100
AcDbLine
 10
8.15542677872363
 20
2.407187182144717
 11
7.555426778723717
 21
1.207187182144706
  0
LINE
  5
1218
100
AcDbEntity
  8
0
  6
ByLayer
 62
  256
370
   -1
100
AcDbLine
 10
9.555426778722619
 20
0.007187182144706483
 11
10.15542677872364
 21
-1.192812817855303
  0
LINE
  5
1219
100
AcDbEntity
  8
0
  6
ByLayer
 62
  256
370
   -1
100
AcDbLine
 10
10.15542677872364
 20
0.007187182144706483
 11
9.555426778722619
 21
-1.192812817855303
  0
LINE
  5
121A
100
AcDbEntity
  8
0
  6
ByLayer
 62
  256
370
   -1
100
AcDbLine
 10
9.555426778722619
 20
2.407187182144717
 11
10.15542677872364
 21
1.207187182144706
  0
LINE
  5
121B
100
AcDbEntity
  8
0
  6
ByLayer
 62
  256
370
   -1
100
AcDbLine
 10
10.15542677872364
 20
1.207187182144706
 11
9.555426778722619
 21
1.207187182144706
  0
LINE
  5
121C
100
AcDbEntity
  8
0
  6
ByLayer
 62
  256
370
   -1
100
AcDbLine
 10
9.555426778722619
 20
1.207187182144706
 11
10.15542677872364
 21
2.407187182144717
  0
LINE
  5
121D
100
AcDbEntity
  8
0
  6
ByLayer
 62
  256
370
   -1
100
AcDbLine
 10
8.15542677872363
 20
0.007187182144706483
 11
7.555426778723717
 21
-1.192812817855303
  0
LINE
  5
121E
100
AcDbEntity
  8
0
  6
ByLayer
 62
  256
370
   -1
100
AcDbLine
 10
7.555426778723717
 20
-1.192812817855303
 11
8.15542677872363
 21
-1.192812817855303
  0
LINE
  5
121F
100
AcDbEntity
  8
0
  6
ByLayer
 62
  256
370
   -1
100
AcDbLine
 10
8.15542677872363
 20
-1.192812817855303
 11
7.555426778723717
 21
0.007187182144706483
  0
LINE
  5
1220
100
AcDbEntity
  8
0
  6
ByLayer
 62
  256
370
   -1
100
AcDbLine
 10
8.849426778723579
 20
-0.005813108598593075
 11
8.861426778722668
 21
-0.005812515019393061
  0
LINE
  5
1221
100
AcDbEntity
  8
0
  6
ByLayer
 62
  256
370
   -1
100
AcDbLine
 10
4.957160537356809
 20
1.869318210528597
 11
4.957160537356809
 21
2.282905761767967
  0
LINE
  5
1222
100
AcDbEntity
  8
0
  6
ByLayer
 62
  256
370
   -1
100
AcDbLine
 10
4.956175983840456
 20
-0.632878152213733
 11
4.957160537356809
 21
-1.045654145844804
  0
LWPOLYLINE
  5
1223
100
AcDbEntity
  8
h01_z01
  6
ByLayer
 62
  256
370
   -1
100
AcDbPolyline
 90
    4
 70
    1
 43
0
 10
5.042692967409872
 20
3.330955527626326
 10
12.24504212239175
 20
3.330955527626326
 10
12.24504212239175
 20
-2.369044472373881
 10
5.042692967409872
 20
-2.369044472373881
  0
ENDSEC
  0
SECTION
  2
OBJECTS
  0
DICTIONARY
  5
C
330
0
100
AcDbDictionary
281
    1
  3
ACAD_GROUP
350
D
  0
DICTIONARY
  5
D
330
C
100
AcDbDictionary
281
    1
  0
PLOTSETTINGS
  5
1224
100
AcDbPlotSettings
  6
1x1
 40
0
 41
0
 42
0
 43
0
  0
ENDSEC
  0
EOF
